index_id,index_name,trade_date,close,return_1d,source_provider,no_lookahead_status
sh000300,csi300,2023-01-03,3887.899,,akshare_sina,passed_current_or_past_only
sh000300,csi300,2023-01-04,3892.948,0.00129864,akshare_sina,passed_current_or_past_only
sh000300,csi300,2023-01-05,3968.578,0.01942744,akshare_sina,passed_current_or_past_only
sh000300,csi300,2023-01-06,3980.889,0.00310212,akshare_sina,passed_current_or_past_only
sh000300,csi300,2023-01-09,4013.12,0.00809643,akshare_sina,passed_current_or_past_only
sh000300,csi300,2023-01-10,4017.474,0.00108494,akshare_sina,passed_current_or_past_only
sh000300,csi300,2023-01-11,4010.031,-0.00185266,akshare_sina,passed_current_or_past_only
sh000300,csi300,2023-01-12,4017.869,0.0019546,akshare_sina,passed_current_or_past_only
sh000300,csi300,2023-01-13,4074.377,0.01406417,akshare_sina,passed_current_or_past_only
sh000300,csi300,2023-01-16,4137.964,0.01560656,akshare_sina,passed_current_or_past_only
sh000300,csi300,2023-01-17,4137.242,-0.00017448,akshare_sina,passed_current_or_past_only
sh000300,csi300,2023-01-18,4130.314,-0.00167455,akshare_sina,passed_current_or_past_only
sh000300,csi300,2023-01-19,4156.008,0.00622083,akshare_sina,passed_current_or_past_only
sh000300,csi300,2023-01-20,4181.527,0.00614027,akshare_sina,passed_current_or_past_only
sh000300,csi300,2023-01-30,4201.345,0.00473942,akshare_sina,passed_current_or_past_only
sh000300,csi300,2023-01-31,4156.858,-0.01058875,akshare_sina,passed_current_or_past_only
sh000300,csi300,2023-02-01,4195.933,0.00940013,akshare_sina,passed_current_or_past_only
sh000300,csi300,2023-02-02,4181.149,-0.00352341,akshare_sina,passed_current_or_past_only
sh000300,csi300,2023-02-03,4141.632,-0.00945123,akshare_sina,passed_current_or_past_only
sh000300,csi300,2023-02-06,4086.878,-0.01322039,akshare_sina,passed_current_or_past_only
sh000300,csi300,2023-02-07,4094.234,0.00179991,akshare_sina,passed_current_or_past_only
sh000300,csi300,2023-02-08,4076.141,-0.00441914,akshare_sina,passed_current_or_past_only
sh000300,csi300,2023-02-09,4130.857,0.01342348,akshare_sina,passed_current_or_past_only
sh000300,csi300,2023-02-10,4106.31,-0.00594235,akshare_sina,passed_current_or_past_only
sh000300,csi300,2023-02-13,4143.574,0.00907481,akshare_sina,passed_current_or_past_only
sh000300,csi300,2023-02-14,4145.29,0.00041414,akshare_sina,passed_current_or_past_only
sh000300,csi300,2023-02-15,4123.689,-0.00521097,akshare_sina,passed_current_or_past_only
sh000300,csi300,2023-02-16,4093.488,-0.00732378,akshare_sina,passed_current_or_past_only
sh000300,csi300,2023-02-17,4034.507,-0.01440849,akshare_sina,passed_current_or_past_only
sh000300,csi300,2023-02-20,4133.49,0.0245341,akshare_sina,passed_current_or_past_only
sh000300,csi300,2023-02-21,4144.354,0.00262829,akshare_sina,passed_current_or_past_only
sh000300,csi300,2023-02-22,4106.951,-0.00902505,akshare_sina,passed_current_or_past_only
sh000300,csi300,2023-02-23,4103.646,-0.00080473,akshare_sina,passed_current_or_past_only
sh000300,csi300,2023-02-24,4061.046,-0.01038101,akshare_sina,passed_current_or_past_only
sh000300,csi300,2023-02-27,4043.844,-0.00423585,akshare_sina,passed_current_or_past_only
sh000300,csi300,2023-02-28,4069.459,0.00633432,akshare_sina,passed_current_or_past_only
sh000300,csi300,2023-03-01,4126.942,0.01412546,akshare_sina,passed_current_or_past_only
sh000300,csi300,2023-03-02,4117.738,-0.00223022,akshare_sina,passed_current_or_past_only
sh000300,csi300,2023-03-03,4130.551,0.00311166,akshare_sina,passed_current_or_past_only
sh000300,csi300,2023-03-06,4109.01,-0.00521504,akshare_sina,passed_current_or_past_only
sh000300,csi300,2023-03-07,4048.852,-0.01464051,akshare_sina,passed_current_or_past_only
sh000300,csi300,2023-03-08,4034.108,-0.00364153,akshare_sina,passed_current_or_past_only
sh000300,csi300,2023-03-09,4019.851,-0.00353411,akshare_sina,passed_current_or_past_only
sh000300,csi300,2023-03-10,3967.135,-0.01311392,akshare_sina,passed_current_or_past_only
sh000300,csi300,2023-03-13,4008.686,0.01047381,akshare_sina,passed_current_or_past_only
sh000300,csi300,2023-03-14,3984.696,-0.0059845,akshare_sina,passed_current_or_past_only
sh000300,csi300,2023-03-15,3986.902,0.00055362,akshare_sina,passed_current_or_past_only
sh000300,csi300,2023-03-16,3939.151,-0.01197697,akshare_sina,passed_current_or_past_only
sh000300,csi300,2023-03-17,3958.819,0.00499295,akshare_sina,passed_current_or_past_only
sh000300,csi300,2023-03-20,3939.077,-0.00498684,akshare_sina,passed_current_or_past_only
sh000300,csi300,2023-03-21,3982.378,0.01099268,akshare_sina,passed_current_or_past_only
sh000300,csi300,2023-03-22,3999.443,0.00428513,akshare_sina,passed_current_or_past_only
sh000300,csi300,2023-03-23,4039.09,0.00991313,akshare_sina,passed_current_or_past_only
sh000300,csi300,2023-03-24,4027.046,-0.00298186,akshare_sina,passed_current_or_past_only
sh000300,csi300,2023-03-27,4012.477,-0.00361779,akshare_sina,passed_current_or_past_only
sh000300,csi300,2023-03-28,3999.515,-0.00323042,akshare_sina,passed_current_or_past_only
sh000300,csi300,2023-03-29,4006.144,0.00165745,akshare_sina,passed_current_or_past_only
sh000300,csi300,2023-03-30,4038.526,0.00808308,akshare_sina,passed_current_or_past_only
sh000300,csi300,2023-03-31,4050.926,0.00307043,akshare_sina,passed_current_or_past_only
sh000300,csi300,2023-04-03,4090.568,0.00978591,akshare_sina,passed_current_or_past_only
sh000300,csi300,2023-04-04,4103.105,0.00306486,akshare_sina,passed_current_or_past_only
sh000300,csi300,2023-04-06,4096.64,-0.00157564,akshare_sina,passed_current_or_past_only
sh000300,csi300,2023-04-07,4123.28,0.00650289,akshare_sina,passed_current_or_past_only
sh000300,csi300,2023-04-10,4104.812,-0.00447896,akshare_sina,passed_current_or_past_only
sh000300,csi300,2023-04-11,4100.148,-0.00113623,akshare_sina,passed_current_or_past_only
sh000300,csi300,2023-04-12,4097.288,-0.00069754,akshare_sina,passed_current_or_past_only
sh000300,csi300,2023-04-13,4068.979,-0.0069092,akshare_sina,passed_current_or_past_only
sh000300,csi300,2023-04-14,4091.999,0.00565744,akshare_sina,passed_current_or_past_only
sh000300,csi300,2023-04-17,4149.384,0.01402371,akshare_sina,passed_current_or_past_only
sh000300,csi300,2023-04-18,4162.032,0.00304816,akshare_sina,passed_current_or_past_only
sh000300,csi300,2023-04-19,4124.559,-0.00900353,akshare_sina,passed_current_or_past_only
sh000300,csi300,2023-04-20,4113.019,-0.00279787,akshare_sina,passed_current_or_past_only
sh000300,csi300,2023-04-21,4032.567,-0.01956033,akshare_sina,passed_current_or_past_only
sh000300,csi300,2023-04-24,3982.643,-0.0123802,akshare_sina,passed_current_or_past_only
sh000300,csi300,2023-04-25,3962.666,-0.00501602,akshare_sina,passed_current_or_past_only
sh000300,csi300,2023-04-26,3959.232,-0.00086659,akshare_sina,passed_current_or_past_only
sh000300,csi300,2023-04-27,3988.419,0.00737188,akshare_sina,passed_current_or_past_only
sh000300,csi300,2023-04-28,4029.086,0.01019627,akshare_sina,passed_current_or_past_only
sh000300,csi300,2023-05-04,4030.247,0.00028815,akshare_sina,passed_current_or_past_only
sh000300,csi300,2023-05-05,4016.877,-0.00331741,akshare_sina,passed_current_or_past_only
sh000300,csi300,2023-05-08,4062.662,0.01139816,akshare_sina,passed_current_or_past_only
sh000300,csi300,2023-05-09,4027.875,-0.00856261,akshare_sina,passed_current_or_past_only
sh000300,csi300,2023-05-10,3996.87,-0.00769761,akshare_sina,passed_current_or_past_only
sh000300,csi300,2023-05-11,3990.664,-0.00155271,akshare_sina,passed_current_or_past_only
sh000300,csi300,2023-05-12,3937.762,-0.01325644,akshare_sina,passed_current_or_past_only
sh000300,csi300,2023-05-15,3998.887,0.01552278,akshare_sina,passed_current_or_past_only
sh000300,csi300,2023-05-16,3978.205,-0.00517194,akshare_sina,passed_current_or_past_only
sh000300,csi300,2023-05-17,3960.165,-0.00453471,akshare_sina,passed_current_or_past_only
sh000300,csi300,2023-05-18,3956.07,-0.00103405,akshare_sina,passed_current_or_past_only
sh000300,csi300,2023-05-19,3944.54,-0.00291451,akshare_sina,passed_current_or_past_only
sh000300,csi300,2023-05-22,3969.328,0.00628413,akshare_sina,passed_current_or_past_only
sh000300,csi300,2023-05-23,3913.188,-0.01414345,akshare_sina,passed_current_or_past_only
sh000300,csi300,2023-05-24,3859.094,-0.01382351,akshare_sina,passed_current_or_past_only
sh000300,csi300,2023-05-25,3850.5,-0.00222695,akshare_sina,passed_current_or_past_only
sh000300,csi300,2023-05-26,3850.951,0.00011713,akshare_sina,passed_current_or_past_only
sh000300,csi300,2023-05-29,3833.942,-0.00441683,akshare_sina,passed_current_or_past_only
sh000300,csi300,2023-05-30,3837.753,0.00099402,akshare_sina,passed_current_or_past_only
sh000300,csi300,2023-05-31,3798.543,-0.01021692,akshare_sina,passed_current_or_past_only
sh000300,csi300,2023-06-01,3806.868,0.00219163,akshare_sina,passed_current_or_past_only
sh000300,csi300,2023-06-02,3861.834,0.01443864,akshare_sina,passed_current_or_past_only
sh000300,csi300,2023-06-05,3844.249,-0.00455354,akshare_sina,passed_current_or_past_only
sh000300,csi300,2023-06-06,3808.163,-0.00938701,akshare_sina,passed_current_or_past_only
sh000300,csi300,2023-06-07,3789.342,-0.00494228,akshare_sina,passed_current_or_past_only
sh000300,csi300,2023-06-08,3820.187,0.00813994,akshare_sina,passed_current_or_past_only
sh000300,csi300,2023-06-09,3836.703,0.00432335,akshare_sina,passed_current_or_past_only
sh000300,csi300,2023-06-12,3844.432,0.00201449,akshare_sina,passed_current_or_past_only
sh000300,csi300,2023-06-13,3864.907,0.00532588,akshare_sina,passed_current_or_past_only
sh000300,csi300,2023-06-14,3864.025,-0.00022821,akshare_sina,passed_current_or_past_only
sh000300,csi300,2023-06-15,3925.499,0.01590932,akshare_sina,passed_current_or_past_only
sh000300,csi300,2023-06-16,3963.351,0.0096426,akshare_sina,passed_current_or_past_only
sh000300,csi300,2023-06-19,3930.908,-0.00818575,akshare_sina,passed_current_or_past_only
sh000300,csi300,2023-06-20,3924.238,-0.00169681,akshare_sina,passed_current_or_past_only
sh000300,csi300,2023-06-21,3864.032,-0.01534209,akshare_sina,passed_current_or_past_only
sh000300,csi300,2023-06-26,3809.696,-0.014062,akshare_sina,passed_current_or_past_only
sh000300,csi300,2023-06-27,3845.433,0.00938054,akshare_sina,passed_current_or_past_only
sh000300,csi300,2023-06-28,3840.799,-0.00120507,akshare_sina,passed_current_or_past_only
sh000300,csi300,2023-06-29,3821.844,-0.00493517,akshare_sina,passed_current_or_past_only
sh000300,csi300,2023-06-30,3842.452,0.00539216,akshare_sina,passed_current_or_past_only
sh000300,csi300,2023-07-03,3892.882,0.01312443,akshare_sina,passed_current_or_past_only
sh000300,csi300,2023-07-04,3899.013,0.00157493,akshare_sina,passed_current_or_past_only
sh000300,csi300,2023-07-05,3868.805,-0.0077476,akshare_sina,passed_current_or_past_only
sh000300,csi300,2023-07-06,3842.755,-0.00673335,akshare_sina,passed_current_or_past_only
sh000300,csi300,2023-07-07,3825.699,-0.00443848,akshare_sina,passed_current_or_past_only
sh000300,csi300,2023-07-10,3844.327,0.00486918,akshare_sina,passed_current_or_past_only
sh000300,csi300,2023-07-11,3869.486,0.00654445,akshare_sina,passed_current_or_past_only
sh000300,csi300,2023-07-12,3843.437,-0.0067319,akshare_sina,passed_current_or_past_only
sh000300,csi300,2023-07-13,3898.423,0.01430647,akshare_sina,passed_current_or_past_only
sh000300,csi300,2023-07-14,3899.103,0.00017443,akshare_sina,passed_current_or_past_only
sh000300,csi300,2023-07-17,3867.175,-0.00818855,akshare_sina,passed_current_or_past_only
sh000300,csi300,2023-07-18,3854.939,-0.00316407,akshare_sina,passed_current_or_past_only
sh000300,csi300,2023-07-19,3850.866,-0.00105657,akshare_sina,passed_current_or_past_only
sh000300,csi300,2023-07-20,3823.695,-0.00705582,akshare_sina,passed_current_or_past_only
sh000300,csi300,2023-07-21,3821.91,-0.00046683,akshare_sina,passed_current_or_past_only
sh000300,csi300,2023-07-24,3805.221,-0.00436666,akshare_sina,passed_current_or_past_only
sh000300,csi300,2023-07-25,3915.115,0.02887979,akshare_sina,passed_current_or_past_only
sh000300,csi300,2023-07-26,3907.013,-0.00206942,akshare_sina,passed_current_or_past_only
sh000300,csi300,2023-07-27,3902.346,-0.00119452,akshare_sina,passed_current_or_past_only
sh000300,csi300,2023-07-28,3992.738,0.0231635,akshare_sina,passed_current_or_past_only
sh000300,csi300,2023-07-31,4014.63,0.00548295,akshare_sina,passed_current_or_past_only
sh000300,csi300,2023-08-01,3998.001,-0.0041421,akshare_sina,passed_current_or_past_only
sh000300,csi300,2023-08-02,3969.895,-0.00703001,akshare_sina,passed_current_or_past_only
sh000300,csi300,2023-08-03,4004.984,0.00883877,akshare_sina,passed_current_or_past_only
sh000300,csi300,2023-08-04,4020.579,0.0038939,akshare_sina,passed_current_or_past_only
sh000300,csi300,2023-08-07,3990.153,-0.00756757,akshare_sina,passed_current_or_past_only
sh000300,csi300,2023-08-08,3979.732,-0.00261168,akshare_sina,passed_current_or_past_only
sh000300,csi300,2023-08-09,3967.565,-0.00305724,akshare_sina,passed_current_or_past_only
sh000300,csi300,2023-08-10,3975.717,0.00205466,akshare_sina,passed_current_or_past_only
sh000300,csi300,2023-08-11,3884.254,-0.02300541,akshare_sina,passed_current_or_past_only
sh000300,csi300,2023-08-14,3855.906,-0.00729818,akshare_sina,passed_current_or_past_only
sh000300,csi300,2023-08-15,3846.536,-0.00243004,akshare_sina,passed_current_or_past_only
sh000300,csi300,2023-08-16,3818.334,-0.00733179,akshare_sina,passed_current_or_past_only
sh000300,csi300,2023-08-17,3831.101,0.0033436,akshare_sina,passed_current_or_past_only
sh000300,csi300,2023-08-18,3784.004,-0.01229333,akshare_sina,passed_current_or_past_only
sh000300,csi300,2023-08-21,3729.555,-0.01438926,akshare_sina,passed_current_or_past_only
sh000300,csi300,2023-08-22,3758.227,0.00768778,akshare_sina,passed_current_or_past_only
sh000300,csi300,2023-08-23,3696.634,-0.01638885,akshare_sina,passed_current_or_past_only
sh000300,csi300,2023-08-24,3723.429,0.00724849,akshare_sina,passed_current_or_past_only
sh000300,csi300,2023-08-25,3709.152,-0.00383437,akshare_sina,passed_current_or_past_only
sh000300,csi300,2023-08-28,3752.619,0.01171885,akshare_sina,passed_current_or_past_only
sh000300,csi300,2023-08-29,3790.107,0.00998982,akshare_sina,passed_current_or_past_only
sh000300,csi300,2023-08-30,3788.51,-0.00042136,akshare_sina,passed_current_or_past_only
sh000300,csi300,2023-08-31,3765.268,-0.00613487,akshare_sina,passed_current_or_past_only
sh000300,csi300,2023-09-01,3791.491,0.00696444,akshare_sina,passed_current_or_past_only
sh000300,csi300,2023-09-04,3848.952,0.01515525,akshare_sina,passed_current_or_past_only
sh000300,csi300,2023-09-05,3820.317,-0.00743969,akshare_sina,passed_current_or_past_only
sh000300,csi300,2023-09-06,3812.028,-0.00216972,akshare_sina,passed_current_or_past_only
sh000300,csi300,2023-09-07,3758.475,-0.01404843,akshare_sina,passed_current_or_past_only
sh000300,csi300,2023-09-08,3739.993,-0.00491742,akshare_sina,passed_current_or_past_only
sh000300,csi300,2023-09-11,3767.537,0.00736472,akshare_sina,passed_current_or_past_only
sh000300,csi300,2023-09-12,3760.605,-0.00183993,akshare_sina,passed_current_or_past_only
sh000300,csi300,2023-09-13,3736.651,-0.00636972,akshare_sina,passed_current_or_past_only
sh000300,csi300,2023-09-14,3733.508,-0.00084113,akshare_sina,passed_current_or_past_only
sh000300,csi300,2023-09-15,3708.777,-0.00662407,akshare_sina,passed_current_or_past_only
sh000300,csi300,2023-09-18,3727.711,0.00510519,akshare_sina,passed_current_or_past_only
sh000300,csi300,2023-09-19,3720.502,-0.00193389,akshare_sina,passed_current_or_past_only
sh000300,csi300,2023-09-20,3705.69,-0.00398118,akshare_sina,passed_current_or_past_only
sh000300,csi300,2023-09-21,3672.445,-0.00897134,akshare_sina,passed_current_or_past_only
sh000300,csi300,2023-09-22,3738.933,0.01810456,akshare_sina,passed_current_or_past_only
sh000300,csi300,2023-09-25,3714.604,-0.00650694,akshare_sina,passed_current_or_past_only
sh000300,csi300,2023-09-26,3692.893,-0.00584477,akshare_sina,passed_current_or_past_only
sh000300,csi300,2023-09-27,3700.495,0.00205855,akshare_sina,passed_current_or_past_only
sh000300,csi300,2023-09-28,3689.517,-0.00296663,akshare_sina,passed_current_or_past_only
sh000300,csi300,2023-10-09,3684.727,-0.00129827,akshare_sina,passed_current_or_past_only
sh000300,csi300,2023-10-10,3657.126,-0.00749065,akshare_sina,passed_current_or_past_only
sh000300,csi300,2023-10-11,3667.548,0.00284978,akshare_sina,passed_current_or_past_only
sh000300,csi300,2023-10-12,3702.382,0.0094979,akshare_sina,passed_current_or_past_only
sh000300,csi300,2023-10-13,3663.41,-0.0105262,akshare_sina,passed_current_or_past_only
sh000300,csi300,2023-10-16,3626.597,-0.01004883,akshare_sina,passed_current_or_past_only
sh000300,csi300,2023-10-17,3639.402,0.00353086,akshare_sina,passed_current_or_past_only
sh000300,csi300,2023-10-18,3610.577,-0.00792026,akshare_sina,passed_current_or_past_only
sh000300,csi300,2023-10-19,3533.545,-0.02133509,akshare_sina,passed_current_or_past_only
sh000300,csi300,2023-10-20,3510.589,-0.00649659,akshare_sina,passed_current_or_past_only
sh000300,csi300,2023-10-23,3474.244,-0.01035296,akshare_sina,passed_current_or_past_only
sh000300,csi300,2023-10-24,3487.13,0.00370901,akshare_sina,passed_current_or_past_only
sh000300,csi300,2023-10-25,3504.458,0.00496913,akshare_sina,passed_current_or_past_only
sh000300,csi300,2023-10-26,3514.145,0.00276419,akshare_sina,passed_current_or_past_only
sh000300,csi300,2023-10-27,3562.385,0.01372738,akshare_sina,passed_current_or_past_only
sh000300,csi300,2023-10-30,3583.772,0.00600356,akshare_sina,passed_current_or_past_only
sh000300,csi300,2023-10-31,3572.506,-0.00314362,akshare_sina,passed_current_or_past_only
sh000300,csi300,2023-11-01,3571.027,-0.000414,akshare_sina,passed_current_or_past_only
sh000300,csi300,2023-11-02,3554.189,-0.00471517,akshare_sina,passed_current_or_past_only
sh000300,csi300,2023-11-03,3584.136,0.00842583,akshare_sina,passed_current_or_past_only
sh000300,csi300,2023-11-06,3632.608,0.01352404,akshare_sina,passed_current_or_past_only
sh000300,csi300,2023-11-07,3619.759,-0.00353713,akshare_sina,passed_current_or_past_only
sh000300,csi300,2023-11-08,3611.072,-0.00239988,akshare_sina,passed_current_or_past_only
sh000300,csi300,2023-11-09,3612.826,0.00048573,akshare_sina,passed_current_or_past_only
sh000300,csi300,2023-11-10,3586.489,-0.00728986,akshare_sina,passed_current_or_past_only
sh000300,csi300,2023-11-13,3579.414,-0.00197268,akshare_sina,passed_current_or_past_only
sh000300,csi300,2023-11-14,3582.058,0.00073867,akshare_sina,passed_current_or_past_only
sh000300,csi300,2023-11-15,3607.245,0.00703143,akshare_sina,passed_current_or_past_only
sh000300,csi300,2023-11-16,3572.364,-0.00966971,akshare_sina,passed_current_or_past_only
sh000300,csi300,2023-11-17,3568.069,-0.00120229,akshare_sina,passed_current_or_past_only
sh000300,csi300,2023-11-20,3576.323,0.0023133,akshare_sina,passed_current_or_past_only
sh000300,csi300,2023-11-21,3581.067,0.0013265,akshare_sina,passed_current_or_past_only
sh000300,csi300,2023-11-22,3544.416,-0.01023466,akshare_sina,passed_current_or_past_only
sh000300,csi300,2023-11-23,3561.52,0.00482562,akshare_sina,passed_current_or_past_only
sh000300,csi300,2023-11-24,3538.009,-0.00660139,akshare_sina,passed_current_or_past_only
sh000300,csi300,2023-11-27,3511.942,-0.0073677,akshare_sina,passed_current_or_past_only
sh000300,csi300,2023-11-28,3518.523,0.00187389,akshare_sina,passed_current_or_past_only
sh000300,csi300,2023-11-29,3488.307,-0.00858769,akshare_sina,passed_current_or_past_only
sh000300,csi300,2023-11-30,3496.203,0.00226356,akshare_sina,passed_current_or_past_only
sh000300,csi300,2023-12-01,3482.881,-0.00381042,akshare_sina,passed_current_or_past_only
sh000300,csi300,2023-12-04,3460.138,-0.00652994,akshare_sina,passed_current_or_past_only
sh000300,csi300,2023-12-05,3394.257,-0.01903999,akshare_sina,passed_current_or_past_only
sh000300,csi300,2023-12-06,3399.598,0.00157354,akshare_sina,passed_current_or_past_only
sh000300,csi300,2023-12-07,3391.282,-0.00244617,akshare_sina,passed_current_or_past_only
sh000300,csi300,2023-12-08,3399.462,0.00241207,akshare_sina,passed_current_or_past_only
sh000300,csi300,2023-12-11,3419.455,0.00588122,akshare_sina,passed_current_or_past_only
sh000300,csi300,2023-12-12,3426.803,0.00214888,akshare_sina,passed_current_or_past_only
sh000300,csi300,2023-12-13,3369.605,-0.01669136,akshare_sina,passed_current_or_past_only
sh000300,csi300,2023-12-14,3351.964,-0.00523533,akshare_sina,passed_current_or_past_only
sh000300,csi300,2023-12-15,3341.552,-0.00310624,akshare_sina,passed_current_or_past_only
sh000300,csi300,2023-12-18,3329.366,-0.00364681,akshare_sina,passed_current_or_past_only
sh000300,csi300,2023-12-19,3334.041,0.00140417,akshare_sina,passed_current_or_past_only
sh000300,csi300,2023-12-20,3297.502,-0.01095937,akshare_sina,passed_current_or_past_only
sh000300,csi300,2023-12-21,3330.87,0.01011918,akshare_sina,passed_current_or_past_only
sh000300,csi300,2023-12-22,3337.228,0.00190881,akshare_sina,passed_current_or_past_only
sh000300,csi300,2023-12-25,3347.451,0.00306332,akshare_sina,passed_current_or_past_only
sh000300,csi300,2023-12-26,3324.79,-0.00676963,akshare_sina,passed_current_or_past_only
sh000300,csi300,2023-12-27,3336.357,0.00347902,akshare_sina,passed_current_or_past_only
sh000300,csi300,2023-12-28,3414.54,0.02343364,akshare_sina,passed_current_or_past_only
sh000300,csi300,2023-12-29,3431.11,0.00485278,akshare_sina,passed_current_or_past_only
sh000300,csi300,2024-01-02,3386.352,-0.01304476,akshare_sina,passed_current_or_past_only
sh000300,csi300,2024-01-03,3378.297,-0.00237867,akshare_sina,passed_current_or_past_only
sh000300,csi300,2024-01-04,3347.052,-0.00924874,akshare_sina,passed_current_or_past_only
sh000300,csi300,2024-01-05,3329.111,-0.00536024,akshare_sina,passed_current_or_past_only
sh000300,csi300,2024-01-08,3286.056,-0.01293288,akshare_sina,passed_current_or_past_only
sh000300,csi300,2024-01-09,3292.499,0.00196071,akshare_sina,passed_current_or_past_only
sh000300,csi300,2024-01-10,3277.129,-0.00466819,akshare_sina,passed_current_or_past_only
sh000300,csi300,2024-01-11,3295.672,0.00565831,akshare_sina,passed_current_or_past_only
sh000300,csi300,2024-01-12,3284.167,-0.00349094,akshare_sina,passed_current_or_past_only
sh000300,csi300,2024-01-15,3280.92,-0.00098868,akshare_sina,passed_current_or_past_only
sh000300,csi300,2024-01-16,3300.876,0.00608244,akshare_sina,passed_current_or_past_only
sh000300,csi300,2024-01-17,3229.082,-0.02174998,akshare_sina,passed_current_or_past_only
sh000300,csi300,2024-01-18,3274.729,0.01413622,akshare_sina,passed_current_or_past_only
sh000300,csi300,2024-01-19,3269.776,-0.00151249,akshare_sina,passed_current_or_past_only
sh000300,csi300,2024-01-22,3218.902,-0.01555886,akshare_sina,passed_current_or_past_only
sh000300,csi300,2024-01-23,3231.933,0.00404827,akshare_sina,passed_current_or_past_only
sh000300,csi300,2024-01-24,3277.109,0.01397801,akshare_sina,passed_current_or_past_only
sh000300,csi300,2024-01-25,3342.919,0.02008172,akshare_sina,passed_current_or_past_only
sh000300,csi300,2024-01-26,3333.821,-0.00272157,akshare_sina,passed_current_or_past_only
sh000300,csi300,2024-01-29,3303.96,-0.00895699,akshare_sina,passed_current_or_past_only
sh000300,csi300,2024-01-30,3245.039,-0.01783345,akshare_sina,passed_current_or_past_only
sh000300,csi300,2024-01-31,3215.352,-0.00914843,akshare_sina,passed_current_or_past_only
sh000300,csi300,2024-02-01,3217.711,0.00073367,akshare_sina,passed_current_or_past_only
sh000300,csi300,2024-02-02,3179.628,-0.01183543,akshare_sina,passed_current_or_past_only
sh000300,csi300,2024-02-05,3200.422,0.00653976,akshare_sina,passed_current_or_past_only
sh000300,csi300,2024-02-06,3311.692,0.03476729,akshare_sina,passed_current_or_past_only
sh000300,csi300,2024-02-07,3343.63,0.00964401,akshare_sina,passed_current_or_past_only
sh000300,csi300,2024-02-08,3364.93,0.00637032,akshare_sina,passed_current_or_past_only
sh000300,csi300,2024-02-19,3403.808,0.01155388,akshare_sina,passed_current_or_past_only
sh000300,csi300,2024-02-20,3410.854,0.00207003,akshare_sina,passed_current_or_past_only
sh000300,csi300,2024-02-21,3456.871,0.01349134,akshare_sina,passed_current_or_past_only
sh000300,csi300,2024-02-22,3486.675,0.00862167,akshare_sina,passed_current_or_past_only
sh000300,csi300,2024-02-23,3489.742,0.00087963,akshare_sina,passed_current_or_past_only
sh000300,csi300,2024-02-26,3453.359,-0.0104257,akshare_sina,passed_current_or_past_only
sh000300,csi300,2024-02-27,3494.787,0.01199644,akshare_sina,passed_current_or_past_only
sh000300,csi300,2024-02-28,3450.26,-0.01274098,akshare_sina,passed_current_or_past_only
sh000300,csi300,2024-02-29,3516.083,0.01907769,akshare_sina,passed_current_or_past_only
sh000300,csi300,2024-03-01,3537.804,0.00617761,akshare_sina,passed_current_or_past_only
sh000300,csi300,2024-03-04,3540.869,0.00086636,akshare_sina,passed_current_or_past_only
sh000300,csi300,2024-03-05,3565.514,0.00696016,akshare_sina,passed_current_or_past_only
sh000300,csi300,2024-03-06,3551.048,-0.0040572,akshare_sina,passed_current_or_past_only
sh000300,csi300,2024-03-07,3529.72,-0.00600611,akshare_sina,passed_current_or_past_only
sh000300,csi300,2024-03-08,3544.91,0.00430346,akshare_sina,passed_current_or_past_only
sh000300,csi300,2024-03-11,3589.264,0.01251202,akshare_sina,passed_current_or_past_only
sh000300,csi300,2024-03-12,3597.494,0.00229295,akshare_sina,passed_current_or_past_only
sh000300,csi300,2024-03-13,3572.361,-0.00698625,akshare_sina,passed_current_or_past_only
sh000300,csi300,2024-03-14,3562.223,-0.0028379,akshare_sina,passed_current_or_past_only
sh000300,csi300,2024-03-15,3569.993,0.00218122,akshare_sina,passed_current_or_past_only
sh000300,csi300,2024-03-18,3603.528,0.00939358,akshare_sina,passed_current_or_past_only
sh000300,csi300,2024-03-19,3577.63,-0.00718685,akshare_sina,passed_current_or_past_only
sh000300,csi300,2024-03-20,3585.384,0.00216736,akshare_sina,passed_current_or_past_only
sh000300,csi300,2024-03-21,3581.09,-0.00119764,akshare_sina,passed_current_or_past_only
sh000300,csi300,2024-03-22,3545.002,-0.01007738,akshare_sina,passed_current_or_past_only
sh000300,csi300,2024-03-25,3525.763,-0.00542708,akshare_sina,passed_current_or_past_only
sh000300,csi300,2024-03-26,3543.747,0.00510074,akshare_sina,passed_current_or_past_only
sh000300,csi300,2024-03-27,3502.787,-0.01155839,akshare_sina,passed_current_or_past_only
sh000300,csi300,2024-03-28,3520.965,0.00518958,akshare_sina,passed_current_or_past_only
sh000300,csi300,2024-03-29,3537.484,0.00469161,akshare_sina,passed_current_or_past_only
sh000300,csi300,2024-04-01,3595.647,0.01644191,akshare_sina,passed_current_or_past_only
sh000300,csi300,2024-04-02,3580.676,-0.00416365,akshare_sina,passed_current_or_past_only
sh000300,csi300,2024-04-03,3567.803,-0.00359513,akshare_sina,passed_current_or_past_only
sh000300,csi300,2024-04-08,3536.408,-0.00879953,akshare_sina,passed_current_or_past_only
sh000300,csi300,2024-04-09,3533.487,-0.00082598,akshare_sina,passed_current_or_past_only
sh000300,csi300,2024-04-10,3504.709,-0.00814436,akshare_sina,passed_current_or_past_only
sh000300,csi300,2024-04-11,3504.245,-0.00013239,akshare_sina,passed_current_or_past_only
sh000300,csi300,2024-04-12,3475.839,-0.00810617,akshare_sina,passed_current_or_past_only
sh000300,csi300,2024-04-15,3549.076,0.02107031,akshare_sina,passed_current_or_past_only
sh000300,csi300,2024-04-16,3511.115,-0.01069602,akshare_sina,passed_current_or_past_only
sh000300,csi300,2024-04-17,3565.403,0.01546176,akshare_sina,passed_current_or_past_only
sh000300,csi300,2024-04-18,3569.802,0.0012338,akshare_sina,passed_current_or_past_only
sh000300,csi300,2024-04-19,3541.662,-0.00788279,akshare_sina,passed_current_or_past_only
sh000300,csi300,2024-04-22,3530.905,-0.00303727,akshare_sina,passed_current_or_past_only
sh000300,csi300,2024-04-23,3506.225,-0.00698971,akshare_sina,passed_current_or_past_only
sh000300,csi300,2024-04-24,3521.622,0.00439133,akshare_sina,passed_current_or_past_only
sh000300,csi300,2024-04-25,3530.281,0.00245881,akshare_sina,passed_current_or_past_only
sh000300,csi300,2024-04-26,3584.269,0.01529283,akshare_sina,passed_current_or_past_only
sh000300,csi300,2024-04-29,3623.912,0.01106027,akshare_sina,passed_current_or_past_only
sh000300,csi300,2024-04-30,3604.394,-0.00538589,akshare_sina,passed_current_or_past_only
sh000300,csi300,2024-05-06,3657.877,0.01483828,akshare_sina,passed_current_or_past_only
sh000300,csi300,2024-05-07,3659.008,0.0003092,akshare_sina,passed_current_or_past_only
sh000300,csi300,2024-05-08,3630.223,-0.00786689,akshare_sina,passed_current_or_past_only
sh000300,csi300,2024-05-09,3664.561,0.00945892,akshare_sina,passed_current_or_past_only
sh000300,csi300,2024-05-10,3666.277,0.00046827,akshare_sina,passed_current_or_past_only
sh000300,csi300,2024-05-13,3664.691,-0.00043259,akshare_sina,passed_current_or_past_only
sh000300,csi300,2024-05-14,3657.045,-0.0020864,akshare_sina,passed_current_or_past_only
sh000300,csi300,2024-05-15,3626.056,-0.00847378,akshare_sina,passed_current_or_past_only
sh000300,csi300,2024-05-16,3640.359,0.00394451,akshare_sina,passed_current_or_past_only
sh000300,csi300,2024-05-17,3677.97,0.01033167,akshare_sina,passed_current_or_past_only
sh000300,csi300,2024-05-20,3690.962,0.00353238,akshare_sina,passed_current_or_past_only
sh000300,csi300,2024-05-21,3676.161,-0.00401007,akshare_sina,passed_current_or_past_only
sh000300,csi300,2024-05-22,3684.451,0.00225507,akshare_sina,passed_current_or_past_only
sh000300,csi300,2024-05-23,3641.792,-0.01157812,akshare_sina,passed_current_or_past_only
sh000300,csi300,2024-05-24,3601.475,-0.01107065,akshare_sina,passed_current_or_past_only
sh000300,csi300,2024-05-27,3635.708,0.00950527,akshare_sina,passed_current_or_past_only
sh000300,csi300,2024-05-28,3609.172,-0.00729872,akshare_sina,passed_current_or_past_only
sh000300,csi300,2024-05-29,3613.522,0.00120526,akshare_sina,passed_current_or_past_only
sh000300,csi300,2024-05-30,3594.312,-0.00531614,akshare_sina,passed_current_or_past_only
sh000300,csi300,2024-05-31,3579.925,-0.00400271,akshare_sina,passed_current_or_past_only
sh000300,csi300,2024-06-03,3588.748,0.00246458,akshare_sina,passed_current_or_past_only
sh000300,csi300,2024-06-04,3615.671,0.00750206,akshare_sina,passed_current_or_past_only
sh000300,csi300,2024-06-05,3594.794,-0.00577403,akshare_sina,passed_current_or_past_only
sh000300,csi300,2024-06-06,3592.245,-0.00070908,akshare_sina,passed_current_or_past_only
sh000300,csi300,2024-06-07,3574.114,-0.00504726,akshare_sina,passed_current_or_past_only
sh000300,csi300,2024-06-11,3542.877,-0.00873979,akshare_sina,passed_current_or_past_only
sh000300,csi300,2024-06-12,3544.123,0.00035169,akshare_sina,passed_current_or_past_only
sh000300,csi300,2024-06-13,3526.131,-0.00507657,akshare_sina,passed_current_or_past_only
sh000300,csi300,2024-06-14,3541.533,0.00436796,akshare_sina,passed_current_or_past_only
sh000300,csi300,2024-06-17,3536.199,-0.00150613,akshare_sina,passed_current_or_past_only
sh000300,csi300,2024-06-18,3545.59,0.00265568,akshare_sina,passed_current_or_past_only
sh000300,csi300,2024-06-19,3528.749,-0.00474984,akshare_sina,passed_current_or_past_only
sh000300,csi300,2024-06-20,3503.282,-0.00721701,akshare_sina,passed_current_or_past_only
sh000300,csi300,2024-06-21,3495.62,-0.00218709,akshare_sina,passed_current_or_past_only
sh000300,csi300,2024-06-24,3476.81,-0.00538102,akshare_sina,passed_current_or_past_only
sh000300,csi300,2024-06-25,3457.902,-0.00543832,akshare_sina,passed_current_or_past_only
sh000300,csi300,2024-06-26,3480.265,0.00646722,akshare_sina,passed_current_or_past_only
sh000300,csi300,2024-06-27,3454.118,-0.00751293,akshare_sina,passed_current_or_past_only
sh000300,csi300,2024-06-28,3461.657,0.00218261,akshare_sina,passed_current_or_past_only
sh000300,csi300,2024-07-01,3478.183,0.00477401,akshare_sina,passed_current_or_past_only
sh000300,csi300,2024-07-02,3471.786,-0.00183918,akshare_sina,passed_current_or_past_only
sh000300,csi300,2024-07-03,3463.414,-0.00241144,akshare_sina,passed_current_or_past_only
sh000300,csi300,2024-07-04,3445.813,-0.00508198,akshare_sina,passed_current_or_past_only
sh000300,csi300,2024-07-05,3431.061,-0.00428114,akshare_sina,passed_current_or_past_only
sh000300,csi300,2024-07-08,3401.76,-0.00853992,akshare_sina,passed_current_or_past_only
sh000300,csi300,2024-07-09,3439.811,0.01118568,akshare_sina,passed_current_or_past_only
sh000300,csi300,2024-07-10,3428.966,-0.00315279,akshare_sina,passed_current_or_past_only
sh000300,csi300,2024-07-11,3468.169,0.01143289,akshare_sina,passed_current_or_past_only
sh000300,csi300,2024-07-12,3472.401,0.00122024,akshare_sina,passed_current_or_past_only
sh000300,csi300,2024-07-15,3476.247,0.00110759,akshare_sina,passed_current_or_past_only
sh000300,csi300,2024-07-16,3498.283,0.00633902,akshare_sina,passed_current_or_past_only
sh000300,csi300,2024-07-17,3501.584,0.00094361,akshare_sina,passed_current_or_past_only
sh000300,csi300,2024-07-18,3520.931,0.00552521,akshare_sina,passed_current_or_past_only
sh000300,csi300,2024-07-19,3539.016,0.00513643,akshare_sina,passed_current_or_past_only
sh000300,csi300,2024-07-22,3514.925,-0.00680726,akshare_sina,passed_current_or_past_only
sh000300,csi300,2024-07-23,3439.878,-0.02135095,akshare_sina,passed_current_or_past_only
sh000300,csi300,2024-07-24,3418.166,-0.00631185,akshare_sina,passed_current_or_past_only
sh000300,csi300,2024-07-25,3399.272,-0.00552753,akshare_sina,passed_current_or_past_only
sh000300,csi300,2024-07-26,3409.293,0.00294798,akshare_sina,passed_current_or_past_only
sh000300,csi300,2024-07-29,3390.742,-0.0054413,akshare_sina,passed_current_or_past_only
sh000300,csi300,2024-07-30,3369.382,-0.00629951,akshare_sina,passed_current_or_past_only
sh000300,csi300,2024-07-31,3442.084,0.02157725,akshare_sina,passed_current_or_past_only
sh000300,csi300,2024-08-01,3419.267,-0.00662883,akshare_sina,passed_current_or_past_only
sh000300,csi300,2024-08-02,3384.392,-0.01019955,akshare_sina,passed_current_or_past_only
sh000300,csi300,2024-08-05,3343.321,-0.01213541,akshare_sina,passed_current_or_past_only
sh000300,csi300,2024-08-06,3342.979,-0.00010229,akshare_sina,passed_current_or_past_only
sh000300,csi300,2024-08-07,3341.489,-0.00044571,akshare_sina,passed_current_or_past_only
sh000300,csi300,2024-08-08,3342.937,0.00043334,akshare_sina,passed_current_or_past_only
sh000300,csi300,2024-08-09,3331.627,-0.00338325,akshare_sina,passed_current_or_past_only
sh000300,csi300,2024-08-12,3325.865,-0.00172949,akshare_sina,passed_current_or_past_only
sh000300,csi300,2024-08-13,3334.39,0.00256324,akshare_sina,passed_current_or_past_only
sh000300,csi300,2024-08-14,3309.239,-0.00754291,akshare_sina,passed_current_or_past_only
sh000300,csi300,2024-08-15,3341.953,0.00988566,akshare_sina,passed_current_or_past_only
sh000300,csi300,2024-08-16,3345.634,0.00110145,akshare_sina,passed_current_or_past_only
sh000300,csi300,2024-08-19,3356.968,0.0033877,akshare_sina,passed_current_or_past_only
sh000300,csi300,2024-08-20,3332.703,-0.00722825,akshare_sina,passed_current_or_past_only
sh000300,csi300,2024-08-21,3321.635,-0.00332103,akshare_sina,passed_current_or_past_only
sh000300,csi300,2024-08-22,3313.136,-0.00255868,akshare_sina,passed_current_or_past_only
sh000300,csi300,2024-08-23,3327.191,0.0042422,akshare_sina,passed_current_or_past_only
sh000300,csi300,2024-08-26,3324.223,-0.00089204,akshare_sina,passed_current_or_past_only
sh000300,csi300,2024-08-27,3305.334,-0.00568223,akshare_sina,passed_current_or_past_only
sh000300,csi300,2024-08-28,3286.496,-0.00569927,akshare_sina,passed_current_or_past_only
sh000300,csi300,2024-08-29,3277.681,-0.00268219,akshare_sina,passed_current_or_past_only
sh000300,csi300,2024-08-30,3321.432,0.01334816,akshare_sina,passed_current_or_past_only
sh000300,csi300,2024-09-02,3265.011,-0.01698695,akshare_sina,passed_current_or_past_only
sh000300,csi300,2024-09-03,3273.428,0.00257794,akshare_sina,passed_current_or_past_only
sh000300,csi300,2024-09-04,3252.165,-0.00649564,akshare_sina,passed_current_or_past_only
sh000300,csi300,2024-09-05,3257.758,0.00171978,akshare_sina,passed_current_or_past_only
sh000300,csi300,2024-09-06,3231.346,-0.00810742,akshare_sina,passed_current_or_past_only
sh000300,csi300,2024-09-09,3192.952,-0.01188174,akshare_sina,passed_current_or_past_only
sh000300,csi300,2024-09-10,3195.755,0.00087787,akshare_sina,passed_current_or_past_only
sh000300,csi300,2024-09-11,3186.13,-0.00301181,akshare_sina,passed_current_or_past_only
sh000300,csi300,2024-09-12,3172.475,-0.00428576,akshare_sina,passed_current_or_past_only
sh000300,csi300,2024-09-13,3159.247,-0.00416962,akshare_sina,passed_current_or_past_only
sh000300,csi300,2024-09-18,3171.01,0.00372336,akshare_sina,passed_current_or_past_only
sh000300,csi300,2024-09-19,3196.036,0.00789212,akshare_sina,passed_current_or_past_only
sh000300,csi300,2024-09-20,3201.05,0.00156882,akshare_sina,passed_current_or_past_only
sh000300,csi300,2024-09-23,3212.764,0.00365942,akshare_sina,passed_current_or_past_only
sh000300,csi300,2024-09-24,3351.909,0.04331006,akshare_sina,passed_current_or_past_only
sh000300,csi300,2024-09-25,3401.533,0.0148047,akshare_sina,passed_current_or_past_only
sh000300,csi300,2024-09-26,3545.32,0.04227123,akshare_sina,passed_current_or_past_only
sh000300,csi300,2024-09-27,3703.685,0.04466875,akshare_sina,passed_current_or_past_only
sh000300,csi300,2024-09-30,4017.855,0.08482633,akshare_sina,passed_current_or_past_only
sh000300,csi300,2024-10-08,4256.096,0.05929557,akshare_sina,passed_current_or_past_only
sh000300,csi300,2024-10-09,3955.984,-0.07051345,akshare_sina,passed_current_or_past_only
sh000300,csi300,2024-10-10,3997.788,0.01056728,akshare_sina,passed_current_or_past_only
sh000300,csi300,2024-10-11,3887.167,-0.02767055,akshare_sina,passed_current_or_past_only
sh000300,csi300,2024-10-14,3961.342,0.01908202,akshare_sina,passed_current_or_past_only
sh000300,csi300,2024-10-15,3855.995,-0.02659377,akshare_sina,passed_current_or_past_only
sh000300,csi300,2024-10-16,3831.589,-0.00632937,akshare_sina,passed_current_or_past_only
sh000300,csi300,2024-10-17,3788.222,-0.01131828,akshare_sina,passed_current_or_past_only
sh000300,csi300,2024-10-18,3925.234,0.03616789,akshare_sina,passed_current_or_past_only
sh000300,csi300,2024-10-21,3935.197,0.00253819,akshare_sina,passed_current_or_past_only
sh000300,csi300,2024-10-22,3957.776,0.00573771,akshare_sina,passed_current_or_past_only
sh000300,csi300,2024-10-23,3973.209,0.00389941,akshare_sina,passed_current_or_past_only
sh000300,csi300,2024-10-24,3928.833,-0.01116881,akshare_sina,passed_current_or_past_only
sh000300,csi300,2024-10-25,3956.421,0.00702193,akshare_sina,passed_current_or_past_only
sh000300,csi300,2024-10-28,3964.157,0.0019553,akshare_sina,passed_current_or_past_only
sh000300,csi300,2024-10-29,3924.649,-0.00996631,akshare_sina,passed_current_or_past_only
sh000300,csi300,2024-10-30,3889.449,-0.00896895,akshare_sina,passed_current_or_past_only
sh000300,csi300,2024-10-31,3891.04,0.00040906,akshare_sina,passed_current_or_past_only
sh000300,csi300,2024-11-01,3890.02,-0.00026214,akshare_sina,passed_current_or_past_only
sh000300,csi300,2024-11-04,3944.762,0.01407242,akshare_sina,passed_current_or_past_only
sh000300,csi300,2024-11-05,4044.573,0.02530216,akshare_sina,passed_current_or_past_only
sh000300,csi300,2024-11-06,4024.283,-0.0050166,akshare_sina,passed_current_or_past_only
sh000300,csi300,2024-11-07,4145.695,0.03016985,akshare_sina,passed_current_or_past_only
sh000300,csi300,2024-11-08,4104.047,-0.01004608,akshare_sina,passed_current_or_past_only
sh000300,csi300,2024-11-11,4131.131,0.00659934,akshare_sina,passed_current_or_past_only
sh000300,csi300,2024-11-12,4085.743,-0.01098682,akshare_sina,passed_current_or_past_only
sh000300,csi300,2024-11-13,4110.89,0.00615482,akshare_sina,passed_current_or_past_only
sh000300,csi300,2024-11-14,4039.619,-0.01733712,akshare_sina,passed_current_or_past_only
sh000300,csi300,2024-11-15,3968.831,-0.01752343,akshare_sina,passed_current_or_past_only
sh000300,csi300,2024-11-18,3950.381,-0.00464872,akshare_sina,passed_current_or_past_only
sh000300,csi300,2024-11-19,3976.891,0.00671075,akshare_sina,passed_current_or_past_only
sh000300,csi300,2024-11-20,3985.773,0.0022334,akshare_sina,passed_current_or_past_only
sh000300,csi300,2024-11-21,3989.298,0.0008844,akshare_sina,passed_current_or_past_only
sh000300,csi300,2024-11-22,3865.699,-0.03098264,akshare_sina,passed_current_or_past_only
sh000300,csi300,2024-11-25,3848.091,-0.00455493,akshare_sina,passed_current_or_past_only
sh000300,csi300,2024-11-26,3840.185,-0.00205453,akshare_sina,passed_current_or_past_only
sh000300,csi300,2024-11-27,3907.045,0.01741062,akshare_sina,passed_current_or_past_only
sh000300,csi300,2024-11-28,3872.551,-0.00882867,akshare_sina,passed_current_or_past_only
sh000300,csi300,2024-11-29,3916.583,0.01137028,akshare_sina,passed_current_or_past_only
sh000300,csi300,2024-12-02,3947.632,0.00792757,akshare_sina,passed_current_or_past_only
sh000300,csi300,2024-12-03,3951.891,0.00107887,akshare_sina,passed_current_or_past_only
sh000300,csi300,2024-12-04,3930.557,-0.00539843,akshare_sina,passed_current_or_past_only
sh000300,csi300,2024-12-05,3921.588,-0.00228186,akshare_sina,passed_current_or_past_only
sh000300,csi300,2024-12-06,3973.141,0.01314595,akshare_sina,passed_current_or_past_only
sh000300,csi300,2024-12-09,3966.571,-0.0016536,akshare_sina,passed_current_or_past_only
sh000300,csi300,2024-12-10,3995.637,0.00732774,akshare_sina,passed_current_or_past_only
sh000300,csi300,2024-12-11,3988.831,-0.00170336,akshare_sina,passed_current_or_past_only
sh000300,csi300,2024-12-12,4028.505,0.00994627,akshare_sina,passed_current_or_past_only
sh000300,csi300,2024-12-13,3933.181,-0.02366238,akshare_sina,passed_current_or_past_only
sh000300,csi300,2024-12-16,3911.842,-0.00542538,akshare_sina,passed_current_or_past_only
sh000300,csi300,2024-12-17,3922.033,0.00260517,akshare_sina,passed_current_or_past_only
sh000300,csi300,2024-12-18,3941.89,0.00506294,akshare_sina,passed_current_or_past_only
sh000300,csi300,2024-12-19,3945.464,0.00090667,akshare_sina,passed_current_or_past_only
sh000300,csi300,2024-12-20,3927.744,-0.00449123,akshare_sina,passed_current_or_past_only
sh000300,csi300,2024-12-23,3933.572,0.0014838,akshare_sina,passed_current_or_past_only
sh000300,csi300,2024-12-24,3983.688,0.01274058,akshare_sina,passed_current_or_past_only
sh000300,csi300,2024-12-25,3985.629,0.00048724,akshare_sina,passed_current_or_past_only
sh000300,csi300,2024-12-26,3987.48,0.00046442,akshare_sina,passed_current_or_past_only
sh000300,csi300,2024-12-27,3981.031,-0.00161731,akshare_sina,passed_current_or_past_only
sh000300,csi300,2024-12-30,3999.055,0.00452747,akshare_sina,passed_current_or_past_only
sh000300,csi300,2024-12-31,3934.911,-0.01603979,akshare_sina,passed_current_or_past_only
sh000300,csi300,2025-01-02,3820.395,-0.02910256,akshare_sina,passed_current_or_past_only
sh000300,csi300,2025-01-03,3775.165,-0.01183909,akshare_sina,passed_current_or_past_only
sh000300,csi300,2025-01-06,3768.97,-0.00164099,akshare_sina,passed_current_or_past_only
sh000300,csi300,2025-01-07,3796.106,0.00719985,akshare_sina,passed_current_or_past_only
sh000300,csi300,2025-01-08,3789.215,-0.00181528,akshare_sina,passed_current_or_past_only
sh000300,csi300,2025-01-09,3779.877,-0.00246436,akshare_sina,passed_current_or_past_only
sh000300,csi300,2025-01-10,3732.481,-0.01253903,akshare_sina,passed_current_or_past_only
sh000300,csi300,2025-01-13,3722.513,-0.00267061,akshare_sina,passed_current_or_past_only
sh000300,csi300,2025-01-14,3820.54,0.02633355,akshare_sina,passed_current_or_past_only
sh000300,csi300,2025-01-15,3796.026,-0.00641637,akshare_sina,passed_current_or_past_only
sh000300,csi300,2025-01-16,3800.384,0.00114804,akshare_sina,passed_current_or_past_only
sh000300,csi300,2025-01-17,3812.343,0.00314679,akshare_sina,passed_current_or_past_only
sh000300,csi300,2025-01-20,3829.676,0.00454655,akshare_sina,passed_current_or_past_only
sh000300,csi300,2025-01-21,3832.615,0.00076743,akshare_sina,passed_current_or_past_only
sh000300,csi300,2025-01-22,3797.017,-0.00928818,akshare_sina,passed_current_or_past_only
sh000300,csi300,2025-01-23,3803.744,0.00177165,akshare_sina,passed_current_or_past_only
sh000300,csi300,2025-01-24,3832.864,0.00765562,akshare_sina,passed_current_or_past_only
sh000300,csi300,2025-01-27,3817.08,-0.00411807,akshare_sina,passed_current_or_past_only
sh000300,csi300,2025-02-05,3795.085,-0.00576226,akshare_sina,passed_current_or_past_only
sh000300,csi300,2025-02-06,3842.831,0.01258101,akshare_sina,passed_current_or_past_only
sh000300,csi300,2025-02-07,3892.703,0.01297793,akshare_sina,passed_current_or_past_only
sh000300,csi300,2025-02-10,3901.062,0.00214735,akshare_sina,passed_current_or_past_only
sh000300,csi300,2025-02-11,3883.135,-0.00459542,akshare_sina,passed_current_or_past_only
sh000300,csi300,2025-02-12,3919.862,0.00945808,akshare_sina,passed_current_or_past_only
sh000300,csi300,2025-02-13,3905.14,-0.00375574,akshare_sina,passed_current_or_past_only
sh000300,csi300,2025-02-14,3939.009,0.00867293,akshare_sina,passed_current_or_past_only
sh000300,csi300,2025-02-17,3947.398,0.00212972,akshare_sina,passed_current_or_past_only
sh000300,csi300,2025-02-18,3912.783,-0.00876907,akshare_sina,passed_current_or_past_only
sh000300,csi300,2025-02-19,3940.16,0.00699681,akshare_sina,passed_current_or_past_only
sh000300,csi300,2025-02-20,3928.896,-0.00285877,akshare_sina,passed_current_or_past_only
sh000300,csi300,2025-02-21,3978.444,0.01261118,akshare_sina,passed_current_or_past_only
sh000300,csi300,2025-02-24,3969.717,-0.00219357,akshare_sina,passed_current_or_past_only
sh000300,csi300,2025-02-25,3925.651,-0.01110054,akshare_sina,passed_current_or_past_only
sh000300,csi300,2025-02-26,3959.941,0.00873486,akshare_sina,passed_current_or_past_only
sh000300,csi300,2025-02-27,3968.116,0.00206442,akshare_sina,passed_current_or_past_only
sh000300,csi300,2025-02-28,3890.049,-0.01967357,akshare_sina,passed_current_or_past_only
sh000300,csi300,2025-03-03,3888.474,-0.00040488,akshare_sina,passed_current_or_past_only
sh000300,csi300,2025-03-04,3885.221,-0.00083657,akshare_sina,passed_current_or_past_only
sh000300,csi300,2025-03-05,3902.571,0.00446564,akshare_sina,passed_current_or_past_only
sh000300,csi300,2025-03-06,3956.237,0.01375145,akshare_sina,passed_current_or_past_only
sh000300,csi300,2025-03-07,3944.014,-0.00308955,akshare_sina,passed_current_or_past_only
sh000300,csi300,2025-03-10,3928.802,-0.00385698,akshare_sina,passed_current_or_past_only
sh000300,csi300,2025-03-11,3941.416,0.00321065,akshare_sina,passed_current_or_past_only
sh000300,csi300,2025-03-12,3927.232,-0.00359871,akshare_sina,passed_current_or_past_only
sh000300,csi300,2025-03-13,3911.579,-0.00398576,akshare_sina,passed_current_or_past_only
sh000300,csi300,2025-03-14,4006.557,0.02428124,akshare_sina,passed_current_or_past_only
sh000300,csi300,2025-03-17,3996.788,-0.00243825,akshare_sina,passed_current_or_past_only
sh000300,csi300,2025-03-18,4007.723,0.00273595,akshare_sina,passed_current_or_past_only
sh000300,csi300,2025-03-19,4010.168,0.00061007,akshare_sina,passed_current_or_past_only
sh000300,csi300,2025-03-20,3974.992,-0.0087717,akshare_sina,passed_current_or_past_only
sh000300,csi300,2025-03-21,3914.696,-0.01516884,akshare_sina,passed_current_or_past_only
sh000300,csi300,2025-03-24,3934.849,0.00514804,akshare_sina,passed_current_or_past_only
sh000300,csi300,2025-03-25,3932.295,-0.00064907,akshare_sina,passed_current_or_past_only
sh000300,csi300,2025-03-26,3919.357,-0.00329019,akshare_sina,passed_current_or_past_only
sh000300,csi300,2025-03-27,3932.412,0.0033309,akshare_sina,passed_current_or_past_only
sh000300,csi300,2025-03-28,3915.166,-0.0043856,akshare_sina,passed_current_or_past_only
sh000300,csi300,2025-03-31,3887.306,-0.00711592,akshare_sina,passed_current_or_past_only
sh000300,csi300,2025-04-01,3887.684,9.724e-05,akshare_sina,passed_current_or_past_only
sh000300,csi300,2025-04-02,3884.386,-0.00084832,akshare_sina,passed_current_or_past_only
sh000300,csi300,2025-04-03,3861.503,-0.00589102,akshare_sina,passed_current_or_past_only
sh000300,csi300,2025-04-07,3589.441,-0.07045495,akshare_sina,passed_current_or_past_only
sh000300,csi300,2025-04-08,3650.759,0.01708288,akshare_sina,passed_current_or_past_only
sh000300,csi300,2025-04-09,3686.794,0.00987055,akshare_sina,passed_current_or_past_only
sh000300,csi300,2025-04-10,3735.115,0.01310651,akshare_sina,passed_current_or_past_only
sh000300,csi300,2025-04-11,3750.517,0.00412357,akshare_sina,passed_current_or_past_only
sh000300,csi300,2025-04-14,3759.142,0.00229968,akshare_sina,passed_current_or_past_only
sh000300,csi300,2025-04-15,3761.235,0.00055678,akshare_sina,passed_current_or_past_only
sh000300,csi300,2025-04-16,3772.82,0.00308011,akshare_sina,passed_current_or_past_only
sh000300,csi300,2025-04-17,3772.222,-0.0001585,akshare_sina,passed_current_or_past_only
sh000300,csi300,2025-04-18,3772.523,7.979e-05,akshare_sina,passed_current_or_past_only
sh000300,csi300,2025-04-21,3784.881,0.00327579,akshare_sina,passed_current_or_past_only
sh000300,csi300,2025-04-22,3783.952,-0.00024545,akshare_sina,passed_current_or_past_only
sh000300,csi300,2025-04-23,3786.882,0.00077432,akshare_sina,passed_current_or_past_only
sh000300,csi300,2025-04-24,3784.357,-0.00066678,akshare_sina,passed_current_or_past_only
sh000300,csi300,2025-04-25,3786.994,0.00069682,akshare_sina,passed_current_or_past_only
sh000300,csi300,2025-04-28,3781.619,-0.00141933,akshare_sina,passed_current_or_past_only
sh000300,csi300,2025-04-29,3775.077,-0.00172995,akshare_sina,passed_current_or_past_only
sh000300,csi300,2025-04-30,3770.571,-0.00119362,akshare_sina,passed_current_or_past_only
sh000300,csi300,2025-05-06,3808.542,0.01007036,akshare_sina,passed_current_or_past_only
sh000300,csi300,2025-05-07,3831.627,0.00606137,akshare_sina,passed_current_or_past_only
sh000300,csi300,2025-05-08,3852.896,0.00555091,akshare_sina,passed_current_or_past_only
sh000300,csi300,2025-05-09,3846.157,-0.00174907,akshare_sina,passed_current_or_past_only
sh000300,csi300,2025-05-12,3890.61,0.01155777,akshare_sina,passed_current_or_past_only
sh000300,csi300,2025-05-13,3896.258,0.0014517,akshare_sina,passed_current_or_past_only
sh000300,csi300,2025-05-14,3943.211,0.01205079,akshare_sina,passed_current_or_past_only
sh000300,csi300,2025-05-15,3907.199,-0.00913266,akshare_sina,passed_current_or_past_only
sh000300,csi300,2025-05-16,3889.085,-0.00463606,akshare_sina,passed_current_or_past_only
sh000300,csi300,2025-05-19,3877.145,-0.00307013,akshare_sina,passed_current_or_past_only
sh000300,csi300,2025-05-20,3898.171,0.00542306,akshare_sina,passed_current_or_past_only
sh000300,csi300,2025-05-21,3916.381,0.00467142,akshare_sina,passed_current_or_past_only
sh000300,csi300,2025-05-22,3913.865,-0.00064243,akshare_sina,passed_current_or_past_only
sh000300,csi300,2025-05-23,3882.274,-0.00807156,akshare_sina,passed_current_or_past_only
sh000300,csi300,2025-05-26,3860.107,-0.0057098,akshare_sina,passed_current_or_past_only
sh000300,csi300,2025-05-27,3839.397,-0.00536514,akshare_sina,passed_current_or_past_only
sh000300,csi300,2025-05-28,3836.237,-0.00082305,akshare_sina,passed_current_or_past_only
sh000300,csi300,2025-05-29,3858.7,0.00585548,akshare_sina,passed_current_or_past_only
sh000300,csi300,2025-05-30,3840.232,-0.00478607,akshare_sina,passed_current_or_past_only
sh000300,csi300,2025-06-03,3852.013,0.00306778,akshare_sina,passed_current_or_past_only
sh000300,csi300,2025-06-04,3868.743,0.00434318,akshare_sina,passed_current_or_past_only
sh000300,csi300,2025-06-05,3877.556,0.002278,akshare_sina,passed_current_or_past_only
sh000300,csi300,2025-06-06,3873.984,-0.0009212,akshare_sina,passed_current_or_past_only
sh000300,csi300,2025-06-09,3885.246,0.00290708,akshare_sina,passed_current_or_past_only
sh000300,csi300,2025-06-10,3865.465,-0.00509131,akshare_sina,passed_current_or_past_only
sh000300,csi300,2025-06-11,3894.625,0.00754372,akshare_sina,passed_current_or_past_only
sh000300,csi300,2025-06-12,3892.199,-0.00062291,akshare_sina,passed_current_or_past_only
sh000300,csi300,2025-06-13,3864.182,-0.00719824,akshare_sina,passed_current_or_past_only
sh000300,csi300,2025-06-16,3873.795,0.00248772,akshare_sina,passed_current_or_past_only
sh000300,csi300,2025-06-17,3870.379,-0.00088182,akshare_sina,passed_current_or_past_only
sh000300,csi300,2025-06-18,3874.971,0.00118645,akshare_sina,passed_current_or_past_only
sh000300,csi300,2025-06-19,3843.091,-0.00822716,akshare_sina,passed_current_or_past_only
sh000300,csi300,2025-06-20,3846.644,0.00092452,akshare_sina,passed_current_or_past_only
sh000300,csi300,2025-06-23,3857.902,0.00292671,akshare_sina,passed_current_or_past_only
sh000300,csi300,2025-06-24,3904.034,0.01195779,akshare_sina,passed_current_or_past_only
sh000300,csi300,2025-06-25,3960.066,0.01435233,akshare_sina,passed_current_or_past_only
sh000300,csi300,2025-06-26,3946.02,-0.00354691,akshare_sina,passed_current_or_past_only
sh000300,csi300,2025-06-27,3921.758,-0.00614847,akshare_sina,passed_current_or_past_only
sh000300,csi300,2025-06-30,3936.079,0.00365168,akshare_sina,passed_current_or_past_only
sh000300,csi300,2025-07-01,3942.762,0.00169788,akshare_sina,passed_current_or_past_only
sh000300,csi300,2025-07-02,3943.685,0.0002341,akshare_sina,passed_current_or_past_only
sh000300,csi300,2025-07-03,3968.068,0.0061828,akshare_sina,passed_current_or_past_only
sh000300,csi300,2025-07-04,3982.203,0.00356219,akshare_sina,passed_current_or_past_only
sh000300,csi300,2025-07-07,3965.175,-0.00427603,akshare_sina,passed_current_or_past_only
sh000300,csi300,2025-07-08,3998.453,0.00839257,akshare_sina,passed_current_or_past_only
sh000300,csi300,2025-07-09,3991.401,-0.00176368,akshare_sina,passed_current_or_past_only
sh000300,csi300,2025-07-10,4010.024,0.00466578,akshare_sina,passed_current_or_past_only
sh000300,csi300,2025-07-11,4014.807,0.00119276,akshare_sina,passed_current_or_past_only
sh000300,csi300,2025-07-14,4017.668,0.00071261,akshare_sina,passed_current_or_past_only
sh000300,csi300,2025-07-15,4019.064,0.00034747,akshare_sina,passed_current_or_past_only
sh000300,csi300,2025-07-16,4007.202,-0.00295143,akshare_sina,passed_current_or_past_only
sh000300,csi300,2025-07-17,4034.491,0.00680999,akshare_sina,passed_current_or_past_only
sh000300,csi300,2025-07-18,4058.549,0.00596308,akshare_sina,passed_current_or_past_only
sh000300,csi300,2025-07-21,4085.607,0.00666691,akshare_sina,passed_current_or_past_only
sh000300,csi300,2025-07-22,4118.958,0.00816305,akshare_sina,passed_current_or_past_only
sh000300,csi300,2025-07-23,4119.769,0.00019689,akshare_sina,passed_current_or_past_only
sh000300,csi300,2025-07-24,4149.037,0.00710428,akshare_sina,passed_current_or_past_only
sh000300,csi300,2025-07-25,4127.163,-0.00527207,akshare_sina,passed_current_or_past_only
sh000300,csi300,2025-07-28,4135.824,0.00209854,akshare_sina,passed_current_or_past_only
sh000300,csi300,2025-07-29,4152.025,0.00391724,akshare_sina,passed_current_or_past_only
sh000300,csi300,2025-07-30,4151.238,-0.00018955,akshare_sina,passed_current_or_past_only
sh000300,csi300,2025-07-31,4075.591,-0.01822276,akshare_sina,passed_current_or_past_only
sh000300,csi300,2025-08-01,4054.929,-0.00506969,akshare_sina,passed_current_or_past_only
sh000300,csi300,2025-08-04,4070.702,0.00388983,akshare_sina,passed_current_or_past_only
sh000300,csi300,2025-08-05,4103.45,0.0080448,akshare_sina,passed_current_or_past_only
sh000300,csi300,2025-08-06,4113.485,0.0024455,akshare_sina,passed_current_or_past_only
sh000300,csi300,2025-08-07,4114.666,0.0002871,akshare_sina,passed_current_or_past_only
sh000300,csi300,2025-08-08,4104.967,-0.00235718,akshare_sina,passed_current_or_past_only
sh000300,csi300,2025-08-11,4122.511,0.00427385,akshare_sina,passed_current_or_past_only
sh000300,csi300,2025-08-12,4143.825,0.00517015,akshare_sina,passed_current_or_past_only
sh000300,csi300,2025-08-13,4176.578,0.00790405,akshare_sina,passed_current_or_past_only
sh000300,csi300,2025-08-14,4173.313,-0.00078174,akshare_sina,passed_current_or_past_only
sh000300,csi300,2025-08-15,4202.353,0.0069585,akshare_sina,passed_current_or_past_only
sh000300,csi300,2025-08-18,4239.413,0.00881887,akshare_sina,passed_current_or_past_only
sh000300,csi300,2025-08-19,4223.374,-0.00378331,akshare_sina,passed_current_or_past_only
sh000300,csi300,2025-08-20,4271.396,0.01137053,akshare_sina,passed_current_or_past_only
sh000300,csi300,2025-08-21,4288.071,0.00390388,akshare_sina,passed_current_or_past_only
sh000300,csi300,2025-08-22,4377.998,0.02097143,akshare_sina,passed_current_or_past_only
sh000300,csi300,2025-08-25,4469.222,0.02083692,akshare_sina,passed_current_or_past_only
sh000300,csi300,2025-08-26,4452.591,-0.00372123,akshare_sina,passed_current_or_past_only
sh000300,csi300,2025-08-27,4386.127,-0.01492704,akshare_sina,passed_current_or_past_only
sh000300,csi300,2025-08-28,4463.782,0.01770469,akshare_sina,passed_current_or_past_only
sh000300,csi300,2025-08-29,4496.759,0.00738768,akshare_sina,passed_current_or_past_only
sh000300,csi300,2025-09-01,4523.711,0.00599365,akshare_sina,passed_current_or_past_only
sh000300,csi300,2025-09-02,4490.453,-0.00735193,akshare_sina,passed_current_or_past_only
sh000300,csi300,2025-09-03,4459.83,-0.00681958,akshare_sina,passed_current_or_past_only
sh000300,csi300,2025-09-04,4365.209,-0.02121628,akshare_sina,passed_current_or_past_only
sh000300,csi300,2025-09-05,4460.325,0.02178956,akshare_sina,passed_current_or_past_only
sh000300,csi300,2025-09-08,4467.573,0.00162499,akshare_sina,passed_current_or_past_only
sh000300,csi300,2025-09-09,4436.258,-0.0070094,akshare_sina,passed_current_or_past_only
sh000300,csi300,2025-09-10,4445.365,0.00205286,akshare_sina,passed_current_or_past_only
sh000300,csi300,2025-09-11,4548.035,0.02309597,akshare_sina,passed_current_or_past_only
sh000300,csi300,2025-09-12,4521.998,-0.00572489,akshare_sina,passed_current_or_past_only
sh000300,csi300,2025-09-15,4533.056,0.00244538,akshare_sina,passed_current_or_past_only
sh000300,csi300,2025-09-16,4523.337,-0.00214403,akshare_sina,passed_current_or_past_only
sh000300,csi300,2025-09-17,4551.023,0.0061207,akshare_sina,passed_current_or_past_only
sh000300,csi300,2025-09-18,4498.109,-0.01162684,akshare_sina,passed_current_or_past_only
sh000300,csi300,2025-09-19,4501.92,0.00084724,akshare_sina,passed_current_or_past_only
sh000300,csi300,2025-09-22,4522.608,0.00459537,akshare_sina,passed_current_or_past_only
sh000300,csi300,2025-09-23,4519.778,-0.00062575,akshare_sina,passed_current_or_past_only
sh000300,csi300,2025-09-24,4566.071,0.01024232,akshare_sina,passed_current_or_past_only
sh000300,csi300,2025-09-25,4593.488,0.00600451,akshare_sina,passed_current_or_past_only
sh000300,csi300,2025-09-26,4550.049,-0.00945665,akshare_sina,passed_current_or_past_only
sh000300,csi300,2025-09-29,4620.053,0.01538533,akshare_sina,passed_current_or_past_only
sh000300,csi300,2025-09-30,4640.694,0.0044677,akshare_sina,passed_current_or_past_only
sh000300,csi300,2025-10-09,4709.482,0.01482278,akshare_sina,passed_current_or_past_only
sh000300,csi300,2025-10-10,4616.834,-0.01967265,akshare_sina,passed_current_or_past_only
sh000300,csi300,2025-10-13,4593.979,-0.00495036,akshare_sina,passed_current_or_past_only
sh000300,csi300,2025-10-14,4539.064,-0.01195369,akshare_sina,passed_current_or_past_only
sh000300,csi300,2025-10-15,4606.288,0.0148101,akshare_sina,passed_current_or_past_only
sh000300,csi300,2025-10-16,4618.422,0.00263423,akshare_sina,passed_current_or_past_only
sh000300,csi300,2025-10-17,4514.235,-0.022559,akshare_sina,passed_current_or_past_only
sh000300,csi300,2025-10-20,4538.22,0.00531319,akshare_sina,passed_current_or_past_only
sh000300,csi300,2025-10-21,4607.872,0.01534787,akshare_sina,passed_current_or_past_only
sh000300,csi300,2025-10-22,4592.57,-0.00332084,akshare_sina,passed_current_or_past_only
sh000300,csi300,2025-10-23,4606.345,0.00299941,akshare_sina,passed_current_or_past_only
sh000300,csi300,2025-10-24,4660.684,0.01179655,akshare_sina,passed_current_or_past_only
sh000300,csi300,2025-10-27,4716.019,0.01187272,akshare_sina,passed_current_or_past_only
sh000300,csi300,2025-10-28,4691.973,-0.00509879,akshare_sina,passed_current_or_past_only
sh000300,csi300,2025-10-29,4747.838,0.01190651,akshare_sina,passed_current_or_past_only
sh000300,csi300,2025-10-30,4709.911,-0.00798827,akshare_sina,passed_current_or_past_only
sh000300,csi300,2025-10-31,4640.668,-0.01470155,akshare_sina,passed_current_or_past_only
sh000300,csi300,2025-11-03,4653.403,0.00274422,akshare_sina,passed_current_or_past_only
sh000300,csi300,2025-11-04,4618.699,-0.00745777,akshare_sina,passed_current_or_past_only
sh000300,csi300,2025-11-05,4627.257,0.0018529,akshare_sina,passed_current_or_past_only
sh000300,csi300,2025-11-06,4693.403,0.01429486,akshare_sina,passed_current_or_past_only
sh000300,csi300,2025-11-07,4678.794,-0.00311267,akshare_sina,passed_current_or_past_only
sh000300,csi300,2025-11-10,4695.051,0.00347461,akshare_sina,passed_current_or_past_only
sh000300,csi300,2025-11-11,4652.166,-0.00913409,akshare_sina,passed_current_or_past_only
sh000300,csi300,2025-11-12,4645.908,-0.00134518,akshare_sina,passed_current_or_past_only
sh000300,csi300,2025-11-13,4702.074,0.01208935,akshare_sina,passed_current_or_past_only
sh000300,csi300,2025-11-14,4628.14,-0.0157237,akshare_sina,passed_current_or_past_only
sh000300,csi300,2025-11-17,4598.053,-0.00650088,akshare_sina,passed_current_or_past_only
sh000300,csi300,2025-11-18,4568.193,-0.00649405,akshare_sina,passed_current_or_past_only
sh000300,csi300,2025-11-19,4588.292,0.00439977,akshare_sina,passed_current_or_past_only
sh000300,csi300,2025-11-20,4564.948,-0.00508773,akshare_sina,passed_current_or_past_only
sh000300,csi300,2025-11-21,4453.608,-0.0243902,akshare_sina,passed_current_or_past_only
sh000300,csi300,2025-11-24,4448.048,-0.00124843,akshare_sina,passed_current_or_past_only
sh000300,csi300,2025-11-25,4490.405,0.0095226,akshare_sina,passed_current_or_past_only
sh000300,csi300,2025-11-26,4517.626,0.00606204,akshare_sina,passed_current_or_past_only
sh000300,csi300,2025-11-27,4515.403,-0.00049207,akshare_sina,passed_current_or_past_only
sh000300,csi300,2025-11-28,4526.662,0.00249347,akshare_sina,passed_current_or_past_only
sh000300,csi300,2025-12-01,4576.486,0.01100679,akshare_sina,passed_current_or_past_only
sh000300,csi300,2025-12-02,4554.335,-0.00484018,akshare_sina,passed_current_or_past_only
sh000300,csi300,2025-12-03,4531.049,-0.00511293,akshare_sina,passed_current_or_past_only
sh000300,csi300,2025-12-04,4546.566,0.00342459,akshare_sina,passed_current_or_past_only
sh000300,csi300,2025-12-05,4584.537,0.00835158,akshare_sina,passed_current_or_past_only
sh000300,csi300,2025-12-08,4621.755,0.00811816,akshare_sina,passed_current_or_past_only
sh000300,csi300,2025-12-09,4598.223,-0.00509157,akshare_sina,passed_current_or_past_only
sh000300,csi300,2025-12-10,4591.827,-0.00139097,akshare_sina,passed_current_or_past_only
sh000300,csi300,2025-12-11,4552.185,-0.00863316,akshare_sina,passed_current_or_past_only
sh000300,csi300,2025-12-12,4580.95,0.00631894,akshare_sina,passed_current_or_past_only
sh000300,csi300,2025-12-15,4552.06,-0.00630655,akshare_sina,passed_current_or_past_only
sh000300,csi300,2025-12-16,4497.555,-0.0119737,akshare_sina,passed_current_or_past_only
sh000300,csi300,2025-12-17,4579.875,0.01830328,akshare_sina,passed_current_or_past_only
sh000300,csi300,2025-12-18,4552.793,-0.00591326,akshare_sina,passed_current_or_past_only
sh000300,csi300,2025-12-19,4568.178,0.00337924,akshare_sina,passed_current_or_past_only
sh000300,csi300,2025-12-22,4611.624,0.00951058,akshare_sina,passed_current_or_past_only
sh000300,csi300,2025-12-23,4620.734,0.00197544,akshare_sina,passed_current_or_past_only
sh000300,csi300,2025-12-24,4634.059,0.00288374,akshare_sina,passed_current_or_past_only
sh000300,csi300,2025-12-25,4642.536,0.00182928,akshare_sina,passed_current_or_past_only
sh000300,csi300,2025-12-26,4657.24,0.00316723,akshare_sina,passed_current_or_past_only
sh000300,csi300,2025-12-29,4639.372,-0.00383661,akshare_sina,passed_current_or_past_only
sh000300,csi300,2025-12-30,4651.282,0.00256716,akshare_sina,passed_current_or_past_only
sh000300,csi300,2025-12-31,4629.94,-0.00458841,akshare_sina,passed_current_or_past_only
sh000300,csi300,2026-01-05,4717.746,0.01896482,akshare_sina,passed_current_or_past_only
sh000300,csi300,2026-01-06,4790.694,0.01546247,akshare_sina,passed_current_or_past_only
sh000300,csi300,2026-01-07,4776.666,-0.00292818,akshare_sina,passed_current_or_past_only
sh000300,csi300,2026-01-08,4737.654,-0.0081672,akshare_sina,passed_current_or_past_only
sh000300,csi300,2026-01-09,4758.922,0.00448914,akshare_sina,passed_current_or_past_only
sh000300,csi300,2026-01-12,4789.916,0.00651282,akshare_sina,passed_current_or_past_only
sh000300,csi300,2026-01-13,4761.032,-0.00603017,akshare_sina,passed_current_or_past_only
sh000300,csi300,2026-01-14,4741.931,-0.00401195,akshare_sina,passed_current_or_past_only
sh000300,csi300,2026-01-15,4751.429,0.00200298,akshare_sina,passed_current_or_past_only
sh000300,csi300,2026-01-16,4731.873,-0.00411581,akshare_sina,passed_current_or_past_only
sh000300,csi300,2026-01-19,4734.456,0.00054587,akshare_sina,passed_current_or_past_only
sh000300,csi300,2026-01-20,4718.878,-0.00329035,akshare_sina,passed_current_or_past_only
sh000300,csi300,2026-01-21,4723.069,0.00088813,akshare_sina,passed_current_or_past_only
sh000300,csi300,2026-01-22,4723.709,0.00013551,akshare_sina,passed_current_or_past_only
sh000300,csi300,2026-01-23,4702.497,-0.00449054,akshare_sina,passed_current_or_past_only
sh000300,csi300,2026-01-26,4706.964,0.00094992,akshare_sina,passed_current_or_past_only
sh000300,csi300,2026-01-27,4705.692,-0.00027024,akshare_sina,passed_current_or_past_only
sh000300,csi300,2026-01-28,4717.991,0.00261364,akshare_sina,passed_current_or_past_only
sh000300,csi300,2026-01-29,4753.87,0.00760472,akshare_sina,passed_current_or_past_only
sh000300,csi300,2026-01-30,4706.34,-0.00999817,akshare_sina,passed_current_or_past_only
sh000300,csi300,2026-02-02,4605.98,-0.02132443,akshare_sina,passed_current_or_past_only
sh000300,csi300,2026-02-03,4660.107,0.01175146,akshare_sina,passed_current_or_past_only
sh000300,csi300,2026-02-04,4698.683,0.00827792,akshare_sina,passed_current_or_past_only
sh000300,csi300,2026-02-05,4670.419,-0.0060153,akshare_sina,passed_current_or_past_only
sh000300,csi300,2026-02-06,4643.596,-0.00574317,akshare_sina,passed_current_or_past_only
sh000300,csi300,2026-02-09,4719.056,0.01625034,akshare_sina,passed_current_or_past_only
sh000300,csi300,2026-02-10,4724.296,0.00111039,akshare_sina,passed_current_or_past_only
sh000300,csi300,2026-02-11,4713.819,-0.00221768,akshare_sina,passed_current_or_past_only
sh000300,csi300,2026-02-12,4719.578,0.00122173,akshare_sina,passed_current_or_past_only
sh000300,csi300,2026-02-13,4660.406,-0.01253756,akshare_sina,passed_current_or_past_only
sh000300,csi300,2026-02-24,4707.544,0.01011457,akshare_sina,passed_current_or_past_only
sh000300,csi300,2026-02-25,4735.886,0.00602055,akshare_sina,passed_current_or_past_only
sh000300,csi300,2026-02-26,4726.874,-0.00190292,akshare_sina,passed_current_or_past_only
sh000300,csi300,2026-02-27,4710.647,-0.00343292,akshare_sina,passed_current_or_past_only
sh000300,csi300,2026-03-02,4728.669,0.0038258,akshare_sina,passed_current_or_past_only
sh000300,csi300,2026-03-03,4655.896,-0.01538974,akshare_sina,passed_current_or_past_only
sh000300,csi300,2026-03-04,4602.625,-0.01144162,akshare_sina,passed_current_or_past_only
sh000300,csi300,2026-03-05,4647.692,0.00979159,akshare_sina,passed_current_or_past_only
sh000300,csi300,2026-03-06,4660.439,0.00274265,akshare_sina,passed_current_or_past_only
sh000300,csi300,2026-03-09,4615.455,-0.00965231,akshare_sina,passed_current_or_past_only
sh000300,csi300,2026-03-10,4674.756,0.01284835,akshare_sina,passed_current_or_past_only
sh000300,csi300,2026-03-11,4704.496,0.00636183,akshare_sina,passed_current_or_past_only
sh000300,csi300,2026-03-12,4687.56,-0.00359996,akshare_sina,passed_current_or_past_only
sh000300,csi300,2026-03-13,4669.14,-0.00392955,akshare_sina,passed_current_or_past_only
sh000300,csi300,2026-03-16,4671.559,0.00051808,akshare_sina,passed_current_or_past_only
sh000300,csi300,2026-03-17,4637.439,-0.00730377,akshare_sina,passed_current_or_past_only
sh000300,csi300,2026-03-18,4658.332,0.00450529,akshare_sina,passed_current_or_past_only
sh000300,csi300,2026-03-19,4583.251,-0.01611757,akshare_sina,passed_current_or_past_only
sh000300,csi300,2026-03-20,4567.018,-0.00354181,akshare_sina,passed_current_or_past_only
sh000300,csi300,2026-03-23,4417.997,-0.03262983,akshare_sina,passed_current_or_past_only
sh000300,csi300,2026-03-24,4474.722,0.01283953,akshare_sina,passed_current_or_past_only
sh000300,csi300,2026-03-25,4537.466,0.01402188,akshare_sina,passed_current_or_past_only
sh000300,csi300,2026-03-26,4477.534,-0.01320825,akshare_sina,passed_current_or_past_only
sh000300,csi300,2026-03-27,4502.57,0.00559147,akshare_sina,passed_current_or_past_only
sh000300,csi300,2026-03-30,4491.95,-0.00235865,akshare_sina,passed_current_or_past_only
sh000300,csi300,2026-03-31,4450.049,-0.00932802,akshare_sina,passed_current_or_past_only
sh000300,csi300,2026-04-01,4526.067,0.01708251,akshare_sina,passed_current_or_past_only
sh000300,csi300,2026-04-02,4478.914,-0.0104181,akshare_sina,passed_current_or_past_only
sh000300,csi300,2026-04-03,4440.789,-0.00851211,akshare_sina,passed_current_or_past_only
sh000300,csi300,2026-04-07,4440.616,-3.896e-05,akshare_sina,passed_current_or_past_only
sh000300,csi300,2026-04-08,4595.556,0.03489156,akshare_sina,passed_current_or_past_only
sh000300,csi300,2026-04-09,4566.224,-0.00638269,akshare_sina,passed_current_or_past_only
sh000300,csi300,2026-04-10,4636.566,0.01540485,akshare_sina,passed_current_or_past_only
sh000300,csi300,2026-04-13,4646.155,0.00206813,akshare_sina,passed_current_or_past_only
sh000300,csi300,2026-04-14,4701.284,0.01186551,akshare_sina,passed_current_or_past_only
sh000300,csi300,2026-04-15,4685.246,-0.00341141,akshare_sina,passed_current_or_past_only
sh000300,csi300,2026-04-16,4736.608,0.0109625,akshare_sina,passed_current_or_past_only
sh000300,csi300,2026-04-17,4728.672,-0.00167546,akshare_sina,passed_current_or_past_only
sh000300,csi300,2026-04-20,4757.442,0.00608416,akshare_sina,passed_current_or_past_only
sh000300,csi300,2026-04-21,4767.997,0.00221863,akshare_sina,passed_current_or_past_only
sh000300,csi300,2026-04-22,4799.627,0.00663381,akshare_sina,passed_current_or_past_only
sh000300,csi300,2026-04-23,4786.327,-0.00277105,akshare_sina,passed_current_or_past_only
sh000300,csi300,2026-04-24,4769.369,-0.00354301,akshare_sina,passed_current_or_past_only
sh000300,csi300,2026-04-27,4770.947,0.00033086,akshare_sina,passed_current_or_past_only
sh000300,csi300,2026-04-28,4758.208,-0.00267012,akshare_sina,passed_current_or_past_only
sh000300,csi300,2026-04-29,4810.347,0.0109577,akshare_sina,passed_current_or_past_only
sh000300,csi300,2026-04-30,4807.307,-0.00063197,akshare_sina,passed_current_or_past_only
sh000300,csi300,2026-05-06,4877.093,0.01451665,akshare_sina,passed_current_or_past_only
sh000300,csi300,2026-05-07,4900.51,0.00480143,akshare_sina,passed_current_or_past_only
sh000300,csi300,2026-05-08,4871.912,-0.00583572,akshare_sina,passed_current_or_past_only
sh000300,csi300,2026-05-11,4951.837,0.01640526,akshare_sina,passed_current_or_past_only
sh000300,csi300,2026-05-12,4948.047,-0.00076537,akshare_sina,passed_current_or_past_only
sh000300,csi300,2026-05-13,4998.342,0.01016462,akshare_sina,passed_current_or_past_only
sh000300,csi300,2026-05-14,4914.597,-0.01675456,akshare_sina,passed_current_or_past_only
sh000300,csi300,2026-05-15,4859.593,-0.01119197,akshare_sina,passed_current_or_past_only
sh000300,csi300,2026-05-18,4833.524,-0.00536444,akshare_sina,passed_current_or_past_only
sh000300,csi300,2026-05-19,4852.883,0.00400515,akshare_sina,passed_current_or_past_only
sh000300,csi300,2026-05-20,4850.7,-0.00044984,akshare_sina,passed_current_or_past_only
sh000300,csi300,2026-05-21,4783.098,-0.01393655,akshare_sina,passed_current_or_past_only
sh000300,csi300,2026-05-22,4845.096,0.01296189,akshare_sina,passed_current_or_past_only
sh000300,csi300,2026-05-25,4921.597,0.01578937,akshare_sina,passed_current_or_past_only
sh000300,csi300,2026-05-26,4947.849,0.00533404,akshare_sina,passed_current_or_past_only
sh000300,csi300,2026-05-27,4908.171,-0.00801924,akshare_sina,passed_current_or_past_only
sh000300,csi300,2026-05-28,4914.213,0.00123101,akshare_sina,passed_current_or_past_only
sh000300,csi300,2026-05-29,4892.121,-0.00449553,akshare_sina,passed_current_or_past_only
sh000300,csi300,2026-06-01,4844.256,-0.0097841,akshare_sina,passed_current_or_past_only
sh000300,csi300,2026-06-02,4914.559,0.01451265,akshare_sina,passed_current_or_past_only
sh000300,csi300,2026-06-03,4938.809,0.00493432,akshare_sina,passed_current_or_past_only
sh000300,csi300,2026-06-04,4904.745,-0.00689721,akshare_sina,passed_current_or_past_only
sh000300,csi300,2026-06-05,4816.92,-0.01790613,akshare_sina,passed_current_or_past_only
sh000300,csi300,2026-06-08,4713.636,-0.02144192,akshare_sina,passed_current_or_past_only
sh000300,csi300,2026-06-09,4801.811,0.01870637,akshare_sina,passed_current_or_past_only
sh000300,csi300,2026-06-10,4748.593,-0.0110829,akshare_sina,passed_current_or_past_only
sh000300,csi300,2026-06-11,4722.412,-0.00551342,akshare_sina,passed_current_or_past_only
sh000300,csi300,2026-06-12,4777.321,0.01162732,akshare_sina,passed_current_or_past_only
sh000300,csi300,2026-06-15,4891.713,0.0239448,akshare_sina,passed_current_or_past_only
sh000300,csi300,2026-06-16,4884.232,-0.00152932,akshare_sina,passed_current_or_past_only
sh000300,csi300,2026-06-17,4931.386,0.00965433,akshare_sina,passed_current_or_past_only
sh000300,csi300,2026-06-18,4941.599,0.00207102,akshare_sina,passed_current_or_past_only
sh000300,csi300,2026-06-22,5059.658,0.02389085,akshare_sina,passed_current_or_past_only
sh000300,csi300,2026-06-23,4919.386,-0.02772361,akshare_sina,passed_current_or_past_only
sh000300,csi300,2026-06-24,4943.02,0.00480426,akshare_sina,passed_current_or_past_only
sh000300,csi300,2026-06-25,5020.104,0.01559452,akshare_sina,passed_current_or_past_only
sh000300,csi300,2026-06-26,4868.221,-0.03025495,akshare_sina,passed_current_or_past_only
sh000300,csi300,2026-06-29,4926.921,0.01205779,akshare_sina,passed_current_or_past_only
sh000300,csi300,2026-06-30,4979.433,0.01065818,akshare_sina,passed_current_or_past_only
sh000300,csi300,2026-07-01,4958.977,-0.0041081,akshare_sina,passed_current_or_past_only
sh000300,csi300,2026-07-02,4812.296,-0.02957888,akshare_sina,passed_current_or_past_only
sh000300,csi300,2026-07-03,4842.174,0.00620868,akshare_sina,passed_current_or_past_only
sh000300,csi300,2026-07-06,4841.998,-3.635e-05,akshare_sina,passed_current_or_past_only
sh000001,sse_composite,2023-01-03,3116.512,,akshare_sina,passed_current_or_past_only
sh000001,sse_composite,2023-01-04,3123.516,0.00224738,akshare_sina,passed_current_or_past_only
sh000001,sse_composite,2023-01-05,3155.216,0.01014882,akshare_sina,passed_current_or_past_only
sh000001,sse_composite,2023-01-06,3157.637,0.0007673,akshare_sina,passed_current_or_past_only
sh000001,sse_composite,2023-01-09,3176.085,0.00584234,akshare_sina,passed_current_or_past_only
sh000001,sse_composite,2023-01-10,3169.507,-0.0020711,akshare_sina,passed_current_or_past_only
sh000001,sse_composite,2023-01-11,3161.838,-0.00241962,akshare_sina,passed_current_or_past_only
sh000001,sse_composite,2023-01-12,3163.451,0.00051015,akshare_sina,passed_current_or_past_only
sh000001,sse_composite,2023-01-13,3195.306,0.0100697,akshare_sina,passed_current_or_past_only
sh000001,sse_composite,2023-01-16,3227.592,0.0101042,akshare_sina,passed_current_or_past_only
sh000001,sse_composite,2023-01-17,3224.245,-0.001037,akshare_sina,passed_current_or_past_only
sh000001,sse_composite,2023-01-18,3224.406,4.993e-05,akshare_sina,passed_current_or_past_only
sh000001,sse_composite,2023-01-19,3240.279,0.00492277,akshare_sina,passed_current_or_past_only
sh000001,sse_composite,2023-01-20,3264.814,0.00757188,akshare_sina,passed_current_or_past_only
sh000001,sse_composite,2023-01-30,3269.318,0.00137956,akshare_sina,passed_current_or_past_only
sh000001,sse_composite,2023-01-31,3255.669,-0.00417488,akshare_sina,passed_current_or_past_only
sh000001,sse_composite,2023-02-01,3284.921,0.00898494,akshare_sina,passed_current_or_past_only
sh000001,sse_composite,2023-02-02,3285.671,0.00022832,akshare_sina,passed_current_or_past_only
sh000001,sse_composite,2023-02-03,3263.406,-0.00677639,akshare_sina,passed_current_or_past_only
sh000001,sse_composite,2023-02-06,3238.698,-0.00757123,akshare_sina,passed_current_or_past_only
sh000001,sse_composite,2023-02-07,3248.094,0.00290117,akshare_sina,passed_current_or_past_only
sh000001,sse_composite,2023-02-08,3232.106,-0.00492227,akshare_sina,passed_current_or_past_only
sh000001,sse_composite,2023-02-09,3270.383,0.01184274,akshare_sina,passed_current_or_past_only
sh000001,sse_composite,2023-02-10,3260.673,-0.00296907,akshare_sina,passed_current_or_past_only
sh000001,sse_composite,2023-02-13,3284.16,0.00720311,akshare_sina,passed_current_or_past_only
sh000001,sse_composite,2023-02-14,3293.283,0.00277788,akshare_sina,passed_current_or_past_only
sh000001,sse_composite,2023-02-15,3280.492,-0.00388397,akshare_sina,passed_current_or_past_only
sh000001,sse_composite,2023-02-16,3249.03,-0.00959063,akshare_sina,passed_current_or_past_only
sh000001,sse_composite,2023-02-17,3224.024,-0.00769645,akshare_sina,passed_current_or_past_only
sh000001,sse_composite,2023-02-20,3290.338,0.02056871,akshare_sina,passed_current_or_past_only
sh000001,sse_composite,2023-02-21,3306.524,0.00491925,akshare_sina,passed_current_or_past_only
sh000001,sse_composite,2023-02-22,3291.148,-0.0046502,akshare_sina,passed_current_or_past_only
sh000001,sse_composite,2023-02-23,3287.477,-0.00111542,akshare_sina,passed_current_or_past_only
sh000001,sse_composite,2023-02-24,3267.16,-0.00618012,akshare_sina,passed_current_or_past_only
sh000001,sse_composite,2023-02-27,3258.034,-0.00279325,akshare_sina,passed_current_or_past_only
sh000001,sse_composite,2023-02-28,3279.605,0.00662086,akshare_sina,passed_current_or_past_only
sh000001,sse_composite,2023-03-01,3312.348,0.00998382,akshare_sina,passed_current_or_past_only
sh000001,sse_composite,2023-03-02,3310.654,-0.00051142,akshare_sina,passed_current_or_past_only
sh000001,sse_composite,2023-03-03,3328.393,0.00535816,akshare_sina,passed_current_or_past_only
sh000001,sse_composite,2023-03-06,3322.026,-0.00191294,akshare_sina,passed_current_or_past_only
sh000001,sse_composite,2023-03-07,3285.099,-0.01111581,akshare_sina,passed_current_or_past_only
sh000001,sse_composite,2023-03-08,3283.248,-0.00056345,akshare_sina,passed_current_or_past_only
sh000001,sse_composite,2023-03-09,3276.094,-0.00217894,akshare_sina,passed_current_or_past_only
sh000001,sse_composite,2023-03-10,3230.077,-0.0140463,akshare_sina,passed_current_or_past_only
sh000001,sse_composite,2023-03-13,3268.696,0.01195606,akshare_sina,passed_current_or_past_only
sh000001,sse_composite,2023-03-14,3245.312,-0.00715392,akshare_sina,passed_current_or_past_only
sh000001,sse_composite,2023-03-15,3263.315,0.00554739,akshare_sina,passed_current_or_past_only
sh000001,sse_composite,2023-03-16,3226.891,-0.01116166,akshare_sina,passed_current_or_past_only
sh000001,sse_composite,2023-03-17,3250.546,0.00733059,akshare_sina,passed_current_or_past_only
sh000001,sse_composite,2023-03-20,3234.91,-0.00481027,akshare_sina,passed_current_or_past_only
sh000001,sse_composite,2023-03-21,3255.651,0.00641162,akshare_sina,passed_current_or_past_only
sh000001,sse_composite,2023-03-22,3265.748,0.00310138,akshare_sina,passed_current_or_past_only
sh000001,sse_composite,2023-03-23,3286.649,0.00640007,akshare_sina,passed_current_or_past_only
sh000001,sse_composite,2023-03-24,3265.654,-0.00638797,akshare_sina,passed_current_or_past_only
sh000001,sse_composite,2023-03-27,3251.397,-0.00436574,akshare_sina,passed_current_or_past_only
sh000001,sse_composite,2023-03-28,3245.376,-0.00185182,akshare_sina,passed_current_or_past_only
sh000001,sse_composite,2023-03-29,3240.057,-0.00163895,akshare_sina,passed_current_or_past_only
sh000001,sse_composite,2023-03-30,3261.249,0.00654063,akshare_sina,passed_current_or_past_only
sh000001,sse_composite,2023-03-31,3272.86,0.00356029,akshare_sina,passed_current_or_past_only
sh000001,sse_composite,2023-04-03,3296.396,0.00719126,akshare_sina,passed_current_or_past_only
sh000001,sse_composite,2023-04-04,3312.558,0.00490293,akshare_sina,passed_current_or_past_only
sh000001,sse_composite,2023-04-06,3312.628,2.113e-05,akshare_sina,passed_current_or_past_only
sh000001,sse_composite,2023-04-07,3327.646,0.00453356,akshare_sina,passed_current_or_past_only
sh000001,sse_composite,2023-04-10,3315.358,-0.0036927,akshare_sina,passed_current_or_past_only
sh000001,sse_composite,2023-04-11,3313.571,-0.00053901,akshare_sina,passed_current_or_past_only
sh000001,sse_composite,2023-04-12,3327.182,0.00410765,akshare_sina,passed_current_or_past_only
sh000001,sse_composite,2023-04-13,3318.364,-0.00265029,akshare_sina,passed_current_or_past_only
sh000001,sse_composite,2023-04-14,3338.153,0.00596348,akshare_sina,passed_current_or_past_only
sh000001,sse_composite,2023-04-17,3385.61,0.01421654,akshare_sina,passed_current_or_past_only
sh000001,sse_composite,2023-04-18,3393.331,0.00228053,akshare_sina,passed_current_or_past_only
sh000001,sse_composite,2023-04-19,3370.128,-0.00683782,akshare_sina,passed_current_or_past_only
sh000001,sse_composite,2023-04-20,3367.031,-0.00091896,akshare_sina,passed_current_or_past_only
sh000001,sse_composite,2023-04-21,3301.258,-0.01953442,akshare_sina,passed_current_or_past_only
sh000001,sse_composite,2023-04-24,3275.413,-0.00782883,akshare_sina,passed_current_or_past_only
sh000001,sse_composite,2023-04-25,3264.872,-0.00321822,akshare_sina,passed_current_or_past_only
sh000001,sse_composite,2023-04-26,3264.101,-0.00023615,akshare_sina,passed_current_or_past_only
sh000001,sse_composite,2023-04-27,3285.884,0.00667351,akshare_sina,passed_current_or_past_only
sh000001,sse_composite,2023-04-28,3323.275,0.01137928,akshare_sina,passed_current_or_past_only
sh000001,sse_composite,2023-05-04,3350.459,0.00817988,akshare_sina,passed_current_or_past_only
sh000001,sse_composite,2023-05-05,3334.503,-0.00476233,akshare_sina,passed_current_or_past_only
sh000001,sse_composite,2023-05-08,3395.004,0.01814393,akshare_sina,passed_current_or_past_only
sh000001,sse_composite,2023-05-09,3357.671,-0.01099645,akshare_sina,passed_current_or_past_only
sh000001,sse_composite,2023-05-10,3319.151,-0.01147224,akshare_sina,passed_current_or_past_only
sh000001,sse_composite,2023-05-11,3309.551,-0.00289231,akshare_sina,passed_current_or_past_only
sh000001,sse_composite,2023-05-12,3272.362,-0.01123687,akshare_sina,passed_current_or_past_only
sh000001,sse_composite,2023-05-15,3310.737,0.011727,akshare_sina,passed_current_or_past_only
sh000001,sse_composite,2023-05-16,3290.987,-0.00596544,akshare_sina,passed_current_or_past_only
sh000001,sse_composite,2023-05-17,3284.232,-0.00205258,akshare_sina,passed_current_or_past_only
sh000001,sse_composite,2023-05-18,3297.32,0.0039851,akshare_sina,passed_current_or_past_only
sh000001,sse_composite,2023-05-19,3283.542,-0.00417855,akshare_sina,passed_current_or_past_only
sh000001,sse_composite,2023-05-22,3296.47,0.00393721,akshare_sina,passed_current_or_past_only
sh000001,sse_composite,2023-05-23,3246.238,-0.01523812,akshare_sina,passed_current_or_past_only
sh000001,sse_composite,2023-05-24,3204.749,-0.01278064,akshare_sina,passed_current_or_past_only
sh000001,sse_composite,2023-05-25,3201.261,-0.00108838,akshare_sina,passed_current_or_past_only
sh000001,sse_composite,2023-05-26,3212.504,0.00351205,akshare_sina,passed_current_or_past_only
sh000001,sse_composite,2023-05-29,3221.448,0.00278412,akshare_sina,passed_current_or_past_only
sh000001,sse_composite,2023-05-30,3224.213,0.00085831,akshare_sina,passed_current_or_past_only
sh000001,sse_composite,2023-05-31,3204.564,-0.0060942,akshare_sina,passed_current_or_past_only
sh000001,sse_composite,2023-06-01,3204.635,2.216e-05,akshare_sina,passed_current_or_past_only
sh000001,sse_composite,2023-06-02,3230.069,0.00793663,akshare_sina,passed_current_or_past_only
sh000001,sse_composite,2023-06-05,3232.441,0.00073435,akshare_sina,passed_current_or_past_only
sh000001,sse_composite,2023-06-06,3195.34,-0.0114777,akshare_sina,passed_current_or_past_only
sh000001,sse_composite,2023-06-07,3197.759,0.00075704,akshare_sina,passed_current_or_past_only
sh000001,sse_composite,2023-06-08,3213.586,0.0049494,akshare_sina,passed_current_or_past_only
sh000001,sse_composite,2023-06-09,3231.406,0.00554521,akshare_sina,passed_current_or_past_only
sh000001,sse_composite,2023-06-12,3228.834,-0.00079594,akshare_sina,passed_current_or_past_only
sh000001,sse_composite,2023-06-13,3233.673,0.00149868,akshare_sina,passed_current_or_past_only
sh000001,sse_composite,2023-06-14,3228.989,-0.00144851,akshare_sina,passed_current_or_past_only
sh000001,sse_composite,2023-06-15,3252.975,0.00742833,akshare_sina,passed_current_or_past_only
sh000001,sse_composite,2023-06-16,3273.334,0.00625858,akshare_sina,passed_current_or_past_only
sh000001,sse_composite,2023-06-19,3255.806,-0.00535479,akshare_sina,passed_current_or_past_only
sh000001,sse_composite,2023-06-20,3240.365,-0.0047426,akshare_sina,passed_current_or_past_only
sh000001,sse_composite,2023-06-21,3197.901,-0.0131047,akshare_sina,passed_current_or_past_only
sh000001,sse_composite,2023-06-26,3150.619,-0.01478532,akshare_sina,passed_current_or_past_only
sh000001,sse_composite,2023-06-27,3189.443,0.01232266,akshare_sina,passed_current_or_past_only
sh000001,sse_composite,2023-06-28,3189.376,-2.101e-05,akshare_sina,passed_current_or_past_only
sh000001,sse_composite,2023-06-29,3182.381,-0.00219322,akshare_sina,passed_current_or_past_only
sh000001,sse_composite,2023-06-30,3202.062,0.00618436,akshare_sina,passed_current_or_past_only
sh000001,sse_composite,2023-07-03,3243.975,0.01308938,akshare_sina,passed_current_or_past_only
sh000001,sse_composite,2023-07-04,3245.349,0.00042355,akshare_sina,passed_current_or_past_only
sh000001,sse_composite,2023-07-05,3222.947,-0.0069028,akshare_sina,passed_current_or_past_only
sh000001,sse_composite,2023-07-06,3205.575,-0.0053901,akshare_sina,passed_current_or_past_only
sh000001,sse_composite,2023-07-07,3196.609,-0.002797,akshare_sina,passed_current_or_past_only
sh000001,sse_composite,2023-07-10,3203.696,0.00221704,akshare_sina,passed_current_or_past_only
sh000001,sse_composite,2023-07-11,3221.367,0.00551582,akshare_sina,passed_current_or_past_only
sh000001,sse_composite,2023-07-12,3196.134,-0.00783301,akshare_sina,passed_current_or_past_only
sh000001,sse_composite,2023-07-13,3236.48,0.01262338,akshare_sina,passed_current_or_past_only
sh000001,sse_composite,2023-07-14,3237.701,0.00037726,akshare_sina,passed_current_or_past_only
sh000001,sse_composite,2023-07-17,3209.63,-0.00867004,akshare_sina,passed_current_or_past_only
sh000001,sse_composite,2023-07-18,3197.82,-0.00367955,akshare_sina,passed_current_or_past_only
sh000001,sse_composite,2023-07-19,3198.836,0.00031772,akshare_sina,passed_current_or_past_only
sh000001,sse_composite,2023-07-20,3169.522,-0.00916396,akshare_sina,passed_current_or_past_only
sh000001,sse_composite,2023-07-21,3167.745,-0.00056065,akshare_sina,passed_current_or_past_only
sh000001,sse_composite,2023-07-24,3164.161,-0.0011314,akshare_sina,passed_current_or_past_only
sh000001,sse_composite,2023-07-25,3231.521,0.02128842,akshare_sina,passed_current_or_past_only
sh000001,sse_composite,2023-07-26,3223.028,-0.00262817,akshare_sina,passed_current_or_past_only
sh000001,sse_composite,2023-07-27,3216.671,-0.00197237,akshare_sina,passed_current_or_past_only
sh000001,sse_composite,2023-07-28,3275.926,0.01842122,akshare_sina,passed_current_or_past_only
sh000001,sse_composite,2023-07-31,3291.04,0.00461366,akshare_sina,passed_current_or_past_only
sh000001,sse_composite,2023-08-01,3290.949,-2.765e-05,akshare_sina,passed_current_or_past_only
sh000001,sse_composite,2023-08-02,3261.69,-0.00889075,akshare_sina,passed_current_or_past_only
sh000001,sse_composite,2023-08-03,3280.463,0.00575561,akshare_sina,passed_current_or_past_only
sh000001,sse_composite,2023-08-04,3288.084,0.00232315,akshare_sina,passed_current_or_past_only
sh000001,sse_composite,2023-08-07,3268.831,-0.00585539,akshare_sina,passed_current_or_past_only
sh000001,sse_composite,2023-08-08,3260.62,-0.00251191,akshare_sina,passed_current_or_past_only
sh000001,sse_composite,2023-08-09,3244.487,-0.00494783,akshare_sina,passed_current_or_past_only
sh000001,sse_composite,2023-08-10,3254.56,0.00310465,akshare_sina,passed_current_or_past_only
sh000001,sse_composite,2023-08-11,3189.248,-0.02006784,akshare_sina,passed_current_or_past_only
sh000001,sse_composite,2023-08-14,3178.427,-0.00339296,akshare_sina,passed_current_or_past_only
sh000001,sse_composite,2023-08-15,3176.176,-0.00070821,akshare_sina,passed_current_or_past_only
sh000001,sse_composite,2023-08-16,3150.128,-0.00820106,akshare_sina,passed_current_or_past_only
sh000001,sse_composite,2023-08-17,3163.739,0.00432078,akshare_sina,passed_current_or_past_only
sh000001,sse_composite,2023-08-18,3131.953,-0.01004697,akshare_sina,passed_current_or_past_only
sh000001,sse_composite,2023-08-21,3092.978,-0.01244431,akshare_sina,passed_current_or_past_only
sh000001,sse_composite,2023-08-22,3120.334,0.00884455,akshare_sina,passed_current_or_past_only
sh000001,sse_composite,2023-08-23,3078.402,-0.01343831,akshare_sina,passed_current_or_past_only
sh000001,sse_composite,2023-08-24,3082.244,0.00124805,akshare_sina,passed_current_or_past_only
sh000001,sse_composite,2023-08-25,3064.075,-0.00589473,akshare_sina,passed_current_or_past_only
sh000001,sse_composite,2023-08-28,3098.636,0.01127942,akshare_sina,passed_current_or_past_only
sh000001,sse_composite,2023-08-29,3135.887,0.01202174,akshare_sina,passed_current_or_past_only
sh000001,sse_composite,2023-08-30,3137.138,0.00039893,akshare_sina,passed_current_or_past_only
sh000001,sse_composite,2023-08-31,3119.876,-0.00550247,akshare_sina,passed_current_or_past_only
sh000001,sse_composite,2023-09-01,3133.247,0.00428575,akshare_sina,passed_current_or_past_only
sh000001,sse_composite,2023-09-04,3177.06,0.01398326,akshare_sina,passed_current_or_past_only
sh000001,sse_composite,2023-09-05,3154.369,-0.00714214,akshare_sina,passed_current_or_past_only
sh000001,sse_composite,2023-09-06,3158.077,0.00117551,akshare_sina,passed_current_or_past_only
sh000001,sse_composite,2023-09-07,3122.352,-0.01131226,akshare_sina,passed_current_or_past_only
sh000001,sse_composite,2023-09-08,3116.719,-0.00180409,akshare_sina,passed_current_or_past_only
sh000001,sse_composite,2023-09-11,3142.779,0.00836136,akshare_sina,passed_current_or_past_only
sh000001,sse_composite,2023-09-12,3137.059,-0.00182005,akshare_sina,passed_current_or_past_only
sh000001,sse_composite,2023-09-13,3123.067,-0.00446023,akshare_sina,passed_current_or_past_only
sh000001,sse_composite,2023-09-14,3126.551,0.00111557,akshare_sina,passed_current_or_past_only
sh000001,sse_composite,2023-09-15,3117.743,-0.00281716,akshare_sina,passed_current_or_past_only
sh000001,sse_composite,2023-09-18,3125.932,0.00262658,akshare_sina,passed_current_or_past_only
sh000001,sse_composite,2023-09-19,3124.957,-0.00031191,akshare_sina,passed_current_or_past_only
sh000001,sse_composite,2023-09-20,3108.568,-0.00524455,akshare_sina,passed_current_or_past_only
sh000001,sse_composite,2023-09-21,3084.701,-0.00767781,akshare_sina,passed_current_or_past_only
sh000001,sse_composite,2023-09-22,3132.432,0.01547346,akshare_sina,passed_current_or_past_only
sh000001,sse_composite,2023-09-25,3115.607,-0.00537123,akshare_sina,passed_current_or_past_only
sh000001,sse_composite,2023-09-26,3102.273,-0.00427974,akshare_sina,passed_current_or_past_only
sh000001,sse_composite,2023-09-27,3107.316,0.00162558,akshare_sina,passed_current_or_past_only
sh000001,sse_composite,2023-09-28,3110.475,0.00101663,akshare_sina,passed_current_or_past_only
sh000001,sse_composite,2023-10-09,3096.922,-0.00435721,akshare_sina,passed_current_or_past_only
sh000001,sse_composite,2023-10-10,3075.236,-0.00700244,akshare_sina,passed_current_or_past_only
sh000001,sse_composite,2023-10-11,3078.956,0.00120966,akshare_sina,passed_current_or_past_only
sh000001,sse_composite,2023-10-12,3107.901,0.00940091,akshare_sina,passed_current_or_past_only
sh000001,sse_composite,2023-10-13,3088.099,-0.0063715,akshare_sina,passed_current_or_past_only
sh000001,sse_composite,2023-10-16,3073.813,-0.00462615,akshare_sina,passed_current_or_past_only
sh000001,sse_composite,2023-10-17,3083.496,0.00315016,akshare_sina,passed_current_or_past_only
sh000001,sse_composite,2023-10-18,3058.71,-0.00803828,akshare_sina,passed_current_or_past_only
sh000001,sse_composite,2023-10-19,3005.393,-0.0174312,akshare_sina,passed_current_or_past_only
sh000001,sse_composite,2023-10-20,2983.059,-0.00743131,akshare_sina,passed_current_or_past_only
sh000001,sse_composite,2023-10-23,2939.291,-0.01467219,akshare_sina,passed_current_or_past_only
sh000001,sse_composite,2023-10-24,2962.244,0.00780903,akshare_sina,passed_current_or_past_only
sh000001,sse_composite,2023-10-25,2974.114,0.0040071,akshare_sina,passed_current_or_past_only
sh000001,sse_composite,2023-10-26,2988.299,0.00476949,akshare_sina,passed_current_or_past_only
sh000001,sse_composite,2023-10-27,3017.784,0.00986682,akshare_sina,passed_current_or_past_only
sh000001,sse_composite,2023-10-30,3021.553,0.00124893,akshare_sina,passed_current_or_past_only
sh000001,sse_composite,2023-10-31,3018.771,-0.00092072,akshare_sina,passed_current_or_past_only
sh000001,sse_composite,2023-11-01,3023.077,0.00142641,akshare_sina,passed_current_or_past_only
sh000001,sse_composite,2023-11-02,3009.406,-0.00452221,akshare_sina,passed_current_or_past_only
sh000001,sse_composite,2023-11-03,3030.798,0.00710838,akshare_sina,passed_current_or_past_only
sh000001,sse_composite,2023-11-06,3058.411,0.0091108,akshare_sina,passed_current_or_past_only
sh000001,sse_composite,2023-11-07,3057.27,-0.00037307,akshare_sina,passed_current_or_past_only
sh000001,sse_composite,2023-11-08,3052.373,-0.00160176,akshare_sina,passed_current_or_past_only
sh000001,sse_composite,2023-11-09,3053.279,0.00029682,akshare_sina,passed_current_or_past_only
sh000001,sse_composite,2023-11-10,3038.97,-0.00468644,akshare_sina,passed_current_or_past_only
sh000001,sse_composite,2023-11-13,3046.533,0.00248867,akshare_sina,passed_current_or_past_only
sh000001,sse_composite,2023-11-14,3056.07,0.00313044,akshare_sina,passed_current_or_past_only
sh000001,sse_composite,2023-11-15,3072.835,0.0054858,akshare_sina,passed_current_or_past_only
sh000001,sse_composite,2023-11-16,3050.926,-0.0071299,akshare_sina,passed_current_or_past_only
sh000001,sse_composite,2023-11-17,3054.366,0.00112753,akshare_sina,passed_current_or_past_only
sh000001,sse_composite,2023-11-20,3068.319,0.00456821,akshare_sina,passed_current_or_past_only
sh000001,sse_composite,2023-11-21,3067.933,-0.0001258,akshare_sina,passed_current_or_past_only
sh000001,sse_composite,2023-11-22,3043.611,-0.00792781,akshare_sina,passed_current_or_past_only
sh000001,sse_composite,2023-11-23,3061.856,0.00599452,akshare_sina,passed_current_or_past_only
sh000001,sse_composite,2023-11-24,3040.972,-0.0068207,akshare_sina,passed_current_or_past_only
sh000001,sse_composite,2023-11-27,3031.7,-0.00304903,akshare_sina,passed_current_or_past_only
sh000001,sse_composite,2023-11-28,3038.555,0.00226111,akshare_sina,passed_current_or_past_only
sh000001,sse_composite,2023-11-29,3021.687,-0.00555132,akshare_sina,passed_current_or_past_only
sh000001,sse_composite,2023-11-30,3029.673,0.00264289,akshare_sina,passed_current_or_past_only
sh000001,sse_composite,2023-12-01,3031.636,0.00064792,akshare_sina,passed_current_or_past_only
sh000001,sse_composite,2023-12-04,3022.914,-0.00287699,akshare_sina,passed_current_or_past_only
sh000001,sse_composite,2023-12-05,2972.296,-0.01674477,akshare_sina,passed_current_or_past_only
sh000001,sse_composite,2023-12-06,2968.933,-0.00113145,akshare_sina,passed_current_or_past_only
sh000001,sse_composite,2023-12-07,2966.206,-0.00091851,akshare_sina,passed_current_or_past_only
sh000001,sse_composite,2023-12-08,2969.559,0.0011304,akshare_sina,passed_current_or_past_only
sh000001,sse_composite,2023-12-11,2991.439,0.0073681,akshare_sina,passed_current_or_past_only
sh000001,sse_composite,2023-12-12,3003.438,0.00401111,akshare_sina,passed_current_or_past_only
sh000001,sse_composite,2023-12-13,2968.761,-0.01154577,akshare_sina,passed_current_or_past_only
sh000001,sse_composite,2023-12-14,2958.986,-0.00329262,akshare_sina,passed_current_or_past_only
sh000001,sse_composite,2023-12-15,2942.557,-0.00555224,akshare_sina,passed_current_or_past_only
sh000001,sse_composite,2023-12-18,2930.804,-0.00399415,akshare_sina,passed_current_or_past_only
sh000001,sse_composite,2023-12-19,2932.391,0.00054149,akshare_sina,passed_current_or_past_only
sh000001,sse_composite,2023-12-20,2902.11,-0.01032639,akshare_sina,passed_current_or_past_only
sh000001,sse_composite,2023-12-21,2918.715,0.0057217,akshare_sina,passed_current_or_past_only
sh000001,sse_composite,2023-12-22,2914.775,-0.00134991,akshare_sina,passed_current_or_past_only
sh000001,sse_composite,2023-12-25,2918.813,0.00138536,akshare_sina,passed_current_or_past_only
sh000001,sse_composite,2023-12-26,2898.879,-0.00682949,akshare_sina,passed_current_or_past_only
sh000001,sse_composite,2023-12-27,2914.614,0.00542796,akshare_sina,passed_current_or_past_only
sh000001,sse_composite,2023-12-28,2954.704,0.01375482,akshare_sina,passed_current_or_past_only
sh000001,sse_composite,2023-12-29,2974.935,0.00684705,akshare_sina,passed_current_or_past_only
sh000001,sse_composite,2024-01-02,2962.276,-0.00425522,akshare_sina,passed_current_or_past_only
sh000001,sse_composite,2024-01-03,2967.247,0.0016781,akshare_sina,passed_current_or_past_only
sh000001,sse_composite,2024-01-04,2954.349,-0.00434679,akshare_sina,passed_current_or_past_only
sh000001,sse_composite,2024-01-05,2929.183,-0.00851829,akshare_sina,passed_current_or_past_only
sh000001,sse_composite,2024-01-08,2887.538,-0.01421727,akshare_sina,passed_current_or_past_only
sh000001,sse_composite,2024-01-09,2893.251,0.0019785,akshare_sina,passed_current_or_past_only
sh000001,sse_composite,2024-01-10,2877.702,-0.00537423,akshare_sina,passed_current_or_past_only
sh000001,sse_composite,2024-01-11,2886.65,0.00310943,akshare_sina,passed_current_or_past_only
sh000001,sse_composite,2024-01-12,2881.977,-0.00161883,akshare_sina,passed_current_or_past_only
sh000001,sse_composite,2024-01-15,2886.291,0.00149689,akshare_sina,passed_current_or_past_only
sh000001,sse_composite,2024-01-16,2893.989,0.00266709,akshare_sina,passed_current_or_past_only
sh000001,sse_composite,2024-01-17,2833.615,-0.02086186,akshare_sina,passed_current_or_past_only
sh000001,sse_composite,2024-01-18,2845.784,0.00429451,akshare_sina,passed_current_or_past_only
sh000001,sse_composite,2024-01-19,2832.279,-0.00474562,akshare_sina,passed_current_or_past_only
sh000001,sse_composite,2024-01-22,2756.34,-0.02681198,akshare_sina,passed_current_or_past_only
sh000001,sse_composite,2024-01-23,2770.976,0.00530994,akshare_sina,passed_current_or_past_only
sh000001,sse_composite,2024-01-24,2820.772,0.01797056,akshare_sina,passed_current_or_past_only
sh000001,sse_composite,2024-01-25,2906.109,0.03025307,akshare_sina,passed_current_or_past_only
sh000001,sse_composite,2024-01-26,2910.223,0.00141564,akshare_sina,passed_current_or_past_only
sh000001,sse_composite,2024-01-29,2883.356,-0.00923194,akshare_sina,passed_current_or_past_only
sh000001,sse_composite,2024-01-30,2830.527,-0.01832205,akshare_sina,passed_current_or_past_only
sh000001,sse_composite,2024-01-31,2788.548,-0.01483081,akshare_sina,passed_current_or_past_only
sh000001,sse_composite,2024-02-01,2770.74,-0.00638612,akshare_sina,passed_current_or_past_only
sh000001,sse_composite,2024-02-02,2730.152,-0.01464879,akshare_sina,passed_current_or_past_only
sh000001,sse_composite,2024-02-05,2702.185,-0.01024375,akshare_sina,passed_current_or_past_only
sh000001,sse_composite,2024-02-06,2789.486,0.03230756,akshare_sina,passed_current_or_past_only
sh000001,sse_composite,2024-02-07,2829.696,0.01441484,akshare_sina,passed_current_or_past_only
sh000001,sse_composite,2024-02-08,2865.903,0.01279537,akshare_sina,passed_current_or_past_only
sh000001,sse_composite,2024-02-19,2910.544,0.01557659,akshare_sina,passed_current_or_past_only
sh000001,sse_composite,2024-02-20,2922.73,0.00418685,akshare_sina,passed_current_or_past_only
sh000001,sse_composite,2024-02-21,2950.956,0.00965741,akshare_sina,passed_current_or_past_only
sh000001,sse_composite,2024-02-22,2988.358,0.01267454,akshare_sina,passed_current_or_past_only
sh000001,sse_composite,2024-02-23,3004.881,0.00552912,akshare_sina,passed_current_or_past_only
sh000001,sse_composite,2024-02-26,2977.022,-0.00927125,akshare_sina,passed_current_or_past_only
sh000001,sse_composite,2024-02-27,3015.481,0.01291861,akshare_sina,passed_current_or_past_only
sh000001,sse_composite,2024-02-28,2957.852,-0.01911105,akshare_sina,passed_current_or_past_only
sh000001,sse_composite,2024-02-29,3015.171,0.01937859,akshare_sina,passed_current_or_past_only
sh000001,sse_composite,2024-03-01,3027.02,0.00392979,akshare_sina,passed_current_or_past_only
sh000001,sse_composite,2024-03-04,3039.306,0.00405878,akshare_sina,passed_current_or_past_only
sh000001,sse_composite,2024-03-05,3047.793,0.00279241,akshare_sina,passed_current_or_past_only
sh000001,sse_composite,2024-03-06,3039.931,-0.00257957,akshare_sina,passed_current_or_past_only
sh000001,sse_composite,2024-03-07,3027.401,-0.0041218,akshare_sina,passed_current_or_past_only
sh000001,sse_composite,2024-03-08,3046.019,0.00614983,akshare_sina,passed_current_or_past_only
sh000001,sse_composite,2024-03-11,3068.455,0.00736568,akshare_sina,passed_current_or_past_only
sh000001,sse_composite,2024-03-12,3055.935,-0.00408023,akshare_sina,passed_current_or_past_only
sh000001,sse_composite,2024-03-13,3043.835,-0.00395951,akshare_sina,passed_current_or_past_only
sh000001,sse_composite,2024-03-14,3038.234,-0.00184011,akshare_sina,passed_current_or_past_only
sh000001,sse_composite,2024-03-15,3054.636,0.00539853,akshare_sina,passed_current_or_past_only
sh000001,sse_composite,2024-03-18,3084.926,0.00991608,akshare_sina,passed_current_or_past_only
sh000001,sse_composite,2024-03-19,3062.756,-0.00718656,akshare_sina,passed_current_or_past_only
sh000001,sse_composite,2024-03-20,3079.686,0.0055277,akshare_sina,passed_current_or_past_only
sh000001,sse_composite,2024-03-21,3077.113,-0.00083547,akshare_sina,passed_current_or_past_only
sh000001,sse_composite,2024-03-22,3048.034,-0.00945009,akshare_sina,passed_current_or_past_only
sh000001,sse_composite,2024-03-25,3026.306,-0.00712853,akshare_sina,passed_current_or_past_only
sh000001,sse_composite,2024-03-26,3031.481,0.00171001,akshare_sina,passed_current_or_past_only
sh000001,sse_composite,2024-03-27,2993.139,-0.01264794,akshare_sina,passed_current_or_past_only
sh000001,sse_composite,2024-03-28,3010.664,0.00585506,akshare_sina,passed_current_or_past_only
sh000001,sse_composite,2024-03-29,3041.167,0.01013165,akshare_sina,passed_current_or_past_only
sh000001,sse_composite,2024-04-01,3077.379,0.01190727,akshare_sina,passed_current_or_past_only
sh000001,sse_composite,2024-04-02,3074.959,-0.00078638,akshare_sina,passed_current_or_past_only
sh000001,sse_composite,2024-04-03,3069.296,-0.00184165,akshare_sina,passed_current_or_past_only
sh000001,sse_composite,2024-04-08,3047.053,-0.00724694,akshare_sina,passed_current_or_past_only
sh000001,sse_composite,2024-04-09,3048.537,0.00048703,akshare_sina,passed_current_or_past_only
sh000001,sse_composite,2024-04-10,3027.335,-0.00695481,akshare_sina,passed_current_or_past_only
sh000001,sse_composite,2024-04-11,3034.246,0.00228287,akshare_sina,passed_current_or_past_only
sh000001,sse_composite,2024-04-12,3019.474,-0.00486843,akshare_sina,passed_current_or_past_only
sh000001,sse_composite,2024-04-15,3057.378,0.01255318,akshare_sina,passed_current_or_past_only
sh000001,sse_composite,2024-04-16,3007.068,-0.01645528,akshare_sina,passed_current_or_past_only
sh000001,sse_composite,2024-04-17,3071.381,0.02138728,akshare_sina,passed_current_or_past_only
sh000001,sse_composite,2024-04-18,3074.225,0.00092597,akshare_sina,passed_current_or_past_only
sh000001,sse_composite,2024-04-19,3065.261,-0.00291586,akshare_sina,passed_current_or_past_only
sh000001,sse_composite,2024-04-22,3044.595,-0.006742,akshare_sina,passed_current_or_past_only
sh000001,sse_composite,2024-04-23,3021.978,-0.00742857,akshare_sina,passed_current_or_past_only
sh000001,sse_composite,2024-04-24,3044.822,0.00755929,akshare_sina,passed_current_or_past_only
sh000001,sse_composite,2024-04-25,3052.9,0.00265303,akshare_sina,passed_current_or_past_only
sh000001,sse_composite,2024-04-26,3088.636,0.01170559,akshare_sina,passed_current_or_past_only
sh000001,sse_composite,2024-04-29,3113.043,0.00790219,akshare_sina,passed_current_or_past_only
sh000001,sse_composite,2024-04-30,3104.825,-0.00263986,akshare_sina,passed_current_or_past_only
sh000001,sse_composite,2024-05-06,3140.72,0.01156104,akshare_sina,passed_current_or_past_only
sh000001,sse_composite,2024-05-07,3147.738,0.00223452,akshare_sina,passed_current_or_past_only
sh000001,sse_composite,2024-05-08,3128.48,-0.00611804,akshare_sina,passed_current_or_past_only
sh000001,sse_composite,2024-05-09,3154.32,0.0082596,akshare_sina,passed_current_or_past_only
sh000001,sse_composite,2024-05-10,3154.547,7.196e-05,akshare_sina,passed_current_or_past_only
sh000001,sse_composite,2024-05-13,3148.021,-0.00206876,akshare_sina,passed_current_or_past_only
sh000001,sse_composite,2024-05-14,3145.774,-0.00071378,akshare_sina,passed_current_or_past_only
sh000001,sse_composite,2024-05-15,3119.902,-0.00822437,akshare_sina,passed_current_or_past_only
sh000001,sse_composite,2024-05-16,3122.401,0.00080099,akshare_sina,passed_current_or_past_only
sh000001,sse_composite,2024-05-17,3154.026,0.01012842,akshare_sina,passed_current_or_past_only
sh000001,sse_composite,2024-05-20,3171.145,0.00542767,akshare_sina,passed_current_or_past_only
sh000001,sse_composite,2024-05-21,3157.966,-0.00415591,akshare_sina,passed_current_or_past_only
sh000001,sse_composite,2024-05-22,3158.54,0.00018176,akshare_sina,passed_current_or_past_only
sh000001,sse_composite,2024-05-23,3116.387,-0.01334572,akshare_sina,passed_current_or_past_only
sh000001,sse_composite,2024-05-24,3088.871,-0.00882946,akshare_sina,passed_current_or_past_only
sh000001,sse_composite,2024-05-27,3124.043,0.01138668,akshare_sina,passed_current_or_past_only
sh000001,sse_composite,2024-05-28,3109.572,-0.00463214,akshare_sina,passed_current_or_past_only
sh000001,sse_composite,2024-05-29,3111.018,0.00046502,akshare_sina,passed_current_or_past_only
sh000001,sse_composite,2024-05-30,3091.678,-0.00621661,akshare_sina,passed_current_or_past_only
sh000001,sse_composite,2024-05-31,3086.813,-0.00157358,akshare_sina,passed_current_or_past_only
sh000001,sse_composite,2024-06-03,3078.489,-0.00269663,akshare_sina,passed_current_or_past_only
sh000001,sse_composite,2024-06-04,3091.199,0.00412865,akshare_sina,passed_current_or_past_only
sh000001,sse_composite,2024-06-05,3065.403,-0.00834498,akshare_sina,passed_current_or_past_only
sh000001,sse_composite,2024-06-06,3048.794,-0.00541821,akshare_sina,passed_current_or_past_only
sh000001,sse_composite,2024-06-07,3051.279,0.00081508,akshare_sina,passed_current_or_past_only
sh000001,sse_composite,2024-06-11,3028.045,-0.00761451,akshare_sina,passed_current_or_past_only
sh000001,sse_composite,2024-06-12,3037.468,0.00311191,akshare_sina,passed_current_or_past_only
sh000001,sse_composite,2024-06-13,3028.919,-0.00281452,akshare_sina,passed_current_or_past_only
sh000001,sse_composite,2024-06-14,3032.633,0.00122618,akshare_sina,passed_current_or_past_only
sh000001,sse_composite,2024-06-17,3015.891,-0.00552062,akshare_sina,passed_current_or_past_only
sh000001,sse_composite,2024-06-18,3030.246,0.00475979,akshare_sina,passed_current_or_past_only
sh000001,sse_composite,2024-06-19,3018.049,-0.00402509,akshare_sina,passed_current_or_past_only
sh000001,sse_composite,2024-06-20,3005.437,-0.00417886,akshare_sina,passed_current_or_past_only
sh000001,sse_composite,2024-06-21,2998.138,-0.0024286,akshare_sina,passed_current_or_past_only
sh000001,sse_composite,2024-06-24,2963.099,-0.01168692,akshare_sina,passed_current_or_past_only
sh000001,sse_composite,2024-06-25,2949.996,-0.00442206,akshare_sina,passed_current_or_past_only
sh000001,sse_composite,2024-06-26,2972.525,0.00763696,akshare_sina,passed_current_or_past_only
sh000001,sse_composite,2024-06-27,2945.852,-0.00897318,akshare_sina,passed_current_or_past_only
sh000001,sse_composite,2024-06-28,2967.403,0.00731571,akshare_sina,passed_current_or_past_only
sh000001,sse_composite,2024-07-01,2994.73,0.00920906,akshare_sina,passed_current_or_past_only
sh000001,sse_composite,2024-07-02,2997.011,0.00076167,akshare_sina,passed_current_or_past_only
sh000001,sse_composite,2024-07-03,2982.376,-0.0048832,akshare_sina,passed_current_or_past_only
sh000001,sse_composite,2024-07-04,2957.567,-0.00831854,akshare_sina,passed_current_or_past_only
sh000001,sse_composite,2024-07-05,2949.933,-0.00258118,akshare_sina,passed_current_or_past_only
sh000001,sse_composite,2024-07-08,2922.45,-0.00931648,akshare_sina,passed_current_or_past_only
sh000001,sse_composite,2024-07-09,2959.372,0.01263392,akshare_sina,passed_current_or_past_only
sh000001,sse_composite,2024-07-10,2939.364,-0.00676089,akshare_sina,passed_current_or_past_only
sh000001,sse_composite,2024-07-11,2970.387,0.01055432,akshare_sina,passed_current_or_past_only
sh000001,sse_composite,2024-07-12,2971.295,0.00030568,akshare_sina,passed_current_or_past_only
sh000001,sse_composite,2024-07-15,2974.011,0.00091408,akshare_sina,passed_current_or_past_only
sh000001,sse_composite,2024-07-16,2976.304,0.00077101,akshare_sina,passed_current_or_past_only
sh000001,sse_composite,2024-07-17,2962.855,-0.00451869,akshare_sina,passed_current_or_past_only
sh000001,sse_composite,2024-07-18,2977.133,0.004819,akshare_sina,passed_current_or_past_only
sh000001,sse_composite,2024-07-19,2982.309,0.00173859,akshare_sina,passed_current_or_past_only
sh000001,sse_composite,2024-07-22,2964.216,-0.00606678,akshare_sina,passed_current_or_past_only
sh000001,sse_composite,2024-07-23,2915.369,-0.01647889,akshare_sina,passed_current_or_past_only
sh000001,sse_composite,2024-07-24,2901.952,-0.00460216,akshare_sina,passed_current_or_past_only
sh000001,sse_composite,2024-07-25,2886.742,-0.0052413,akshare_sina,passed_current_or_past_only
sh000001,sse_composite,2024-07-26,2890.897,0.00143934,akshare_sina,passed_current_or_past_only
sh000001,sse_composite,2024-07-29,2891.845,0.00032793,akshare_sina,passed_current_or_past_only
sh000001,sse_composite,2024-07-30,2879.3,-0.00433806,akshare_sina,passed_current_or_past_only
sh000001,sse_composite,2024-07-31,2938.749,0.02064703,akshare_sina,passed_current_or_past_only
sh000001,sse_composite,2024-08-01,2932.387,-0.00216487,akshare_sina,passed_current_or_past_only
sh000001,sse_composite,2024-08-02,2905.338,-0.00922423,akshare_sina,passed_current_or_past_only
sh000001,sse_composite,2024-08-05,2860.698,-0.01536482,akshare_sina,passed_current_or_past_only
sh000001,sse_composite,2024-08-06,2867.284,0.00230224,akshare_sina,passed_current_or_past_only
sh000001,sse_composite,2024-08-07,2869.834,0.00088934,akshare_sina,passed_current_or_past_only
sh000001,sse_composite,2024-08-08,2869.901,2.335e-05,akshare_sina,passed_current_or_past_only
sh000001,sse_composite,2024-08-09,2862.194,-0.00268546,akshare_sina,passed_current_or_past_only
sh000001,sse_composite,2024-08-12,2858.205,-0.00139369,akshare_sina,passed_current_or_past_only
sh000001,sse_composite,2024-08-13,2867.946,0.00340808,akshare_sina,passed_current_or_past_only
sh000001,sse_composite,2024-08-14,2850.654,-0.0060294,akshare_sina,passed_current_or_past_only
sh000001,sse_composite,2024-08-15,2877.358,0.00936767,akshare_sina,passed_current_or_past_only
sh000001,sse_composite,2024-08-16,2879.43,0.00072011,akshare_sina,passed_current_or_past_only
sh000001,sse_composite,2024-08-19,2893.674,0.00494681,akshare_sina,passed_current_or_past_only
sh000001,sse_composite,2024-08-20,2866.661,-0.00933519,akshare_sina,passed_current_or_past_only
sh000001,sse_composite,2024-08-21,2856.584,-0.00351524,akshare_sina,passed_current_or_past_only
sh000001,sse_composite,2024-08-22,2848.772,-0.00273473,akshare_sina,passed_current_or_past_only
sh000001,sse_composite,2024-08-23,2854.368,0.00196436,akshare_sina,passed_current_or_past_only
sh000001,sse_composite,2024-08-26,2855.52,0.00040359,akshare_sina,passed_current_or_past_only
sh000001,sse_composite,2024-08-27,2848.731,-0.0023775,akshare_sina,passed_current_or_past_only
sh000001,sse_composite,2024-08-28,2837.429,-0.00396738,akshare_sina,passed_current_or_past_only
sh000001,sse_composite,2024-08-29,2823.106,-0.00504788,akshare_sina,passed_current_or_past_only
sh000001,sse_composite,2024-08-30,2842.214,0.00676843,akshare_sina,passed_current_or_past_only
sh000001,sse_composite,2024-09-02,2811.035,-0.01096997,akshare_sina,passed_current_or_past_only
sh000001,sse_composite,2024-09-03,2802.979,-0.00286585,akshare_sina,passed_current_or_past_only
sh000001,sse_composite,2024-09-04,2784.278,-0.00667183,akshare_sina,passed_current_or_past_only
sh000001,sse_composite,2024-09-05,2788.314,0.00144957,akshare_sina,passed_current_or_past_only
sh000001,sse_composite,2024-09-06,2765.807,-0.0080719,akshare_sina,passed_current_or_past_only
sh000001,sse_composite,2024-09-09,2736.488,-0.01060052,akshare_sina,passed_current_or_past_only
sh000001,sse_composite,2024-09-10,2744.192,0.00281529,akshare_sina,passed_current_or_past_only
sh000001,sse_composite,2024-09-11,2721.795,-0.0081616,akshare_sina,passed_current_or_past_only
sh000001,sse_composite,2024-09-12,2717.123,-0.00171651,akshare_sina,passed_current_or_past_only
sh000001,sse_composite,2024-09-13,2704.09,-0.00479662,akshare_sina,passed_current_or_past_only
sh000001,sse_composite,2024-09-18,2717.281,0.00487817,akshare_sina,passed_current_or_past_only
sh000001,sse_composite,2024-09-19,2736.022,0.00689697,akshare_sina,passed_current_or_past_only
sh000001,sse_composite,2024-09-20,2736.814,0.00028947,akshare_sina,passed_current_or_past_only
sh000001,sse_composite,2024-09-23,2748.918,0.00442266,akshare_sina,passed_current_or_past_only
sh000001,sse_composite,2024-09-24,2863.126,0.04154653,akshare_sina,passed_current_or_past_only
sh000001,sse_composite,2024-09-25,2896.306,0.01158873,akshare_sina,passed_current_or_past_only
sh000001,sse_composite,2024-09-26,3000.953,0.0361312,akshare_sina,passed_current_or_past_only
sh000001,sse_composite,2024-09-27,3087.529,0.0288495,akshare_sina,passed_current_or_past_only
sh000001,sse_composite,2024-09-30,3336.497,0.08063665,akshare_sina,passed_current_or_past_only
sh000001,sse_composite,2024-10-08,3489.775,0.0459398,akshare_sina,passed_current_or_past_only
sh000001,sse_composite,2024-10-09,3258.858,-0.0661696,akshare_sina,passed_current_or_past_only
sh000001,sse_composite,2024-10-10,3301.926,0.01321567,akshare_sina,passed_current_or_past_only
sh000001,sse_composite,2024-10-11,3217.738,-0.02549663,akshare_sina,passed_current_or_past_only
sh000001,sse_composite,2024-10-14,3284.323,0.02069311,akshare_sina,passed_current_or_past_only
sh000001,sse_composite,2024-10-15,3201.292,-0.02528101,akshare_sina,passed_current_or_past_only
sh000001,sse_composite,2024-10-16,3202.948,0.00051729,akshare_sina,passed_current_or_past_only
sh000001,sse_composite,2024-10-17,3169.384,-0.0104791,akshare_sina,passed_current_or_past_only
sh000001,sse_composite,2024-10-18,3261.563,0.0290842,akshare_sina,passed_current_or_past_only
sh000001,sse_composite,2024-10-21,3268.11,0.00200732,akshare_sina,passed_current_or_past_only
sh000001,sse_composite,2024-10-22,3285.867,0.00543342,akshare_sina,passed_current_or_past_only
sh000001,sse_composite,2024-10-23,3302.803,0.0051542,akshare_sina,passed_current_or_past_only
sh000001,sse_composite,2024-10-24,3280.263,-0.00682451,akshare_sina,passed_current_or_past_only
sh000001,sse_composite,2024-10-25,3299.7,0.00592544,akshare_sina,passed_current_or_past_only
sh000001,sse_composite,2024-10-28,3322.198,0.0068182,akshare_sina,passed_current_or_past_only
sh000001,sse_composite,2024-10-29,3286.407,-0.01077329,akshare_sina,passed_current_or_past_only
sh000001,sse_composite,2024-10-30,3266.238,-0.0061371,akshare_sina,passed_current_or_past_only
sh000001,sse_composite,2024-10-31,3279.824,0.00415953,akshare_sina,passed_current_or_past_only
sh000001,sse_composite,2024-11-01,3272.014,-0.00238123,akshare_sina,passed_current_or_past_only
sh000001,sse_composite,2024-11-04,3310.207,0.01167263,akshare_sina,passed_current_or_past_only
sh000001,sse_composite,2024-11-05,3386.987,0.02319492,akshare_sina,passed_current_or_past_only
sh000001,sse_composite,2024-11-06,3383.806,-0.00093918,akshare_sina,passed_current_or_past_only
sh000001,sse_composite,2024-11-07,3470.661,0.02566784,akshare_sina,passed_current_or_past_only
sh000001,sse_composite,2024-11-08,3452.297,-0.00529121,akshare_sina,passed_current_or_past_only
sh000001,sse_composite,2024-11-11,3470.066,0.00514701,akshare_sina,passed_current_or_past_only
sh000001,sse_composite,2024-11-12,3421.97,-0.01386026,akshare_sina,passed_current_or_past_only
sh000001,sse_composite,2024-11-13,3439.278,0.00505791,akshare_sina,passed_current_or_past_only
sh000001,sse_composite,2024-11-14,3379.839,-0.01728241,akshare_sina,passed_current_or_past_only
sh000001,sse_composite,2024-11-15,3330.726,-0.01453117,akshare_sina,passed_current_or_past_only
sh000001,sse_composite,2024-11-18,3323.849,-0.00206472,akshare_sina,passed_current_or_past_only
sh000001,sse_composite,2024-11-19,3346.01,0.00666727,akshare_sina,passed_current_or_past_only
sh000001,sse_composite,2024-11-20,3367.989,0.00656872,akshare_sina,passed_current_or_past_only
sh000001,sse_composite,2024-11-21,3370.404,0.00071705,akshare_sina,passed_current_or_past_only
sh000001,sse_composite,2024-11-22,3267.192,-0.03062304,akshare_sina,passed_current_or_past_only
sh000001,sse_composite,2024-11-25,3263.76,-0.00105044,akshare_sina,passed_current_or_past_only
sh000001,sse_composite,2024-11-26,3259.757,-0.0012265,akshare_sina,passed_current_or_past_only
sh000001,sse_composite,2024-11-27,3309.779,0.01534532,akshare_sina,passed_current_or_past_only
sh000001,sse_composite,2024-11-28,3295.698,-0.00425436,akshare_sina,passed_current_or_past_only
sh000001,sse_composite,2024-11-29,3326.456,0.00933277,akshare_sina,passed_current_or_past_only
sh000001,sse_composite,2024-12-02,3363.982,0.01128108,akshare_sina,passed_current_or_past_only
sh000001,sse_composite,2024-12-03,3378.806,0.00440668,akshare_sina,passed_current_or_past_only
sh000001,sse_composite,2024-12-04,3364.65,-0.00418965,akshare_sina,passed_current_or_past_only
sh000001,sse_composite,2024-12-05,3368.855,0.00124976,akshare_sina,passed_current_or_past_only
sh000001,sse_composite,2024-12-06,3404.076,0.01045489,akshare_sina,passed_current_or_past_only
sh000001,sse_composite,2024-12-09,3402.534,-0.00045299,akshare_sina,passed_current_or_past_only
sh000001,sse_composite,2024-12-10,3422.661,0.0059153,akshare_sina,passed_current_or_past_only
sh000001,sse_composite,2024-12-11,3432.49,0.00287174,akshare_sina,passed_current_or_past_only
sh000001,sse_composite,2024-12-12,3461.5,0.00845159,akshare_sina,passed_current_or_past_only
sh000001,sse_composite,2024-12-13,3391.878,-0.02011325,akshare_sina,passed_current_or_past_only
sh000001,sse_composite,2024-12-16,3386.331,-0.00163538,akshare_sina,passed_current_or_past_only
sh000001,sse_composite,2024-12-17,3361.485,-0.00733714,akshare_sina,passed_current_or_past_only
sh000001,sse_composite,2024-12-18,3382.208,0.00616483,akshare_sina,passed_current_or_past_only
sh000001,sse_composite,2024-12-19,3370.033,-0.00359972,akshare_sina,passed_current_or_past_only
sh000001,sse_composite,2024-12-20,3368.069,-0.00058278,akshare_sina,passed_current_or_past_only
sh000001,sse_composite,2024-12-23,3351.257,-0.00499158,akshare_sina,passed_current_or_past_only
sh000001,sse_composite,2024-12-24,3393.528,0.01261348,akshare_sina,passed_current_or_past_only
sh000001,sse_composite,2024-12-25,3393.35,-5.245e-05,akshare_sina,passed_current_or_past_only
sh000001,sse_composite,2024-12-26,3398.077,0.00139302,akshare_sina,passed_current_or_past_only
sh000001,sse_composite,2024-12-27,3400.142,0.0006077,akshare_sina,passed_current_or_past_only
sh000001,sse_composite,2024-12-30,3407.326,0.00211285,akshare_sina,passed_current_or_past_only
sh000001,sse_composite,2024-12-31,3351.763,-0.01630692,akshare_sina,passed_current_or_past_only
sh000001,sse_composite,2025-01-02,3262.561,-0.02661346,akshare_sina,passed_current_or_past_only
sh000001,sse_composite,2025-01-03,3211.43,-0.01567204,akshare_sina,passed_current_or_past_only
sh000001,sse_composite,2025-01-06,3206.923,-0.00140342,akshare_sina,passed_current_or_past_only
sh000001,sse_composite,2025-01-07,3229.644,0.00708498,akshare_sina,passed_current_or_past_only
sh000001,sse_composite,2025-01-08,3230.168,0.00016225,akshare_sina,passed_current_or_past_only
sh000001,sse_composite,2025-01-09,3211.393,-0.00581239,akshare_sina,passed_current_or_past_only
sh000001,sse_composite,2025-01-10,3168.524,-0.01334904,akshare_sina,passed_current_or_past_only
sh000001,sse_composite,2025-01-13,3160.755,-0.00245193,akshare_sina,passed_current_or_past_only
sh000001,sse_composite,2025-01-14,3240.94,0.02536894,akshare_sina,passed_current_or_past_only
sh000001,sse_composite,2025-01-15,3227.117,-0.00426512,akshare_sina,passed_current_or_past_only
sh000001,sse_composite,2025-01-16,3236.032,0.00276253,akshare_sina,passed_current_or_past_only
sh000001,sse_composite,2025-01-17,3241.821,0.00178892,akshare_sina,passed_current_or_past_only
sh000001,sse_composite,2025-01-20,3244.378,0.00078875,akshare_sina,passed_current_or_past_only
sh000001,sse_composite,2025-01-21,3242.623,-0.00054094,akshare_sina,passed_current_or_past_only
sh000001,sse_composite,2025-01-22,3213.624,-0.00894307,akshare_sina,passed_current_or_past_only
sh000001,sse_composite,2025-01-23,3230.164,0.00514684,akshare_sina,passed_current_or_past_only
sh000001,sse_composite,2025-01-24,3252.626,0.00695383,akshare_sina,passed_current_or_past_only
sh000001,sse_composite,2025-01-27,3250.601,-0.00062257,akshare_sina,passed_current_or_past_only
sh000001,sse_composite,2025-02-05,3229.488,-0.00649511,akshare_sina,passed_current_or_past_only
sh000001,sse_composite,2025-02-06,3270.659,0.01274846,akshare_sina,passed_current_or_past_only
sh000001,sse_composite,2025-02-07,3303.667,0.01009216,akshare_sina,passed_current_or_past_only
sh000001,sse_composite,2025-02-10,3322.17,0.00560075,akshare_sina,passed_current_or_past_only
sh000001,sse_composite,2025-02-11,3318.057,-0.00123805,akshare_sina,passed_current_or_past_only
sh000001,sse_composite,2025-02-12,3346.385,0.00853753,akshare_sina,passed_current_or_past_only
sh000001,sse_composite,2025-02-13,3332.483,-0.00415433,akshare_sina,passed_current_or_past_only
sh000001,sse_composite,2025-02-14,3346.724,0.00427339,akshare_sina,passed_current_or_past_only
sh000001,sse_composite,2025-02-17,3355.83,0.00272087,akshare_sina,passed_current_or_past_only
sh000001,sse_composite,2025-02-18,3324.491,-0.00933867,akshare_sina,passed_current_or_past_only
sh000001,sse_composite,2025-02-19,3351.539,0.00813598,akshare_sina,passed_current_or_past_only
sh000001,sse_composite,2025-02-20,3350.783,-0.00022557,akshare_sina,passed_current_or_past_only
sh000001,sse_composite,2025-02-21,3379.113,0.00845474,akshare_sina,passed_current_or_past_only
sh000001,sse_composite,2025-02-24,3373.028,-0.00180077,akshare_sina,passed_current_or_past_only
sh000001,sse_composite,2025-02-25,3346.04,-0.00800112,akshare_sina,passed_current_or_past_only
sh000001,sse_composite,2025-02-26,3380.214,0.01021327,akshare_sina,passed_current_or_past_only
sh000001,sse_composite,2025-02-27,3388.062,0.00232175,akshare_sina,passed_current_or_past_only
sh000001,sse_composite,2025-02-28,3320.897,-0.01982402,akshare_sina,passed_current_or_past_only
sh000001,sse_composite,2025-03-03,3316.925,-0.00119606,akshare_sina,passed_current_or_past_only
sh000001,sse_composite,2025-03-04,3324.21,0.00219631,akshare_sina,passed_current_or_past_only
sh000001,sse_composite,2025-03-05,3341.965,0.00534112,akshare_sina,passed_current_or_past_only
sh000001,sse_composite,2025-03-06,3381.098,0.01170958,akshare_sina,passed_current_or_past_only
sh000001,sse_composite,2025-03-07,3372.546,-0.00252936,akshare_sina,passed_current_or_past_only
sh000001,sse_composite,2025-03-10,3366.163,-0.00189264,akshare_sina,passed_current_or_past_only
sh000001,sse_composite,2025-03-11,3379.828,0.00405952,akshare_sina,passed_current_or_past_only
sh000001,sse_composite,2025-03-12,3371.924,-0.00233858,akshare_sina,passed_current_or_past_only
sh000001,sse_composite,2025-03-13,3358.729,-0.0039132,akshare_sina,passed_current_or_past_only
sh000001,sse_composite,2025-03-14,3419.562,0.01811191,akshare_sina,passed_current_or_past_only
sh000001,sse_composite,2025-03-17,3426.129,0.00192042,akshare_sina,passed_current_or_past_only
sh000001,sse_composite,2025-03-18,3429.759,0.0010595,akshare_sina,passed_current_or_past_only
sh000001,sse_composite,2025-03-19,3426.429,-0.00097091,akshare_sina,passed_current_or_past_only
sh000001,sse_composite,2025-03-20,3408.948,-0.00510181,akshare_sina,passed_current_or_past_only
sh000001,sse_composite,2025-03-21,3364.831,-0.01294153,akshare_sina,passed_current_or_past_only
sh000001,sse_composite,2025-03-24,3370.028,0.00154451,akshare_sina,passed_current_or_past_only
sh000001,sse_composite,2025-03-25,3369.976,-1.543e-05,akshare_sina,passed_current_or_past_only
sh000001,sse_composite,2025-03-26,3368.697,-0.00037953,akshare_sina,passed_current_or_past_only
sh000001,sse_composite,2025-03-27,3373.749,0.00149969,akshare_sina,passed_current_or_past_only
sh000001,sse_composite,2025-03-28,3351.307,-0.00665195,akshare_sina,passed_current_or_past_only
sh000001,sse_composite,2025-03-31,3335.746,-0.00464326,akshare_sina,passed_current_or_past_only
sh000001,sse_composite,2025-04-01,3348.435,0.00380395,akshare_sina,passed_current_or_past_only
sh000001,sse_composite,2025-04-02,3350.127,0.00050531,akshare_sina,passed_current_or_past_only
sh000001,sse_composite,2025-04-03,3342.008,-0.00242349,akshare_sina,passed_current_or_past_only
sh000001,sse_composite,2025-04-07,3096.576,-0.07343848,akshare_sina,passed_current_or_past_only
sh000001,sse_composite,2025-04-08,3145.549,0.01581521,akshare_sina,passed_current_or_past_only
sh000001,sse_composite,2025-04-09,3186.81,0.01311727,akshare_sina,passed_current_or_past_only
sh000001,sse_composite,2025-04-10,3223.638,0.01155638,akshare_sina,passed_current_or_past_only
sh000001,sse_composite,2025-04-11,3238.227,0.00452563,akshare_sina,passed_current_or_past_only
sh000001,sse_composite,2025-04-14,3262.808,0.00759088,akshare_sina,passed_current_or_past_only
sh000001,sse_composite,2025-04-15,3267.662,0.00148768,akshare_sina,passed_current_or_past_only
sh000001,sse_composite,2025-04-16,3276.004,0.0025529,akshare_sina,passed_current_or_past_only
sh000001,sse_composite,2025-04-17,3280.341,0.00132387,akshare_sina,passed_current_or_past_only
sh000001,sse_composite,2025-04-18,3276.73,-0.0011008,akshare_sina,passed_current_or_past_only
sh000001,sse_composite,2025-04-21,3291.434,0.0044874,akshare_sina,passed_current_or_past_only
sh000001,sse_composite,2025-04-22,3299.757,0.00252869,akshare_sina,passed_current_or_past_only
sh000001,sse_composite,2025-04-23,3296.355,-0.00103099,akshare_sina,passed_current_or_past_only
sh000001,sse_composite,2025-04-24,3297.288,0.00028304,akshare_sina,passed_current_or_past_only
sh000001,sse_composite,2025-04-25,3295.06,-0.00067571,akshare_sina,passed_current_or_past_only
sh000001,sse_composite,2025-04-28,3288.415,-0.00201666,akshare_sina,passed_current_or_past_only
sh000001,sse_composite,2025-04-29,3286.655,-0.00053521,akshare_sina,passed_current_or_past_only
sh000001,sse_composite,2025-04-30,3279.031,-0.00231968,akshare_sina,passed_current_or_past_only
sh000001,sse_composite,2025-05-06,3316.114,0.01130913,akshare_sina,passed_current_or_past_only
sh000001,sse_composite,2025-05-07,3342.665,0.00800666,akshare_sina,passed_current_or_past_only
sh000001,sse_composite,2025-05-08,3351.996,0.00279149,akshare_sina,passed_current_or_past_only
sh000001,sse_composite,2025-05-09,3341.999,-0.0029824,akshare_sina,passed_current_or_past_only
sh000001,sse_composite,2025-05-12,3369.245,0.00815261,akshare_sina,passed_current_or_past_only
sh000001,sse_composite,2025-05-13,3374.871,0.00166981,akshare_sina,passed_current_or_past_only
sh000001,sse_composite,2025-05-14,3403.948,0.00861574,akshare_sina,passed_current_or_past_only
sh000001,sse_composite,2025-05-15,3380.821,-0.00679417,akshare_sina,passed_current_or_past_only
sh000001,sse_composite,2025-05-16,3367.462,-0.00395141,akshare_sina,passed_current_or_past_only
sh000001,sse_composite,2025-05-19,3367.583,3.593e-05,akshare_sina,passed_current_or_past_only
sh000001,sse_composite,2025-05-20,3380.478,0.00382916,akshare_sina,passed_current_or_past_only
sh000001,sse_composite,2025-05-21,3387.574,0.00209911,akshare_sina,passed_current_or_past_only
sh000001,sse_composite,2025-05-22,3380.189,-0.00218003,akshare_sina,passed_current_or_past_only
sh000001,sse_composite,2025-05-23,3348.372,-0.00941279,akshare_sina,passed_current_or_past_only
sh000001,sse_composite,2025-05-26,3346.839,-0.00045783,akshare_sina,passed_current_or_past_only
sh000001,sse_composite,2025-05-27,3340.687,-0.00183815,akshare_sina,passed_current_or_past_only
sh000001,sse_composite,2025-05-28,3339.932,-0.000226,akshare_sina,passed_current_or_past_only
sh000001,sse_composite,2025-05-29,3363.446,0.00704026,akshare_sina,passed_current_or_past_only
sh000001,sse_composite,2025-05-30,3347.487,-0.00474484,akshare_sina,passed_current_or_past_only
sh000001,sse_composite,2025-06-03,3361.976,0.00432832,akshare_sina,passed_current_or_past_only
sh000001,sse_composite,2025-06-04,3376.203,0.00423174,akshare_sina,passed_current_or_past_only
sh000001,sse_composite,2025-06-05,3384.099,0.00233872,akshare_sina,passed_current_or_past_only
sh000001,sse_composite,2025-06-06,3385.358,0.00037203,akshare_sina,passed_current_or_past_only
sh000001,sse_composite,2025-06-09,3399.772,0.00425775,akshare_sina,passed_current_or_past_only
sh000001,sse_composite,2025-06-10,3384.816,-0.00439912,akshare_sina,passed_current_or_past_only
sh000001,sse_composite,2025-06-11,3402.316,0.00517015,akshare_sina,passed_current_or_past_only
sh000001,sse_composite,2025-06-12,3402.658,0.00010052,akshare_sina,passed_current_or_past_only
sh000001,sse_composite,2025-06-13,3376.996,-0.00754175,akshare_sina,passed_current_or_past_only
sh000001,sse_composite,2025-06-16,3388.729,0.00347439,akshare_sina,passed_current_or_past_only
sh000001,sse_composite,2025-06-17,3387.405,-0.00039071,akshare_sina,passed_current_or_past_only
sh000001,sse_composite,2025-06-18,3388.809,0.00041448,akshare_sina,passed_current_or_past_only
sh000001,sse_composite,2025-06-19,3362.108,-0.00787917,akshare_sina,passed_current_or_past_only
sh000001,sse_composite,2025-06-20,3359.895,-0.00065822,akshare_sina,passed_current_or_past_only
sh000001,sse_composite,2025-06-23,3381.582,0.00645467,akshare_sina,passed_current_or_past_only
sh000001,sse_composite,2025-06-24,3420.566,0.01152833,akshare_sina,passed_current_or_past_only
sh000001,sse_composite,2025-06-25,3455.974,0.0103515,akshare_sina,passed_current_or_past_only
sh000001,sse_composite,2025-06-26,3448.453,-0.00217623,akshare_sina,passed_current_or_past_only
sh000001,sse_composite,2025-06-27,3424.227,-0.00702518,akshare_sina,passed_current_or_past_only
sh000001,sse_composite,2025-06-30,3444.426,0.00589885,akshare_sina,passed_current_or_past_only
sh000001,sse_composite,2025-07-01,3457.747,0.00386741,akshare_sina,passed_current_or_past_only
sh000001,sse_composite,2025-07-02,3454.792,-0.0008546,akshare_sina,passed_current_or_past_only
sh000001,sse_composite,2025-07-03,3461.151,0.00184063,akshare_sina,passed_current_or_past_only
sh000001,sse_composite,2025-07-04,3472.319,0.00322667,akshare_sina,passed_current_or_past_only
sh000001,sse_composite,2025-07-07,3473.127,0.0002327,akshare_sina,passed_current_or_past_only
sh000001,sse_composite,2025-07-08,3497.475,0.0070104,akshare_sina,passed_current_or_past_only
sh000001,sse_composite,2025-07-09,3493.05,-0.0012652,akshare_sina,passed_current_or_past_only
sh000001,sse_composite,2025-07-10,3509.682,0.00476145,akshare_sina,passed_current_or_past_only
sh000001,sse_composite,2025-07-11,3510.177,0.00014104,akshare_sina,passed_current_or_past_only
sh000001,sse_composite,2025-07-14,3519.65,0.00269872,akshare_sina,passed_current_or_past_only
sh000001,sse_composite,2025-07-15,3504.999,-0.00416263,akshare_sina,passed_current_or_past_only
sh000001,sse_composite,2025-07-16,3503.777,-0.00034864,akshare_sina,passed_current_or_past_only
sh000001,sse_composite,2025-07-17,3516.826,0.00372427,akshare_sina,passed_current_or_past_only
sh000001,sse_composite,2025-07-18,3534.483,0.00502072,akshare_sina,passed_current_or_past_only
sh000001,sse_composite,2025-07-21,3559.791,0.00716031,akshare_sina,passed_current_or_past_only
sh000001,sse_composite,2025-07-22,3581.861,0.0061998,akshare_sina,passed_current_or_past_only
sh000001,sse_composite,2025-07-23,3582.298,0.000122,akshare_sina,passed_current_or_past_only
sh000001,sse_composite,2025-07-24,3605.727,0.00654022,akshare_sina,passed_current_or_past_only
sh000001,sse_composite,2025-07-25,3593.655,-0.00334801,akshare_sina,passed_current_or_past_only
sh000001,sse_composite,2025-07-28,3597.937,0.00119154,akshare_sina,passed_current_or_past_only
sh000001,sse_composite,2025-07-29,3609.711,0.00327243,akshare_sina,passed_current_or_past_only
sh000001,sse_composite,2025-07-30,3615.717,0.00166385,akshare_sina,passed_current_or_past_only
sh000001,sse_composite,2025-07-31,3573.208,-0.01175673,akshare_sina,passed_current_or_past_only
sh000001,sse_composite,2025-08-01,3559.952,-0.00370983,akshare_sina,passed_current_or_past_only
sh000001,sse_composite,2025-08-04,3583.309,0.00656104,akshare_sina,passed_current_or_past_only
sh000001,sse_composite,2025-08-05,3617.598,0.00956909,akshare_sina,passed_current_or_past_only
sh000001,sse_composite,2025-08-06,3633.995,0.00453257,akshare_sina,passed_current_or_past_only
sh000001,sse_composite,2025-08-07,3639.667,0.00156082,akshare_sina,passed_current_or_past_only
sh000001,sse_composite,2025-08-08,3635.128,-0.00124709,akshare_sina,passed_current_or_past_only
sh000001,sse_composite,2025-08-11,3647.547,0.00341639,akshare_sina,passed_current_or_past_only
sh000001,sse_composite,2025-08-12,3665.918,0.00503654,akshare_sina,passed_current_or_past_only
sh000001,sse_composite,2025-08-13,3683.465,0.00478652,akshare_sina,passed_current_or_past_only
sh000001,sse_composite,2025-08-14,3666.443,-0.00462119,akshare_sina,passed_current_or_past_only
sh000001,sse_composite,2025-08-15,3696.771,0.00827178,akshare_sina,passed_current_or_past_only
sh000001,sse_composite,2025-08-18,3728.027,0.00845495,akshare_sina,passed_current_or_past_only
sh000001,sse_composite,2025-08-19,3727.288,-0.00019823,akshare_sina,passed_current_or_past_only
sh000001,sse_composite,2025-08-20,3766.21,0.01044245,akshare_sina,passed_current_or_past_only
sh000001,sse_composite,2025-08-21,3771.099,0.00129812,akshare_sina,passed_current_or_past_only
sh000001,sse_composite,2025-08-22,3825.759,0.01449445,akshare_sina,passed_current_or_past_only
sh000001,sse_composite,2025-08-25,3883.562,0.0151089,akshare_sina,passed_current_or_past_only
sh000001,sse_composite,2025-08-26,3868.382,-0.00390878,akshare_sina,passed_current_or_past_only
sh000001,sse_composite,2025-08-27,3800.35,-0.01758668,akshare_sina,passed_current_or_past_only
sh000001,sse_composite,2025-08-28,3843.597,0.01137974,akshare_sina,passed_current_or_past_only
sh000001,sse_composite,2025-08-29,3857.927,0.00372828,akshare_sina,passed_current_or_past_only
sh000001,sse_composite,2025-09-01,3875.53,0.00456281,akshare_sina,passed_current_or_past_only
sh000001,sse_composite,2025-09-02,3858.133,-0.00448893,akshare_sina,passed_current_or_past_only
sh000001,sse_composite,2025-09-03,3813.557,-0.01155377,akshare_sina,passed_current_or_past_only
sh000001,sse_composite,2025-09-04,3765.876,-0.01250303,akshare_sina,passed_current_or_past_only
sh000001,sse_composite,2025-09-05,3812.514,0.01238437,akshare_sina,passed_current_or_past_only
sh000001,sse_composite,2025-09-08,3826.841,0.00375789,akshare_sina,passed_current_or_past_only
sh000001,sse_composite,2025-09-09,3807.292,-0.00510839,akshare_sina,passed_current_or_past_only
sh000001,sse_composite,2025-09-10,3812.221,0.00129462,akshare_sina,passed_current_or_past_only
sh000001,sse_composite,2025-09-11,3875.309,0.01654888,akshare_sina,passed_current_or_past_only
sh000001,sse_composite,2025-09-12,3870.598,-0.00121564,akshare_sina,passed_current_or_past_only
sh000001,sse_composite,2025-09-15,3860.504,-0.00260787,akshare_sina,passed_current_or_past_only
sh000001,sse_composite,2025-09-16,3861.865,0.00035254,akshare_sina,passed_current_or_past_only
sh000001,sse_composite,2025-09-17,3876.341,0.00374845,akshare_sina,passed_current_or_past_only
sh000001,sse_composite,2025-09-18,3831.656,-0.01152762,akshare_sina,passed_current_or_past_only
sh000001,sse_composite,2025-09-19,3820.089,-0.0030188,akshare_sina,passed_current_or_past_only
sh000001,sse_composite,2025-09-22,3828.576,0.00222168,akshare_sina,passed_current_or_past_only
sh000001,sse_composite,2025-09-23,3821.833,-0.00176123,akshare_sina,passed_current_or_past_only
sh000001,sse_composite,2025-09-24,3853.642,0.00832297,akshare_sina,passed_current_or_past_only
sh000001,sse_composite,2025-09-25,3853.302,-8.823e-05,akshare_sina,passed_current_or_past_only
sh000001,sse_composite,2025-09-26,3828.106,-0.00653881,akshare_sina,passed_current_or_past_only
sh000001,sse_composite,2025-09-29,3862.532,0.00899296,akshare_sina,passed_current_or_past_only
sh000001,sse_composite,2025-09-30,3882.777,0.00524138,akshare_sina,passed_current_or_past_only
sh000001,sse_composite,2025-10-09,3933.972,0.01318515,akshare_sina,passed_current_or_past_only
sh000001,sse_composite,2025-10-10,3897.028,-0.00939102,akshare_sina,passed_current_or_past_only
sh000001,sse_composite,2025-10-13,3889.502,-0.00193122,akshare_sina,passed_current_or_past_only
sh000001,sse_composite,2025-10-14,3865.229,-0.00624064,akshare_sina,passed_current_or_past_only
sh000001,sse_composite,2025-10-15,3912.21,0.01215478,akshare_sina,passed_current_or_past_only
sh000001,sse_composite,2025-10-16,3916.228,0.00102704,akshare_sina,passed_current_or_past_only
sh000001,sse_composite,2025-10-17,3839.755,-0.01952721,akshare_sina,passed_current_or_past_only
sh000001,sse_composite,2025-10-20,3863.893,0.00628634,akshare_sina,passed_current_or_past_only
sh000001,sse_composite,2025-10-21,3916.332,0.01357155,akshare_sina,passed_current_or_past_only
sh000001,sse_composite,2025-10-22,3913.758,-0.00065725,akshare_sina,passed_current_or_past_only
sh000001,sse_composite,2025-10-23,3922.41,0.00221066,akshare_sina,passed_current_or_past_only
sh000001,sse_composite,2025-10-24,3950.312,0.00711348,akshare_sina,passed_current_or_past_only
sh000001,sse_composite,2025-10-27,3996.945,0.01180489,akshare_sina,passed_current_or_past_only
sh000001,sse_composite,2025-10-28,3988.224,-0.00218192,akshare_sina,passed_current_or_past_only
sh000001,sse_composite,2025-10-29,4016.331,0.0070475,akshare_sina,passed_current_or_past_only
sh000001,sse_composite,2025-10-30,3986.901,-0.00732758,akshare_sina,passed_current_or_past_only
sh000001,sse_composite,2025-10-31,3954.79,-0.00805413,akshare_sina,passed_current_or_past_only
sh000001,sse_composite,2025-11-03,3976.521,0.00549486,akshare_sina,passed_current_or_past_only
sh000001,sse_composite,2025-11-04,3960.186,-0.00410786,akshare_sina,passed_current_or_past_only
sh000001,sse_composite,2025-11-05,3969.248,0.00228828,akshare_sina,passed_current_or_past_only
sh000001,sse_composite,2025-11-06,4007.76,0.00970259,akshare_sina,passed_current_or_past_only
sh000001,sse_composite,2025-11-07,3997.556,-0.00254606,akshare_sina,passed_current_or_past_only
sh000001,sse_composite,2025-11-10,4018.597,0.00526347,akshare_sina,passed_current_or_past_only
sh000001,sse_composite,2025-11-11,4002.758,-0.00394143,akshare_sina,passed_current_or_past_only
sh000001,sse_composite,2025-11-12,4000.14,-0.00065405,akshare_sina,passed_current_or_past_only
sh000001,sse_composite,2025-11-13,4029.501,0.00733999,akshare_sina,passed_current_or_past_only
sh000001,sse_composite,2025-11-14,3990.492,-0.00968085,akshare_sina,passed_current_or_past_only
sh000001,sse_composite,2025-11-17,3972.035,-0.00462524,akshare_sina,passed_current_or_past_only
sh000001,sse_composite,2025-11-18,3939.813,-0.00811221,akshare_sina,passed_current_or_past_only
sh000001,sse_composite,2025-11-19,3946.742,0.00175871,akshare_sina,passed_current_or_past_only
sh000001,sse_composite,2025-11-20,3931.051,-0.00397568,akshare_sina,passed_current_or_past_only
sh000001,sse_composite,2025-11-21,3834.891,-0.02446165,akshare_sina,passed_current_or_past_only
sh000001,sse_composite,2025-11-24,3836.766,0.00048893,akshare_sina,passed_current_or_past_only
sh000001,sse_composite,2025-11-25,3870.023,0.00866798,akshare_sina,passed_current_or_past_only
sh000001,sse_composite,2025-11-26,3864.184,-0.00150878,akshare_sina,passed_current_or_past_only
sh000001,sse_composite,2025-11-27,3875.259,0.00286606,akshare_sina,passed_current_or_past_only
sh000001,sse_composite,2025-11-28,3888.596,0.00344158,akshare_sina,passed_current_or_past_only
sh000001,sse_composite,2025-12-01,3914.006,0.00653449,akshare_sina,passed_current_or_past_only
sh000001,sse_composite,2025-12-02,3897.712,-0.004163,akshare_sina,passed_current_or_past_only
sh000001,sse_composite,2025-12-03,3878.0,-0.00505733,akshare_sina,passed_current_or_past_only
sh000001,sse_composite,2025-12-04,3875.793,-0.00056911,akshare_sina,passed_current_or_past_only
sh000001,sse_composite,2025-12-05,3902.808,0.00697019,akshare_sina,passed_current_or_past_only
sh000001,sse_composite,2025-12-08,3924.078,0.00544992,akshare_sina,passed_current_or_past_only
sh000001,sse_composite,2025-12-09,3909.522,-0.00370941,akshare_sina,passed_current_or_past_only
sh000001,sse_composite,2025-12-10,3900.496,-0.00230872,akshare_sina,passed_current_or_past_only
sh000001,sse_composite,2025-12-11,3873.318,-0.00696783,akshare_sina,passed_current_or_past_only
sh000001,sse_composite,2025-12-12,3889.346,0.00413805,akshare_sina,passed_current_or_past_only
sh000001,sse_composite,2025-12-15,3867.921,-0.00550864,akshare_sina,passed_current_or_past_only
sh000001,sse_composite,2025-12-16,3824.812,-0.01114526,akshare_sina,passed_current_or_past_only
sh000001,sse_composite,2025-12-17,3870.278,0.01188712,akshare_sina,passed_current_or_past_only
sh000001,sse_composite,2025-12-18,3876.371,0.00157431,akshare_sina,passed_current_or_past_only
sh000001,sse_composite,2025-12-19,3890.448,0.00363149,akshare_sina,passed_current_or_past_only
sh000001,sse_composite,2025-12-22,3917.364,0.00691848,akshare_sina,passed_current_or_past_only
sh000001,sse_composite,2025-12-23,3919.979,0.00066754,akshare_sina,passed_current_or_past_only
sh000001,sse_composite,2025-12-24,3940.947,0.00534901,akshare_sina,passed_current_or_past_only
sh000001,sse_composite,2025-12-25,3959.621,0.00473845,akshare_sina,passed_current_or_past_only
sh000001,sse_composite,2025-12-26,3963.679,0.00102485,akshare_sina,passed_current_or_past_only
sh000001,sse_composite,2025-12-29,3965.28,0.00040392,akshare_sina,passed_current_or_past_only
sh000001,sse_composite,2025-12-30,3965.116,-4.136e-05,akshare_sina,passed_current_or_past_only
sh000001,sse_composite,2025-12-31,3968.84,0.00093919,akshare_sina,passed_current_or_past_only
sh000001,sse_composite,2026-01-05,4023.417,0.01375137,akshare_sina,passed_current_or_past_only
sh000001,sse_composite,2026-01-06,4083.667,0.01497483,akshare_sina,passed_current_or_past_only
sh000001,sse_composite,2026-01-07,4085.772,0.00051547,akshare_sina,passed_current_or_past_only
sh000001,sse_composite,2026-01-08,4082.979,-0.00068359,akshare_sina,passed_current_or_past_only
sh000001,sse_composite,2026-01-09,4120.426,0.00917149,akshare_sina,passed_current_or_past_only
sh000001,sse_composite,2026-01-12,4165.287,0.01088747,akshare_sina,passed_current_or_past_only
sh000001,sse_composite,2026-01-13,4138.759,-0.00636883,akshare_sina,passed_current_or_past_only
sh000001,sse_composite,2026-01-14,4126.093,-0.00306034,akshare_sina,passed_current_or_past_only
sh000001,sse_composite,2026-01-15,4112.601,-0.00326992,akshare_sina,passed_current_or_past_only
sh000001,sse_composite,2026-01-16,4101.913,-0.00259884,akshare_sina,passed_current_or_past_only
sh000001,sse_composite,2026-01-19,4114.0,0.00294667,akshare_sina,passed_current_or_past_only
sh000001,sse_composite,2026-01-20,4113.649,-8.532e-05,akshare_sina,passed_current_or_past_only
sh000001,sse_composite,2026-01-21,4116.94,0.00080002,akshare_sina,passed_current_or_past_only
sh000001,sse_composite,2026-01-22,4122.576,0.00136898,akshare_sina,passed_current_or_past_only
sh000001,sse_composite,2026-01-23,4136.164,0.003296,akshare_sina,passed_current_or_past_only
sh000001,sse_composite,2026-01-26,4132.605,-0.00086046,akshare_sina,passed_current_or_past_only
sh000001,sse_composite,2026-01-27,4139.904,0.0017662,akshare_sina,passed_current_or_past_only
sh000001,sse_composite,2026-01-28,4151.238,0.00273774,akshare_sina,passed_current_or_past_only
sh000001,sse_composite,2026-01-29,4157.985,0.0016253,akshare_sina,passed_current_or_past_only
sh000001,sse_composite,2026-01-30,4117.948,-0.00962894,akshare_sina,passed_current_or_past_only
sh000001,sse_composite,2026-02-02,4015.746,-0.02481867,akshare_sina,passed_current_or_past_only
sh000001,sse_composite,2026-02-03,4067.738,0.01294703,akshare_sina,passed_current_or_past_only
sh000001,sse_composite,2026-02-04,4102.202,0.00847252,akshare_sina,passed_current_or_past_only
sh000001,sse_composite,2026-02-05,4075.917,-0.00640753,akshare_sina,passed_current_or_past_only
sh000001,sse_composite,2026-02-06,4065.583,-0.00253538,akshare_sina,passed_current_or_past_only
sh000001,sse_composite,2026-02-09,4123.09,0.01414483,akshare_sina,passed_current_or_past_only
sh000001,sse_composite,2026-02-10,4128.373,0.00128132,akshare_sina,passed_current_or_past_only
sh000001,sse_composite,2026-02-11,4131.985,0.00087492,akshare_sina,passed_current_or_past_only
sh000001,sse_composite,2026-02-12,4134.018,0.00049202,akshare_sina,passed_current_or_past_only
sh000001,sse_composite,2026-02-13,4082.073,-0.01256526,akshare_sina,passed_current_or_past_only
sh000001,sse_composite,2026-02-24,4117.409,0.00865639,akshare_sina,passed_current_or_past_only
sh000001,sse_composite,2026-02-25,4147.231,0.0072429,akshare_sina,passed_current_or_past_only
sh000001,sse_composite,2026-02-26,4146.631,-0.00014467,akshare_sina,passed_current_or_past_only
sh000001,sse_composite,2026-02-27,4162.882,0.00391909,akshare_sina,passed_current_or_past_only
sh000001,sse_composite,2026-03-02,4182.591,0.00473446,akshare_sina,passed_current_or_past_only
sh000001,sse_composite,2026-03-03,4122.676,-0.01432485,akshare_sina,passed_current_or_past_only
sh000001,sse_composite,2026-03-04,4082.474,-0.00975143,akshare_sina,passed_current_or_past_only
sh000001,sse_composite,2026-03-05,4108.567,0.00639147,akshare_sina,passed_current_or_past_only
sh000001,sse_composite,2026-03-06,4124.194,0.00380352,akshare_sina,passed_current_or_past_only
sh000001,sse_composite,2026-03-09,4096.602,-0.00669028,akshare_sina,passed_current_or_past_only
sh000001,sse_composite,2026-03-10,4123.138,0.00647756,akshare_sina,passed_current_or_past_only
sh000001,sse_composite,2026-03-11,4133.433,0.00249688,akshare_sina,passed_current_or_past_only
sh000001,sse_composite,2026-03-12,4129.103,-0.00104756,akshare_sina,passed_current_or_past_only
sh000001,sse_composite,2026-03-13,4095.449,-0.00815044,akshare_sina,passed_current_or_past_only
sh000001,sse_composite,2026-03-16,4084.786,-0.00260362,akshare_sina,passed_current_or_past_only
sh000001,sse_composite,2026-03-17,4049.907,-0.00853876,akshare_sina,passed_current_or_past_only
sh000001,sse_composite,2026-03-18,4062.984,0.00322896,akshare_sina,passed_current_or_past_only
sh000001,sse_composite,2026-03-19,4006.552,-0.0138893,akshare_sina,passed_current_or_past_only
sh000001,sse_composite,2026-03-20,3957.053,-0.01235451,akshare_sina,passed_current_or_past_only
sh000001,sse_composite,2026-03-23,3813.283,-0.03633259,akshare_sina,passed_current_or_past_only
sh000001,sse_composite,2026-03-24,3881.28,0.01783162,akshare_sina,passed_current_or_past_only
sh000001,sse_composite,2026-03-25,3931.838,0.01302612,akshare_sina,passed_current_or_past_only
sh000001,sse_composite,2026-03-26,3889.084,-0.01087379,akshare_sina,passed_current_or_past_only
sh000001,sse_composite,2026-03-27,3913.724,0.00633568,akshare_sina,passed_current_or_past_only
sh000001,sse_composite,2026-03-30,3923.287,0.00244345,akshare_sina,passed_current_or_past_only
sh000001,sse_composite,2026-03-31,3891.861,-0.00801012,akshare_sina,passed_current_or_past_only
sh000001,sse_composite,2026-04-01,3948.552,0.01456655,akshare_sina,passed_current_or_past_only
sh000001,sse_composite,2026-04-02,3919.285,-0.00741208,akshare_sina,passed_current_or_past_only
sh000001,sse_composite,2026-04-03,3880.097,-0.00999876,akshare_sina,passed_current_or_past_only
sh000001,sse_composite,2026-04-07,3890.165,0.00259478,akshare_sina,passed_current_or_past_only
sh000001,sse_composite,2026-04-08,3994.998,0.02694821,akshare_sina,passed_current_or_past_only
sh000001,sse_composite,2026-04-09,3966.171,-0.00721577,akshare_sina,passed_current_or_past_only
sh000001,sse_composite,2026-04-10,3986.225,0.00505626,akshare_sina,passed_current_or_past_only
sh000001,sse_composite,2026-04-13,3988.558,0.00058527,akshare_sina,passed_current_or_past_only
sh000001,sse_composite,2026-04-14,4026.626,0.0095443,akshare_sina,passed_current_or_past_only
sh000001,sse_composite,2026-04-15,4027.21,0.00014503,akshare_sina,passed_current_or_past_only
sh000001,sse_composite,2026-04-16,4055.547,0.00703638,akshare_sina,passed_current_or_past_only
sh000001,sse_composite,2026-04-17,4051.425,-0.00101639,akshare_sina,passed_current_or_past_only
sh000001,sse_composite,2026-04-20,4082.127,0.00757807,akshare_sina,passed_current_or_past_only
sh000001,sse_composite,2026-04-21,4085.077,0.00072266,akshare_sina,passed_current_or_past_only
sh000001,sse_composite,2026-04-22,4106.258,0.00518497,akshare_sina,passed_current_or_past_only
sh000001,sse_composite,2026-04-23,4093.25,-0.00316785,akshare_sina,passed_current_or_past_only
sh000001,sse_composite,2026-04-24,4079.9,-0.00326147,akshare_sina,passed_current_or_past_only
sh000001,sse_composite,2026-04-27,4086.344,0.00157945,akshare_sina,passed_current_or_past_only
sh000001,sse_composite,2026-04-28,4078.637,-0.00188604,akshare_sina,passed_current_or_past_only
sh000001,sse_composite,2026-04-29,4107.514,0.00708006,akshare_sina,passed_current_or_past_only
sh000001,sse_composite,2026-04-30,4112.159,0.00113085,akshare_sina,passed_current_or_past_only
sh000001,sse_composite,2026-05-06,4160.174,0.01167635,akshare_sina,passed_current_or_past_only
sh000001,sse_composite,2026-05-07,4180.092,0.00478778,akshare_sina,passed_current_or_past_only
sh000001,sse_composite,2026-05-08,4179.952,-3.349e-05,akshare_sina,passed_current_or_past_only
sh000001,sse_composite,2026-05-11,4225.021,0.01078218,akshare_sina,passed_current_or_past_only
sh000001,sse_composite,2026-05-12,4214.489,-0.00249277,akshare_sina,passed_current_or_past_only
sh000001,sse_composite,2026-05-13,4242.572,0.00666344,akshare_sina,passed_current_or_past_only
sh000001,sse_composite,2026-05-14,4177.918,-0.01523934,akshare_sina,passed_current_or_past_only
sh000001,sse_composite,2026-05-15,4135.389,-0.01017947,akshare_sina,passed_current_or_past_only
sh000001,sse_composite,2026-05-18,4131.528,-0.00093365,akshare_sina,passed_current_or_past_only
sh000001,sse_composite,2026-05-19,4169.538,0.00919999,akshare_sina,passed_current_or_past_only
sh000001,sse_composite,2026-05-20,4162.185,-0.0017635,akshare_sina,passed_current_or_past_only
sh000001,sse_composite,2026-05-21,4077.277,-0.02039986,akshare_sina,passed_current_or_past_only
sh000001,sse_composite,2026-05-22,4112.9,0.00873696,akshare_sina,passed_current_or_past_only
sh000001,sse_composite,2026-05-25,4152.569,0.00964502,akshare_sina,passed_current_or_past_only
sh000001,sse_composite,2026-05-26,4145.373,-0.0017329,akshare_sina,passed_current_or_past_only
sh000001,sse_composite,2026-05-27,4093.727,-0.01245871,akshare_sina,passed_current_or_past_only
sh000001,sse_composite,2026-05-28,4098.636,0.00119915,akshare_sina,passed_current_or_past_only
sh000001,sse_composite,2026-05-29,4068.569,-0.00733586,akshare_sina,passed_current_or_past_only
sh000001,sse_composite,2026-06-01,4057.74,-0.00266162,akshare_sina,passed_current_or_past_only
sh000001,sse_composite,2026-06-02,4075.102,0.00427874,akshare_sina,passed_current_or_past_only
sh000001,sse_composite,2026-06-03,4083.974,0.00217712,akshare_sina,passed_current_or_past_only
sh000001,sse_composite,2026-06-04,4057.781,-0.00641361,akshare_sina,passed_current_or_past_only
sh000001,sse_composite,2026-06-05,4027.736,-0.00740429,akshare_sina,passed_current_or_past_only
sh000001,sse_composite,2026-06-08,3959.338,-0.01698175,akshare_sina,passed_current_or_past_only
sh000001,sse_composite,2026-06-09,4010.031,0.0128034,akshare_sina,passed_current_or_past_only
sh000001,sse_composite,2026-06-10,3993.226,-0.00419074,akshare_sina,passed_current_or_past_only
sh000001,sse_composite,2026-06-11,3987.015,-0.00155538,akshare_sina,passed_current_or_past_only
sh000001,sse_composite,2026-06-12,4031.513,0.01116073,akshare_sina,passed_current_or_past_only
sh000001,sse_composite,2026-06-15,4096.472,0.01611281,akshare_sina,passed_current_or_past_only
sh000001,sse_composite,2026-06-16,4091.892,-0.00111804,akshare_sina,passed_current_or_past_only
sh000001,sse_composite,2026-06-17,4108.076,0.00395514,akshare_sina,passed_current_or_past_only
sh000001,sse_composite,2026-06-18,4090.481,-0.00428303,akshare_sina,passed_current_or_past_only
sh000001,sse_composite,2026-06-22,4163.097,0.01775244,akshare_sina,passed_current_or_past_only
sh000001,sse_composite,2026-06-23,4106.252,-0.0136545,akshare_sina,passed_current_or_past_only
sh000001,sse_composite,2026-06-24,4110.813,0.00111075,akshare_sina,passed_current_or_past_only
sh000001,sse_composite,2026-06-25,4120.281,0.00230319,akshare_sina,passed_current_or_past_only
sh000001,sse_composite,2026-06-26,4027.265,-0.02257516,akshare_sina,passed_current_or_past_only
sh000001,sse_composite,2026-06-29,4073.902,0.01158032,akshare_sina,passed_current_or_past_only
sh000001,sse_composite,2026-06-30,4094.397,0.0050308,akshare_sina,passed_current_or_past_only
sh000001,sse_composite,2026-07-01,4112.445,0.00440798,akshare_sina,passed_current_or_past_only
sh000001,sse_composite,2026-07-02,4028.904,-0.02031419,akshare_sina,passed_current_or_past_only
sh000001,sse_composite,2026-07-03,4043.643,0.00365832,akshare_sina,passed_current_or_past_only
sh000001,sse_composite,2026-07-06,4041.238,-0.00059476,akshare_sina,passed_current_or_past_only
sz399001,szse_component,2023-01-03,11117.13,,akshare_sina,passed_current_or_past_only
sz399001,szse_component,2023-01-04,11095.373,-0.00195707,akshare_sina,passed_current_or_past_only
sz399001,szse_component,2023-01-05,11332.011,0.02132763,akshare_sina,passed_current_or_past_only
sz399001,szse_component,2023-01-06,11367.732,0.00315222,akshare_sina,passed_current_or_past_only
sz399001,szse_component,2023-01-09,11450.147,0.00724991,akshare_sina,passed_current_or_past_only
sz399001,szse_component,2023-01-10,11506.794,0.00494727,akshare_sina,passed_current_or_past_only
sz399001,szse_component,2023-01-11,11439.439,-0.0058535,akshare_sina,passed_current_or_past_only
sz399001,szse_component,2023-01-12,11465.728,0.0022981,akshare_sina,passed_current_or_past_only
sz399001,szse_component,2023-01-13,11602.305,0.01191176,akshare_sina,passed_current_or_past_only
sz399001,szse_component,2023-01-16,11785.768,0.01581263,akshare_sina,passed_current_or_past_only
sz399001,szse_component,2023-01-17,11800.553,0.00125448,akshare_sina,passed_current_or_past_only
sz399001,szse_component,2023-01-18,11810.66,0.00085649,akshare_sina,passed_current_or_past_only
sz399001,szse_component,2023-01-19,11913.264,0.00868741,akshare_sina,passed_current_or_past_only
sz399001,szse_component,2023-01-20,11980.62,0.00565387,akshare_sina,passed_current_or_past_only
sz399001,szse_component,2023-01-30,12097.763,0.00977771,akshare_sina,passed_current_or_past_only
sz399001,szse_component,2023-01-31,12001.265,-0.00797652,akshare_sina,passed_current_or_past_only
sz399001,szse_component,2023-02-01,12158.19,0.0130757,akshare_sina,passed_current_or_past_only
sz399001,szse_component,2023-02-02,12131.201,-0.00221982,akshare_sina,passed_current_or_past_only
sz399001,szse_component,2023-02-03,12054.295,-0.00633952,akshare_sina,passed_current_or_past_only
sz399001,szse_component,2023-02-06,11912.562,-0.01175788,akshare_sina,passed_current_or_past_only
sz399001,szse_component,2023-02-07,11926.88,0.00120192,akshare_sina,passed_current_or_past_only
sz399001,szse_component,2023-02-08,11853.463,-0.00615559,akshare_sina,passed_current_or_past_only
sz399001,szse_component,2023-02-09,12048.271,0.01643469,akshare_sina,passed_current_or_past_only
sz399001,szse_component,2023-02-10,11976.853,-0.00592766,akshare_sina,passed_current_or_past_only
sz399001,szse_component,2023-02-13,12113.607,0.01141819,akshare_sina,passed_current_or_past_only
sz399001,szse_component,2023-02-14,12094.94,-0.00154099,akshare_sina,passed_current_or_past_only
sz399001,szse_component,2023-02-15,12064.378,-0.00252684,akshare_sina,passed_current_or_past_only
sz399001,szse_component,2023-02-16,11907.399,-0.01301178,akshare_sina,passed_current_or_past_only
sz399001,szse_component,2023-02-17,11715.769,-0.01609336,akshare_sina,passed_current_or_past_only
sz399001,szse_component,2023-02-20,11954.128,0.02034514,akshare_sina,passed_current_or_past_only
sz399001,szse_component,2023-02-21,11968.604,0.00121096,akshare_sina,passed_current_or_past_only
sz399001,szse_component,2023-02-22,11900.122,-0.0057218,akshare_sina,passed_current_or_past_only
sz399001,szse_component,2023-02-23,11884.305,-0.00132915,akshare_sina,passed_current_or_past_only
sz399001,szse_component,2023-02-24,11787.453,-0.00814957,akshare_sina,passed_current_or_past_only
sz399001,szse_component,2023-02-27,11701.946,-0.00725407,akshare_sina,passed_current_or_past_only
sz399001,szse_component,2023-02-28,11783.798,0.00699473,akshare_sina,passed_current_or_past_only
sz399001,szse_component,2023-03-01,11914.318,0.01107623,akshare_sina,passed_current_or_past_only
sz399001,szse_component,2023-03-02,11849.508,-0.00543967,akshare_sina,passed_current_or_past_only
sz399001,szse_component,2023-03-03,11851.918,0.00020338,akshare_sina,passed_current_or_past_only
sz399001,szse_component,2023-03-06,11842.885,-0.00076216,akshare_sina,passed_current_or_past_only
sz399001,szse_component,2023-03-07,11608.583,-0.0197842,akshare_sina,passed_current_or_past_only
sz399001,szse_component,2023-03-08,11598.288,-0.00088684,akshare_sina,passed_current_or_past_only
sz399001,szse_component,2023-03-09,11579.993,-0.00157739,akshare_sina,passed_current_or_past_only
sz399001,szse_component,2023-03-10,11442.537,-0.01187013,akshare_sina,passed_current_or_past_only
sz399001,szse_component,2023-03-13,11505.023,0.00546085,akshare_sina,passed_current_or_past_only
sz399001,szse_component,2023-03-14,11416.569,-0.00768829,akshare_sina,passed_current_or_past_only
sz399001,szse_component,2023-03-15,11413.433,-0.00027469,akshare_sina,passed_current_or_past_only
sz399001,szse_component,2023-03-16,11237.704,-0.01539668,akshare_sina,passed_current_or_past_only
sz399001,szse_component,2023-03-17,11278.046,0.00358988,akshare_sina,passed_current_or_past_only
sz399001,szse_component,2023-03-20,11247.135,-0.00274081,akshare_sina,passed_current_or_past_only
sz399001,szse_component,2023-03-21,11427.247,0.01601403,akshare_sina,passed_current_or_past_only
sz399001,szse_component,2023-03-22,11496.931,0.00609806,akshare_sina,passed_current_or_past_only
sz399001,szse_component,2023-03-23,11605.289,0.00942495,akshare_sina,passed_current_or_past_only
sz399001,szse_component,2023-03-24,11634.22,0.00249292,akshare_sina,passed_current_or_past_only
sz399001,szse_component,2023-03-27,11647.938,0.00117911,akshare_sina,passed_current_or_past_only
sz399001,szse_component,2023-03-28,11564.45,-0.00716762,akshare_sina,passed_current_or_past_only
sz399001,szse_component,2023-03-29,11579.915,0.00133729,akshare_sina,passed_current_or_past_only
sz399001,szse_component,2023-03-30,11651.831,0.00621041,akshare_sina,passed_current_or_past_only
sz399001,szse_component,2023-03-31,11726.397,0.00639951,akshare_sina,passed_current_or_past_only
sz399001,szse_component,2023-04-03,11889.42,0.01390222,akshare_sina,passed_current_or_past_only
sz399001,szse_component,2023-04-04,11859.477,-0.00251846,akshare_sina,passed_current_or_past_only
sz399001,szse_component,2023-04-06,11866.311,0.00057625,akshare_sina,passed_current_or_past_only
sz399001,szse_component,2023-04-07,11967.743,0.0085479,akshare_sina,passed_current_or_past_only
sz399001,szse_component,2023-04-10,11871.928,-0.0080061,akshare_sina,passed_current_or_past_only
sz399001,szse_component,2023-04-11,11877.147,0.00043961,akshare_sina,passed_current_or_past_only
sz399001,szse_component,2023-04-12,11883.514,0.00053607,akshare_sina,passed_current_or_past_only
sz399001,szse_component,2023-04-13,11739.842,-0.01209003,akshare_sina,passed_current_or_past_only
sz399001,szse_component,2023-04-14,11800.094,0.00513227,akshare_sina,passed_current_or_past_only
sz399001,szse_component,2023-04-17,11855.484,0.00469403,akshare_sina,passed_current_or_past_only
sz399001,szse_component,2023-04-18,11860.399,0.00041458,akshare_sina,passed_current_or_past_only
sz399001,szse_component,2023-04-19,11760.271,-0.00844221,akshare_sina,passed_current_or_past_only
sz399001,szse_component,2023-04-20,11717.264,-0.00365697,akshare_sina,passed_current_or_past_only
sz399001,szse_component,2023-04-21,11450.435,-0.0227723,akshare_sina,passed_current_or_past_only
sz399001,szse_component,2023-04-24,11317.012,-0.01165222,akshare_sina,passed_current_or_past_only
sz399001,szse_component,2023-04-25,11149.011,-0.014845,akshare_sina,passed_current_or_past_only
sz399001,szse_component,2023-04-26,11185.683,0.00328926,akshare_sina,passed_current_or_past_only
sz399001,szse_component,2023-04-27,11216.997,0.00279947,akshare_sina,passed_current_or_past_only
sz399001,szse_component,2023-04-28,11338.666,0.01084684,akshare_sina,passed_current_or_past_only
sz399001,szse_component,2023-05-04,11273.866,-0.00571496,akshare_sina,passed_current_or_past_only
sz399001,szse_component,2023-05-05,11180.872,-0.00824863,akshare_sina,passed_current_or_past_only
sz399001,szse_component,2023-05-08,11225.774,0.00401597,akshare_sina,passed_current_or_past_only
sz399001,szse_component,2023-05-09,11125.021,-0.00897515,akshare_sina,passed_current_or_past_only
sz399001,szse_component,2023-05-10,11140.188,0.00136332,akshare_sina,passed_current_or_past_only
sz399001,szse_component,2023-05-11,11142.525,0.00020978,akshare_sina,passed_current_or_past_only
sz399001,szse_component,2023-05-12,11005.644,-0.01228456,akshare_sina,passed_current_or_past_only
sz399001,szse_component,2023-05-15,11178.623,0.0157173,akshare_sina,passed_current_or_past_only
sz399001,szse_component,2023-05-16,11099.258,-0.00709971,akshare_sina,passed_current_or_past_only
sz399001,szse_component,2023-05-17,11091.084,-0.00073645,akshare_sina,passed_current_or_past_only
sz399001,szse_component,2023-05-18,11078.282,-0.00115426,akshare_sina,passed_current_or_past_only
sz399001,szse_component,2023-05-19,11091.359,0.00118042,akshare_sina,passed_current_or_past_only
sz399001,szse_component,2023-05-22,11127.037,0.00321674,akshare_sina,passed_current_or_past_only
sz399001,szse_component,2023-05-23,11012.576,-0.01028675,akshare_sina,passed_current_or_past_only
sz399001,szse_component,2023-05-24,10920.327,-0.0083767,akshare_sina,passed_current_or_past_only
sz399001,szse_component,2023-05-25,10896.582,-0.00217439,akshare_sina,passed_current_or_past_only
sz399001,szse_component,2023-05-26,10909.65,0.00119928,akshare_sina,passed_current_or_past_only
sz399001,szse_component,2023-05-29,10822.093,-0.00802565,akshare_sina,passed_current_or_past_only
sz399001,szse_component,2023-05-30,10869.552,0.00438538,akshare_sina,passed_current_or_past_only
sz399001,szse_component,2023-05-31,10793.85,-0.00696459,akshare_sina,passed_current_or_past_only
sz399001,szse_component,2023-06-01,10835.896,0.00389537,akshare_sina,passed_current_or_past_only
sz399001,szse_component,2023-06-02,10998.075,0.01496683,akshare_sina,passed_current_or_past_only
sz399001,szse_component,2023-06-05,10946.084,-0.00472728,akshare_sina,passed_current_or_past_only
sz399001,szse_component,2023-06-06,10773.45,-0.0157713,akshare_sina,passed_current_or_past_only
sz399001,szse_component,2023-06-07,10708.822,-0.00599882,akshare_sina,passed_current_or_past_only
sz399001,szse_component,2023-06-08,10722.873,0.0013121,akshare_sina,passed_current_or_past_only
sz399001,szse_component,2023-06-09,10793.926,0.0066263,akshare_sina,passed_current_or_past_only
sz399001,szse_component,2023-06-12,10873.74,0.00739434,akshare_sina,passed_current_or_past_only
sz399001,szse_component,2023-06-13,10955.96,0.00756134,akshare_sina,passed_current_or_past_only
sz399001,szse_component,2023-06-14,10984.556,0.00261009,akshare_sina,passed_current_or_past_only
sz399001,szse_component,2023-06-15,11182.943,0.01806054,akshare_sina,passed_current_or_past_only
sz399001,szse_component,2023-06-16,11306.531,0.01105147,akshare_sina,passed_current_or_past_only
sz399001,szse_component,2023-06-19,11274.049,-0.00287285,akshare_sina,passed_current_or_past_only
sz399001,szse_component,2023-06-20,11305.354,0.00277673,akshare_sina,passed_current_or_past_only
sz399001,szse_component,2023-06-21,11058.634,-0.02182329,akshare_sina,passed_current_or_past_only
sz399001,szse_component,2023-06-26,10872.3,-0.01684964,akshare_sina,passed_current_or_past_only
sz399001,szse_component,2023-06-27,10978.081,0.0097294,akshare_sina,passed_current_or_past_only
sz399001,szse_component,2023-06-28,10926.323,-0.00471467,akshare_sina,passed_current_or_past_only
sz399001,szse_component,2023-06-29,10915.499,-0.00099064,akshare_sina,passed_current_or_past_only
sz399001,szse_component,2023-06-30,11026.586,0.010177,akshare_sina,passed_current_or_past_only
sz399001,szse_component,2023-07-03,11091.563,0.00589276,akshare_sina,passed_current_or_past_only
sz399001,szse_component,2023-07-04,11130.304,0.00349284,akshare_sina,passed_current_or_past_only
sz399001,szse_component,2023-07-05,11029.296,-0.00907504,akshare_sina,passed_current_or_past_only
sz399001,szse_component,2023-07-06,10968.37,-0.00552402,akshare_sina,passed_current_or_past_only
sz399001,szse_component,2023-07-07,10888.555,-0.00727683,akshare_sina,passed_current_or_past_only
sz399001,szse_component,2023-07-10,10942.832,0.00498478,akshare_sina,passed_current_or_past_only
sz399001,szse_component,2023-07-11,11028.683,0.00784541,akshare_sina,passed_current_or_past_only
sz399001,szse_component,2023-07-12,10919.259,-0.00992176,akshare_sina,passed_current_or_past_only
sz399001,szse_component,2023-07-13,11095.437,0.01613461,akshare_sina,passed_current_or_past_only
sz399001,szse_component,2023-07-14,11080.323,-0.00136218,akshare_sina,passed_current_or_past_only
sz399001,szse_component,2023-07-17,11010.357,-0.00631444,akshare_sina,passed_current_or_past_only
sz399001,szse_component,2023-07-18,10972.962,-0.00339635,akshare_sina,passed_current_or_past_only
sz399001,szse_component,2023-07-19,10932.649,-0.00367385,akshare_sina,passed_current_or_past_only
sz399001,szse_component,2023-07-20,10816.271,-0.010645,akshare_sina,passed_current_or_past_only
sz399001,szse_component,2023-07-21,10810.182,-0.00056295,akshare_sina,passed_current_or_past_only
sz399001,szse_component,2023-07-24,10747.793,-0.00577132,akshare_sina,passed_current_or_past_only
sz399001,szse_component,2023-07-25,11021.291,0.0254469,akshare_sina,passed_current_or_past_only
sz399001,szse_component,2023-07-26,10968.98,-0.00474636,akshare_sina,passed_current_or_past_only
sz399001,szse_component,2023-07-27,10923.774,-0.00412126,akshare_sina,passed_current_or_past_only
sz399001,szse_component,2023-07-28,11100.396,0.01616859,akshare_sina,passed_current_or_past_only
sz399001,szse_component,2023-07-31,11183.911,0.00752361,akshare_sina,passed_current_or_past_only
sz399001,szse_component,2023-08-01,11143.234,-0.0036371,akshare_sina,passed_current_or_past_only
sz399001,szse_component,2023-08-02,11104.158,-0.0035067,akshare_sina,passed_current_or_past_only
sz399001,szse_component,2023-08-03,11163.42,0.00533692,akshare_sina,passed_current_or_past_only
sz399001,szse_component,2023-08-04,11238.062,0.0066863,akshare_sina,passed_current_or_past_only
sz399001,szse_component,2023-08-07,11145.03,-0.0082783,akshare_sina,passed_current_or_past_only
sz399001,szse_component,2023-08-08,11098.445,-0.00417989,akshare_sina,passed_current_or_past_only
sz399001,szse_component,2023-08-09,11039.451,-0.00531552,akshare_sina,passed_current_or_past_only
sz399001,szse_component,2023-08-10,11050.222,0.00097568,akshare_sina,passed_current_or_past_only
sz399001,szse_component,2023-08-11,10808.865,-0.02184182,akshare_sina,passed_current_or_past_only
sz399001,szse_component,2023-08-14,10755.143,-0.00497018,akshare_sina,passed_current_or_past_only
sz399001,szse_component,2023-08-15,10679.728,-0.00701199,akshare_sina,passed_current_or_past_only
sz399001,szse_component,2023-08-16,10579.558,-0.00937945,akshare_sina,passed_current_or_past_only
sz399001,szse_component,2023-08-17,10644.523,0.00614062,akshare_sina,passed_current_or_past_only
sz399001,szse_component,2023-08-18,10458.511,-0.0174749,akshare_sina,passed_current_or_past_only
sz399001,szse_component,2023-08-21,10320.393,-0.01320628,akshare_sina,passed_current_or_past_only
sz399001,szse_component,2023-08-22,10374.727,0.00526472,akshare_sina,passed_current_or_past_only
sz399001,szse_component,2023-08-23,10152.604,-0.02141001,akshare_sina,passed_current_or_past_only
sz399001,szse_component,2023-08-24,10256.189,0.0102028,akshare_sina,passed_current_or_past_only
sz399001,szse_component,2023-08-25,10130.471,-0.01225777,akshare_sina,passed_current_or_past_only
sz399001,szse_component,2023-08-28,10233.153,0.01013596,akshare_sina,passed_current_or_past_only
sz399001,szse_component,2023-08-29,10454.98,0.02167729,akshare_sina,passed_current_or_past_only
sz399001,szse_component,2023-08-30,10482.497,0.00263195,akshare_sina,passed_current_or_past_only
sz399001,szse_component,2023-08-31,10418.21,-0.00613279,akshare_sina,passed_current_or_past_only
sz399001,szse_component,2023-09-01,10463.743,0.00437052,akshare_sina,passed_current_or_past_only
sz399001,szse_component,2023-09-04,10611.739,0.0141437,akshare_sina,passed_current_or_past_only
sz399001,szse_component,2023-09-05,10540.709,-0.00669353,akshare_sina,passed_current_or_past_only
sz399001,szse_component,2023-09-06,10515.213,-0.00241881,akshare_sina,passed_current_or_past_only
sz399001,szse_component,2023-09-07,10321.438,-0.01842806,akshare_sina,passed_current_or_past_only
sz399001,szse_component,2023-09-08,10281.878,-0.0038328,akshare_sina,passed_current_or_past_only
sz399001,szse_component,2023-09-11,10382.377,0.00977438,akshare_sina,passed_current_or_past_only
sz399001,szse_component,2023-09-12,10373.993,-0.00080752,akshare_sina,passed_current_or_past_only
sz399001,szse_component,2023-09-13,10255.868,-0.01138665,akshare_sina,passed_current_or_past_only
sz399001,szse_component,2023-09-14,10197.592,-0.00568221,akshare_sina,passed_current_or_past_only
sz399001,szse_component,2023-09-15,10144.595,-0.00519701,akshare_sina,passed_current_or_past_only
sz399001,szse_component,2023-09-18,10200.036,0.00546508,akshare_sina,passed_current_or_past_only
sz399001,szse_component,2023-09-19,10125.729,-0.00728497,akshare_sina,passed_current_or_past_only
sz399001,szse_component,2023-09-20,10072.459,-0.00526086,akshare_sina,passed_current_or_past_only
sz399001,szse_component,2023-09-21,9981.67,-0.00901359,akshare_sina,passed_current_or_past_only
sz399001,szse_component,2023-09-22,10178.736,0.01974279,akshare_sina,passed_current_or_past_only
sz399001,szse_component,2023-09-25,10120.624,-0.00570916,akshare_sina,passed_current_or_past_only
sz399001,szse_component,2023-09-26,10060.151,-0.00597522,akshare_sina,passed_current_or_past_only
sz399001,szse_component,2023-09-27,10104.324,0.00439089,akshare_sina,passed_current_or_past_only
sz399001,szse_component,2023-09-28,10109.527,0.00051493,akshare_sina,passed_current_or_past_only
sz399001,szse_component,2023-10-09,10106.96,-0.00025392,akshare_sina,passed_current_or_past_only
sz399001,szse_component,2023-10-10,10050.035,-0.00563226,akshare_sina,passed_current_or_past_only
sz399001,szse_component,2023-10-11,10084.895,0.00346864,akshare_sina,passed_current_or_past_only
sz399001,szse_component,2023-10-12,10168.494,0.00828953,akshare_sina,passed_current_or_past_only
sz399001,szse_component,2023-10-13,10068.282,-0.00985515,akshare_sina,passed_current_or_past_only
sz399001,szse_component,2023-10-16,9924.92,-0.01423897,akshare_sina,passed_current_or_past_only
sz399001,szse_component,2023-10-17,9940.218,0.00154137,akshare_sina,passed_current_or_past_only
sz399001,szse_component,2023-10-18,9816.676,-0.0124285,akshare_sina,passed_current_or_past_only
sz399001,szse_component,2023-10-19,9655.086,-0.01646077,akshare_sina,passed_current_or_past_only
sz399001,szse_component,2023-10-20,9570.357,-0.00877558,akshare_sina,passed_current_or_past_only
sz399001,szse_component,2023-10-23,9425.976,-0.01508627,akshare_sina,passed_current_or_past_only
sz399001,szse_component,2023-10-24,9483.903,0.00614546,akshare_sina,passed_current_or_past_only
sz399001,szse_component,2023-10-25,9528.307,0.00468204,akshare_sina,passed_current_or_past_only
sz399001,szse_component,2023-10-26,9566.103,0.00396671,akshare_sina,passed_current_or_past_only
sz399001,szse_component,2023-10-27,9770.844,0.02140276,akshare_sina,passed_current_or_past_only
sz399001,szse_component,2023-10-30,9927.994,0.01608356,akshare_sina,passed_current_or_past_only
sz399001,szse_component,2023-10-31,9863.804,-0.00646556,akshare_sina,passed_current_or_past_only
sz399001,szse_component,2023-11-01,9826.731,-0.00375849,akshare_sina,passed_current_or_past_only
sz399001,szse_component,2023-11-02,9734.767,-0.00935855,akshare_sina,passed_current_or_past_only
sz399001,szse_component,2023-11-03,9853.89,0.01223686,akshare_sina,passed_current_or_past_only
sz399001,szse_component,2023-11-06,10071.556,0.02208935,akshare_sina,passed_current_or_past_only
sz399001,szse_component,2023-11-07,10056.493,-0.0014956,akshare_sina,passed_current_or_past_only
sz399001,szse_component,2023-11-08,10052.086,-0.00043822,akshare_sina,passed_current_or_past_only
sz399001,szse_component,2023-11-09,10032.086,-0.00198964,akshare_sina,passed_current_or_past_only
sz399001,szse_component,2023-11-10,9978.542,-0.00533727,akshare_sina,passed_current_or_past_only
sz399001,szse_component,2023-11-13,9988.828,0.00103081,akshare_sina,passed_current_or_past_only
sz399001,szse_component,2023-11-14,10005.558,0.00167487,akshare_sina,passed_current_or_past_only
sz399001,szse_component,2023-11-15,10077.963,0.00723648,akshare_sina,passed_current_or_past_only
sz399001,szse_component,2023-11-16,9954.4,-0.01226071,akshare_sina,passed_current_or_past_only
sz399001,szse_component,2023-11-17,9979.687,0.00254028,akshare_sina,passed_current_or_past_only
sz399001,szse_component,2023-11-20,10022.697,0.00430975,akshare_sina,passed_current_or_past_only
sz399001,szse_component,2023-11-21,9997.088,-0.0025551,akshare_sina,passed_current_or_past_only
sz399001,szse_component,2023-11-22,9855.66,-0.01414692,akshare_sina,passed_current_or_past_only
sz399001,szse_component,2023-11-23,9933.02,0.0078493,akshare_sina,passed_current_or_past_only
sz399001,szse_component,2023-11-24,9839.521,-0.00941295,akshare_sina,passed_current_or_past_only
sz399001,szse_component,2023-11-27,9785.566,-0.0054835,akshare_sina,passed_current_or_past_only
sz399001,szse_component,2023-11-28,9833.456,0.00489394,akshare_sina,passed_current_or_past_only
sz399001,szse_component,2023-11-29,9744.393,-0.00905714,akshare_sina,passed_current_or_past_only
sz399001,szse_component,2023-11-30,9726.915,-0.00179365,akshare_sina,passed_current_or_past_only
sz399001,szse_component,2023-12-01,9720.571,-0.00065221,akshare_sina,passed_current_or_past_only
sz399001,szse_component,2023-12-04,9660.444,-0.00618554,akshare_sina,passed_current_or_past_only
sz399001,szse_component,2023-12-05,9470.36,-0.01967653,akshare_sina,passed_current_or_past_only
sz399001,szse_component,2023-12-06,9533.246,0.0066403,akshare_sina,passed_current_or_past_only
sz399001,szse_component,2023-12-07,9519.907,-0.00139921,akshare_sina,passed_current_or_past_only
sz399001,szse_component,2023-12-08,9553.923,0.00357314,akshare_sina,passed_current_or_past_only
sz399001,szse_component,2023-12-11,9632.611,0.0082362,akshare_sina,passed_current_or_past_only
sz399001,szse_component,2023-12-12,9625.265,-0.00076262,akshare_sina,passed_current_or_past_only
sz399001,szse_component,2023-12-13,9476.623,-0.0154429,akshare_sina,passed_current_or_past_only
sz399001,szse_component,2023-12-14,9417.972,-0.00618902,akshare_sina,passed_current_or_past_only
sz399001,szse_component,2023-12-15,9385.333,-0.00346561,akshare_sina,passed_current_or_past_only
sz399001,szse_component,2023-12-18,9279.389,-0.01128825,akshare_sina,passed_current_or_past_only
sz399001,szse_component,2023-12-19,9289.336,0.00107195,akshare_sina,passed_current_or_past_only
sz399001,szse_component,2023-12-20,9158.438,-0.01409121,akshare_sina,passed_current_or_past_only
sz399001,szse_component,2023-12-21,9257.091,0.01077182,akshare_sina,passed_current_or_past_only
sz399001,szse_component,2023-12-22,9221.313,-0.00386493,akshare_sina,passed_current_or_past_only
sz399001,szse_component,2023-12-25,9256.283,0.0037923,akshare_sina,passed_current_or_past_only
sz399001,szse_component,2023-12-26,9157.25,-0.010699,akshare_sina,passed_current_or_past_only
sz399001,szse_component,2023-12-27,9191.741,0.00376652,akshare_sina,passed_current_or_past_only
sz399001,szse_component,2023-12-28,9441.055,0.0271237,akshare_sina,passed_current_or_past_only
sz399001,szse_component,2023-12-29,9524.689,0.00885854,akshare_sina,passed_current_or_past_only
sz399001,szse_component,2024-01-02,9401.348,-0.01294961,akshare_sina,passed_current_or_past_only
sz399001,szse_component,2024-01-03,9330.864,-0.00749722,akshare_sina,passed_current_or_past_only
sz399001,szse_component,2024-01-04,9215.245,-0.01239103,akshare_sina,passed_current_or_past_only
sz399001,szse_component,2024-01-05,9116.442,-0.01072169,akshare_sina,passed_current_or_past_only
sz399001,szse_component,2024-01-08,8947.724,-0.018507,akshare_sina,passed_current_or_past_only
sz399001,szse_component,2024-01-09,8971.719,0.00268169,akshare_sina,passed_current_or_past_only
sz399001,szse_component,2024-01-10,8922.794,-0.00545325,akshare_sina,passed_current_or_past_only
sz399001,szse_component,2024-01-11,9053.883,0.01469147,akshare_sina,passed_current_or_past_only
sz399001,szse_component,2024-01-12,8996.256,-0.00636489,akshare_sina,passed_current_or_past_only
sz399001,szse_component,2024-01-15,8963.926,-0.00359372,akshare_sina,passed_current_or_past_only
sz399001,szse_component,2024-01-16,8992.072,0.00313992,akshare_sina,passed_current_or_past_only
sz399001,szse_component,2024-01-17,8759.758,-0.02583542,akshare_sina,passed_current_or_past_only
sz399001,szse_component,2024-01-18,8847.003,0.00995975,akshare_sina,passed_current_or_past_only
sz399001,szse_component,2024-01-19,8787.024,-0.00677958,akshare_sina,passed_current_or_past_only
sz399001,szse_component,2024-01-22,8479.55,-0.03499182,akshare_sina,passed_current_or_past_only
sz399001,szse_component,2024-01-23,8596.281,0.01376618,akshare_sina,passed_current_or_past_only
sz399001,szse_component,2024-01-24,8682.187,0.00999339,akshare_sina,passed_current_or_past_only
sz399001,szse_component,2024-01-25,8856.224,0.0200453,akshare_sina,passed_current_or_past_only
sz399001,szse_component,2024-01-26,8762.329,-0.01060215,akshare_sina,passed_current_or_past_only
sz399001,szse_component,2024-01-29,8581.759,-0.02060753,akshare_sina,passed_current_or_past_only
sz399001,szse_component,2024-01-30,8375.981,-0.02397853,akshare_sina,passed_current_or_past_only
sz399001,szse_component,2024-01-31,8212.845,-0.01947664,akshare_sina,passed_current_or_past_only
sz399001,szse_component,2024-02-01,8240.482,0.00336509,akshare_sina,passed_current_or_past_only
sz399001,szse_component,2024-02-02,8055.775,-0.02241459,akshare_sina,passed_current_or_past_only
sz399001,szse_component,2024-02-05,7964.712,-0.01130406,akshare_sina,passed_current_or_past_only
sz399001,szse_component,2024-02-06,8460.379,0.06223288,akshare_sina,passed_current_or_past_only
sz399001,szse_component,2024-02-07,8708.24,0.02929668,akshare_sina,passed_current_or_past_only
sz399001,szse_component,2024-02-08,8820.603,0.01290307,akshare_sina,passed_current_or_past_only
sz399001,szse_component,2024-02-19,8902.334,0.00926592,akshare_sina,passed_current_or_past_only
sz399001,szse_component,2024-02-20,8905.962,0.00040753,akshare_sina,passed_current_or_past_only
sz399001,szse_component,2024-02-21,8975.974,0.00786125,akshare_sina,passed_current_or_past_only
sz399001,szse_component,2024-02-22,9043.748,0.0075506,akshare_sina,passed_current_or_past_only
sz399001,szse_component,2024-02-23,9069.415,0.00283809,akshare_sina,passed_current_or_past_only
sz399001,szse_component,2024-02-26,9066.087,-0.00036695,akshare_sina,passed_current_or_past_only
sz399001,szse_component,2024-02-27,9269.568,0.02244419,akshare_sina,passed_current_or_past_only
sz399001,szse_component,2024-02-28,9047.095,-0.02400036,akshare_sina,passed_current_or_past_only
sz399001,szse_component,2024-02-29,9330.443,0.03131922,akshare_sina,passed_current_or_past_only
sz399001,szse_component,2024-03-01,9434.747,0.01117889,akshare_sina,passed_current_or_past_only
sz399001,szse_component,2024-03-04,9438.244,0.00037065,akshare_sina,passed_current_or_past_only
sz399001,szse_component,2024-03-05,9416.805,-0.0022715,akshare_sina,passed_current_or_past_only
sz399001,szse_component,2024-03-06,9395.654,-0.00224609,akshare_sina,passed_current_or_past_only
sz399001,szse_component,2024-03-07,9267.117,-0.01368047,akshare_sina,passed_current_or_past_only
sz399001,szse_component,2024-03-08,9369.046,0.010999,akshare_sina,passed_current_or_past_only
sz399001,szse_component,2024-03-11,9581.534,0.02267979,akshare_sina,passed_current_or_past_only
sz399001,szse_component,2024-03-12,9630.545,0.00511515,akshare_sina,passed_current_or_past_only
sz399001,szse_component,2024-03-13,9604.993,-0.00265322,akshare_sina,passed_current_or_past_only
sz399001,szse_component,2024-03-14,9555.416,-0.00516159,akshare_sina,passed_current_or_past_only
sz399001,szse_component,2024-03-15,9612.75,0.00600016,akshare_sina,passed_current_or_past_only
sz399001,szse_component,2024-03-18,9752.834,0.01457273,akshare_sina,passed_current_or_past_only
sz399001,szse_component,2024-03-19,9696.688,-0.00575689,akshare_sina,passed_current_or_past_only
sz399001,szse_component,2024-03-20,9717.373,0.0021332,akshare_sina,passed_current_or_past_only
sz399001,szse_component,2024-03-21,9682.51,-0.0035877,akshare_sina,passed_current_or_past_only
sz399001,szse_component,2024-03-22,9565.563,-0.01207817,akshare_sina,passed_current_or_past_only
sz399001,szse_component,2024-03-25,9422.612,-0.01494434,akshare_sina,passed_current_or_past_only
sz399001,szse_component,2024-03-26,9449.43,0.00284613,akshare_sina,passed_current_or_past_only
sz399001,szse_component,2024-03-27,9222.466,-0.0240188,akshare_sina,passed_current_or_past_only
sz399001,szse_component,2024-03-28,9342.919,0.01306082,akshare_sina,passed_current_or_past_only
sz399001,szse_component,2024-03-29,9400.853,0.00620085,akshare_sina,passed_current_or_past_only
sz399001,szse_component,2024-04-01,9647.072,0.02619113,akshare_sina,passed_current_or_past_only
sz399001,szse_component,2024-04-02,9586.952,-0.00623194,akshare_sina,passed_current_or_past_only
sz399001,szse_component,2024-04-03,9544.766,-0.00440036,akshare_sina,passed_current_or_past_only
sz399001,szse_component,2024-04-08,9394.606,-0.01573218,akshare_sina,passed_current_or_past_only
sz399001,szse_component,2024-04-09,9448.98,0.00578779,akshare_sina,passed_current_or_past_only
sz399001,szse_component,2024-04-10,9297.96,-0.01598268,akshare_sina,passed_current_or_past_only
sz399001,szse_component,2024-04-11,9300.771,0.00030232,akshare_sina,passed_current_or_past_only
sz399001,szse_component,2024-04-12,9228.234,-0.00779903,akshare_sina,passed_current_or_past_only
sz399001,szse_component,2024-04-15,9369.701,0.0153298,akshare_sina,passed_current_or_past_only
sz399001,szse_component,2024-04-16,9155.069,-0.02290703,akshare_sina,passed_current_or_past_only
sz399001,szse_component,2024-04-17,9381.772,0.02476257,akshare_sina,passed_current_or_past_only
sz399001,szse_component,2024-04-18,9376.806,-0.00052932,akshare_sina,passed_current_or_past_only
sz399001,szse_component,2024-04-19,9279.46,-0.01038157,akshare_sina,passed_current_or_past_only
sz399001,szse_component,2024-04-22,9239.14,-0.00434508,akshare_sina,passed_current_or_past_only
sz399001,szse_component,2024-04-23,9183.141,-0.00606106,akshare_sina,passed_current_or_past_only
sz399001,szse_component,2024-04-24,9251.134,0.00740411,akshare_sina,passed_current_or_past_only
sz399001,szse_component,2024-04-25,9264.48,0.00144263,akshare_sina,passed_current_or_past_only
sz399001,szse_component,2024-04-26,9463.907,0.02152598,akshare_sina,passed_current_or_past_only
sz399001,szse_component,2024-04-29,9673.758,0.02217382,akshare_sina,passed_current_or_past_only
sz399001,szse_component,2024-04-30,9587.124,-0.00895557,akshare_sina,passed_current_or_past_only
sz399001,szse_component,2024-05-06,9779.211,0.02003594,akshare_sina,passed_current_or_past_only
sz399001,szse_component,2024-05-07,9770.938,-0.00084598,akshare_sina,passed_current_or_past_only
sz399001,szse_component,2024-05-08,9638.817,-0.01352183,akshare_sina,passed_current_or_past_only
sz399001,szse_component,2024-05-09,9788.068,0.01548437,akshare_sina,passed_current_or_past_only
sz399001,szse_component,2024-05-10,9731.237,-0.00580615,akshare_sina,passed_current_or_past_only
sz399001,szse_component,2024-05-13,9673.319,-0.00595176,akshare_sina,passed_current_or_past_only
sz399001,szse_component,2024-05-14,9668.727,-0.00047471,akshare_sina,passed_current_or_past_only
sz399001,szse_component,2024-05-15,9583.541,-0.00881047,akshare_sina,passed_current_or_past_only
sz399001,szse_component,2024-05-16,9604.131,0.00214848,akshare_sina,passed_current_or_past_only
sz399001,szse_component,2024-05-17,9709.422,0.01096309,akshare_sina,passed_current_or_past_only
sz399001,szse_component,2024-05-20,9750.822,0.0042639,akshare_sina,passed_current_or_past_only
sz399001,szse_component,2024-05-21,9681.66,-0.00709294,akshare_sina,passed_current_or_past_only
sz399001,szse_component,2024-05-22,9693.055,0.00117697,akshare_sina,passed_current_or_past_only
sz399001,szse_component,2024-05-23,9541.643,-0.01562067,akshare_sina,passed_current_or_past_only
sz399001,szse_component,2024-05-24,9424.577,-0.01226896,akshare_sina,passed_current_or_past_only
sz399001,szse_component,2024-05-27,9507.745,0.00882459,akshare_sina,passed_current_or_past_only
sz399001,szse_component,2024-05-28,9391.052,-0.01227347,akshare_sina,passed_current_or_past_only
sz399001,szse_component,2024-05-29,9414.979,0.00254785,akshare_sina,passed_current_or_past_only
sz399001,szse_component,2024-05-30,9384.724,-0.0032135,akshare_sina,passed_current_or_past_only
sz399001,szse_component,2024-05-31,9364.375,-0.00216831,akshare_sina,passed_current_or_past_only
sz399001,szse_component,2024-06-03,9370.497,0.00065375,akshare_sina,passed_current_or_past_only
sz399001,szse_component,2024-06-04,9469.315,0.01054565,akshare_sina,passed_current_or_past_only
sz399001,szse_component,2024-06-05,9393.611,-0.00799466,akshare_sina,passed_current_or_past_only
sz399001,szse_component,2024-06-06,9340.01,-0.00570611,akshare_sina,passed_current_or_past_only
sz399001,szse_component,2024-06-07,9255.684,-0.00902847,akshare_sina,passed_current_or_past_only
sz399001,szse_component,2024-06-11,9262.347,0.00071988,akshare_sina,passed_current_or_past_only
sz399001,szse_component,2024-06-12,9269.936,0.00081934,akshare_sina,passed_current_or_past_only
sz399001,szse_component,2024-06-13,9206.236,-0.00687168,akshare_sina,passed_current_or_past_only
sz399001,szse_component,2024-06-14,9252.251,0.00499824,akshare_sina,passed_current_or_past_only
sz399001,szse_component,2024-06-17,9281.254,0.0031347,akshare_sina,passed_current_or_past_only
sz399001,szse_component,2024-06-18,9318.469,0.0040097,akshare_sina,passed_current_or_past_only
sz399001,szse_component,2024-06-19,9219.069,-0.01066699,akshare_sina,passed_current_or_past_only
sz399001,szse_component,2024-06-20,9068.851,-0.01629427,akshare_sina,passed_current_or_past_only
sz399001,szse_component,2024-06-21,9064.845,-0.00044173,akshare_sina,passed_current_or_past_only
sz399001,szse_component,2024-06-24,8924.172,-0.01551852,akshare_sina,passed_current_or_past_only
sz399001,szse_component,2024-06-25,8850.289,-0.00827898,akshare_sina,passed_current_or_past_only
sz399001,szse_component,2024-06-26,8987.302,0.01548119,akshare_sina,passed_current_or_past_only
sz399001,szse_component,2024-06-27,8849.697,-0.01531105,akshare_sina,passed_current_or_past_only
sz399001,szse_component,2024-06-28,8848.699,-0.00011277,akshare_sina,passed_current_or_past_only
sz399001,szse_component,2024-07-01,8899.166,0.00570332,akshare_sina,passed_current_or_past_only
sz399001,szse_component,2024-07-02,8812.673,-0.00971923,akshare_sina,passed_current_or_past_only
sz399001,szse_component,2024-07-03,8760.434,-0.00592771,akshare_sina,passed_current_or_past_only
sz399001,szse_component,2024-07-04,8673.826,-0.00988627,akshare_sina,passed_current_or_past_only
sz399001,szse_component,2024-07-05,8695.548,0.00250432,akshare_sina,passed_current_or_past_only
sz399001,szse_component,2024-07-08,8561.95,-0.01536395,akshare_sina,passed_current_or_past_only
sz399001,szse_component,2024-07-09,8705.943,0.01681778,akshare_sina,passed_current_or_past_only
sz399001,szse_component,2024-07-10,8697.216,-0.00100242,akshare_sina,passed_current_or_past_only
sz399001,szse_component,2024-07-11,8870.356,0.01990752,akshare_sina,passed_current_or_past_only
sz399001,szse_component,2024-07-12,8854.083,-0.00183454,akshare_sina,passed_current_or_past_only
sz399001,szse_component,2024-07-15,8801.624,-0.00592484,akshare_sina,passed_current_or_past_only
sz399001,szse_component,2024-07-16,8877.018,0.00856592,akshare_sina,passed_current_or_past_only
sz399001,szse_component,2024-07-17,8835.144,-0.00471712,akshare_sina,passed_current_or_past_only
sz399001,szse_component,2024-07-18,8879.326,0.00500071,akshare_sina,passed_current_or_past_only
sz399001,szse_component,2024-07-19,8903.232,0.00269232,akshare_sina,passed_current_or_past_only
sz399001,szse_component,2024-07-22,8869.817,-0.00375313,akshare_sina,passed_current_or_past_only
sz399001,szse_component,2024-07-23,8606.583,-0.0296775,akshare_sina,passed_current_or_past_only
sz399001,szse_component,2024-07-24,8493.096,-0.01318607,akshare_sina,passed_current_or_past_only
sz399001,szse_component,2024-07-25,8474.704,-0.00216552,akshare_sina,passed_current_or_past_only
sz399001,szse_component,2024-07-26,8597.174,0.01445124,akshare_sina,passed_current_or_past_only
sz399001,szse_component,2024-07-29,8514.647,-0.00959932,akshare_sina,passed_current_or_past_only
sz399001,szse_component,2024-07-30,8468.582,-0.00541009,akshare_sina,passed_current_or_past_only
sz399001,szse_component,2024-07-31,8754.087,0.03371344,akshare_sina,passed_current_or_past_only
sz399001,szse_component,2024-08-01,8673.577,-0.00919685,akshare_sina,passed_current_or_past_only
sz399001,szse_component,2024-08-02,8553.551,-0.01383812,akshare_sina,passed_current_or_past_only
sz399001,szse_component,2024-08-05,8395.054,-0.01852996,akshare_sina,passed_current_or_past_only
sz399001,szse_component,2024-08-06,8463.863,0.00819637,akshare_sina,passed_current_or_past_only
sz399001,szse_component,2024-08-07,8449.582,-0.00168729,akshare_sina,passed_current_or_past_only
sz399001,szse_component,2024-08-08,8446.208,-0.00039931,akshare_sina,passed_current_or_past_only
sz399001,szse_component,2024-08-09,8393.699,-0.00621687,akshare_sina,passed_current_or_past_only
sz399001,szse_component,2024-08-12,8373.471,-0.0024099,akshare_sina,passed_current_or_past_only
sz399001,szse_component,2024-08-13,8409.224,0.00426979,akshare_sina,passed_current_or_past_only
sz399001,szse_component,2024-08-14,8310.998,-0.01168074,akshare_sina,passed_current_or_past_only
sz399001,szse_component,2024-08-15,8370.123,0.00711407,akshare_sina,passed_current_or_past_only
sz399001,szse_component,2024-08-16,8349.87,-0.00241968,akshare_sina,passed_current_or_past_only
sz399001,szse_component,2024-08-19,8356.897,0.00084157,akshare_sina,passed_current_or_past_only
sz399001,szse_component,2024-08-20,8252.868,-0.01244828,akshare_sina,passed_current_or_past_only
sz399001,szse_component,2024-08-21,8229.75,-0.00280121,akshare_sina,passed_current_or_past_only
sz399001,szse_component,2024-08-22,8162.175,-0.00821106,akshare_sina,passed_current_or_past_only
sz399001,szse_component,2024-08-23,8181.917,0.00241872,akshare_sina,passed_current_or_past_only
sz399001,szse_component,2024-08-26,8194.646,0.00155575,akshare_sina,passed_current_or_past_only
sz399001,szse_component,2024-08-27,8103.759,-0.01109102,akshare_sina,passed_current_or_past_only
sz399001,szse_component,2024-08-28,8078.819,-0.00307758,akshare_sina,passed_current_or_past_only
sz399001,szse_component,2024-08-29,8154.439,0.00936028,akshare_sina,passed_current_or_past_only
sz399001,szse_component,2024-08-30,8348.478,0.02379551,akshare_sina,passed_current_or_past_only
sz399001,szse_component,2024-09-02,8172.208,-0.02111403,akshare_sina,passed_current_or_past_only
sz399001,szse_component,2024-09-03,8268.05,0.0117278,akshare_sina,passed_current_or_past_only
sz399001,szse_component,2024-09-04,8226.241,-0.00505669,akshare_sina,passed_current_or_past_only
sz399001,szse_component,2024-09-05,8249.659,0.00284674,akshare_sina,passed_current_or_past_only
sz399001,szse_component,2024-09-06,8130.77,-0.01441138,akshare_sina,passed_current_or_past_only
sz399001,szse_component,2024-09-09,8063.27,-0.0083018,akshare_sina,passed_current_or_past_only
sz399001,szse_component,2024-09-10,8073.833,0.00131001,akshare_sina,passed_current_or_past_only
sz399001,szse_component,2024-09-11,8105.385,0.00390793,akshare_sina,passed_current_or_past_only
sz399001,szse_component,2024-09-12,8054.243,-0.00630963,akshare_sina,passed_current_or_past_only
sz399001,szse_component,2024-09-13,7983.548,-0.00877736,akshare_sina,passed_current_or_past_only
sz399001,szse_component,2024-09-18,7992.253,0.00109037,akshare_sina,passed_current_or_past_only
sz399001,szse_component,2024-09-19,8087.604,0.01193043,akshare_sina,passed_current_or_past_only
sz399001,szse_component,2024-09-20,8075.142,-0.00154088,akshare_sina,passed_current_or_past_only
sz399001,szse_component,2024-09-23,8083.382,0.00102042,akshare_sina,passed_current_or_past_only
sz399001,szse_component,2024-09-24,8435.704,0.04358596,akshare_sina,passed_current_or_past_only
sz399001,szse_component,2024-09-25,8537.731,0.01209466,akshare_sina,passed_current_or_past_only
sz399001,szse_component,2024-09-26,8916.646,0.04438123,akshare_sina,passed_current_or_past_only
sz399001,szse_component,2024-09-27,9514.864,0.06709002,akshare_sina,passed_current_or_past_only
sz399001,szse_component,2024-09-30,10529.757,0.10666395,akshare_sina,passed_current_or_past_only
sz399001,szse_component,2024-10-08,11495.101,0.09167771,akshare_sina,passed_current_or_past_only
sz399001,szse_component,2024-10-09,10557.812,-0.08153813,akshare_sina,passed_current_or_past_only
sz399001,szse_component,2024-10-10,10471.081,-0.00821486,akshare_sina,passed_current_or_past_only
sz399001,szse_component,2024-10-11,10060.739,-0.03918812,akshare_sina,passed_current_or_past_only
sz399001,szse_component,2024-10-14,10327.4,0.02650511,akshare_sina,passed_current_or_past_only
sz399001,szse_component,2024-10-15,10066.517,-0.02526125,akshare_sina,passed_current_or_past_only
sz399001,szse_component,2024-10-16,9965.024,-0.01008224,akshare_sina,passed_current_or_past_only
sz399001,szse_component,2024-10-17,9891.763,-0.00735181,akshare_sina,passed_current_or_past_only
sz399001,szse_component,2024-10-18,10357.677,0.04710121,akshare_sina,passed_current_or_past_only
sz399001,szse_component,2024-10-21,10470.914,0.01093266,akshare_sina,passed_current_or_past_only
sz399001,szse_component,2024-10-22,10559.51,0.00846115,akshare_sina,passed_current_or_past_only
sz399001,szse_component,2024-10-23,10576.413,0.00160074,akshare_sina,passed_current_or_past_only
sz399001,szse_component,2024-10-24,10441.746,-0.01273277,akshare_sina,passed_current_or_past_only
sz399001,szse_component,2024-10-25,10619.849,0.01705682,akshare_sina,passed_current_or_past_only
sz399001,szse_component,2024-10-28,10685.891,0.00621873,akshare_sina,passed_current_or_past_only
sz399001,szse_component,2024-10-29,10543.328,-0.01334124,akshare_sina,passed_current_or_past_only
sz399001,szse_component,2024-10-30,10530.849,-0.00118359,akshare_sina,passed_current_or_past_only
sz399001,szse_component,2024-10-31,10591.218,0.00573259,akshare_sina,passed_current_or_past_only
sz399001,szse_component,2024-11-01,10455.502,-0.01281401,akshare_sina,passed_current_or_past_only
sz399001,szse_component,2024-11-04,10663.097,0.0198551,akshare_sina,passed_current_or_past_only
sz399001,szse_component,2024-11-05,11006.938,0.03224589,akshare_sina,passed_current_or_past_only
sz399001,szse_component,2024-11-06,10968.142,-0.00352469,akshare_sina,passed_current_or_past_only
sz399001,szse_component,2024-11-07,11235.921,0.02441425,akshare_sina,passed_current_or_past_only
sz399001,szse_component,2024-11-08,11161.702,-0.00660551,akshare_sina,passed_current_or_past_only
sz399001,szse_component,2024-11-11,11388.566,0.02032522,akshare_sina,passed_current_or_past_only
sz399001,szse_component,2024-11-12,11314.459,-0.00650714,akshare_sina,passed_current_or_past_only
sz399001,szse_component,2024-11-13,11359.289,0.00396219,akshare_sina,passed_current_or_past_only
sz399001,szse_component,2024-11-14,11037.782,-0.02830344,akshare_sina,passed_current_or_past_only
sz399001,szse_component,2024-11-15,10748.97,-0.02616576,akshare_sina,passed_current_or_past_only
sz399001,szse_component,2024-11-18,10544.022,-0.01906676,akshare_sina,passed_current_or_past_only
sz399001,szse_component,2024-11-19,10743.844,0.01895121,akshare_sina,passed_current_or_past_only
sz399001,szse_component,2024-11-20,10827.188,0.00775737,akshare_sina,passed_current_or_past_only
sz399001,szse_component,2024-11-21,10819.877,-0.00067524,akshare_sina,passed_current_or_past_only
sz399001,szse_component,2024-11-22,10438.722,-0.0352273,akshare_sina,passed_current_or_past_only
sz399001,szse_component,2024-11-25,10420.521,-0.0017436,akshare_sina,passed_current_or_past_only
sz399001,szse_component,2024-11-26,10333.226,-0.00837722,akshare_sina,passed_current_or_past_only
sz399001,szse_component,2024-11-27,10566.101,0.02253652,akshare_sina,passed_current_or_past_only
sz399001,szse_component,2024-11-28,10432.54,-0.01264052,akshare_sina,passed_current_or_past_only
sz399001,szse_component,2024-11-29,10611.719,0.01717501,akshare_sina,passed_current_or_past_only
sz399001,szse_component,2024-12-02,10756.548,0.01364802,akshare_sina,passed_current_or_past_only
sz399001,szse_component,2024-12-03,10713.578,-0.00399478,akshare_sina,passed_current_or_past_only
sz399001,szse_component,2024-12-04,10604.012,-0.01022684,akshare_sina,passed_current_or_past_only
sz399001,szse_component,2024-12-05,10634.489,0.0028741,akshare_sina,passed_current_or_past_only
sz399001,szse_component,2024-12-06,10791.339,0.01474918,akshare_sina,passed_current_or_past_only
sz399001,szse_component,2024-12-09,10731.659,-0.00553036,akshare_sina,passed_current_or_past_only
sz399001,szse_component,2024-12-10,10812.584,0.00754077,akshare_sina,passed_current_or_past_only
sz399001,szse_component,2024-12-11,10848.423,0.00331456,akshare_sina,passed_current_or_past_only
sz399001,szse_component,2024-12-12,10957.129,0.01002044,akshare_sina,passed_current_or_past_only
sz399001,szse_component,2024-12-13,10713.072,-0.02227381,akshare_sina,passed_current_or_past_only
sz399001,szse_component,2024-12-16,10573.919,-0.01298908,akshare_sina,passed_current_or_past_only
sz399001,szse_component,2024-12-17,10537.429,-0.00345094,akshare_sina,passed_current_or_past_only
sz399001,szse_component,2024-12-18,10584.27,0.0044452,akshare_sina,passed_current_or_past_only
sz399001,szse_component,2024-12-19,10649.034,0.00611889,akshare_sina,passed_current_or_past_only
sz399001,szse_component,2024-12-20,10646.617,-0.00022697,akshare_sina,passed_current_or_past_only
sz399001,szse_component,2024-12-23,10537.402,-0.01025819,akshare_sina,passed_current_or_past_only
sz399001,szse_component,2024-12-24,10671.428,0.01271907,akshare_sina,passed_current_or_past_only
sz399001,szse_component,2024-12-25,10603.1,-0.00640289,akshare_sina,passed_current_or_past_only
sz399001,szse_component,2024-12-26,10673.969,0.0066838,akshare_sina,passed_current_or_past_only
sz399001,szse_component,2024-12-27,10659.976,-0.00131095,akshare_sina,passed_current_or_past_only
sz399001,szse_component,2024-12-30,10671.155,0.00104869,akshare_sina,passed_current_or_past_only
sz399001,szse_component,2024-12-31,10414.611,-0.02404088,akshare_sina,passed_current_or_past_only
sz399001,szse_component,2025-01-02,10088.059,-0.03135518,akshare_sina,passed_current_or_past_only
sz399001,szse_component,2025-01-03,9897.12,-0.01892723,akshare_sina,passed_current_or_past_only
sz399001,szse_component,2025-01-06,9885.654,-0.00115852,akshare_sina,passed_current_or_past_only
sz399001,szse_component,2025-01-07,9998.757,0.01144112,akshare_sina,passed_current_or_past_only
sz399001,szse_component,2025-01-08,9944.641,-0.00541227,akshare_sina,passed_current_or_past_only
sz399001,szse_component,2025-01-09,9976.004,0.00315376,akshare_sina,passed_current_or_past_only
sz399001,szse_component,2025-01-10,9795.943,-0.01804941,akshare_sina,passed_current_or_past_only
sz399001,szse_component,2025-01-13,9796.177,2.389e-05,akshare_sina,passed_current_or_past_only
sz399001,szse_component,2025-01-14,10165.169,0.03766694,akshare_sina,passed_current_or_past_only
sz399001,szse_component,2025-01-15,10060.13,-0.01033323,akshare_sina,passed_current_or_past_only
sz399001,szse_component,2025-01-16,10101.095,0.00407201,akshare_sina,passed_current_or_past_only
sz399001,szse_component,2025-01-17,10161.321,0.00596232,akshare_sina,passed_current_or_past_only
sz399001,szse_component,2025-01-20,10256.396,0.00935656,akshare_sina,passed_current_or_past_only
sz399001,szse_component,2025-01-21,10305.693,0.00480646,akshare_sina,passed_current_or_past_only
sz399001,szse_component,2025-01-22,10225.871,-0.00774543,akshare_sina,passed_current_or_past_only
sz399001,szse_component,2025-01-23,10176.174,-0.00485993,akshare_sina,passed_current_or_past_only
sz399001,szse_component,2025-01-24,10292.729,0.01145372,akshare_sina,passed_current_or_past_only
sz399001,szse_component,2025-01-27,10156.066,-0.01327763,akshare_sina,passed_current_or_past_only
sz399001,szse_component,2025-02-05,10164.224,0.00080326,akshare_sina,passed_current_or_past_only
sz399001,szse_component,2025-02-06,10393.634,0.02257034,akshare_sina,passed_current_or_past_only
sz399001,szse_component,2025-02-07,10576.003,0.01754622,akshare_sina,passed_current_or_past_only
sz399001,szse_component,2025-02-10,10631.246,0.00522343,akshare_sina,passed_current_or_past_only
sz399001,szse_component,2025-02-11,10557.622,-0.00692525,akshare_sina,passed_current_or_past_only
sz399001,szse_component,2025-02-12,10708.884,0.01432728,akshare_sina,passed_current_or_past_only
sz399001,szse_component,2025-02-13,10626.624,-0.00768147,akshare_sina,passed_current_or_past_only
sz399001,szse_component,2025-02-14,10749.456,0.01155889,akshare_sina,passed_current_or_past_only
sz399001,szse_component,2025-02-17,10791.06,0.00387034,akshare_sina,passed_current_or_past_only
sz399001,szse_component,2025-02-18,10617.261,-0.01610583,akshare_sina,passed_current_or_past_only
sz399001,szse_component,2025-02-19,10772.654,0.01463588,akshare_sina,passed_current_or_past_only
sz399001,szse_component,2025-02-20,10794.545,0.00203209,akshare_sina,passed_current_or_past_only
sz399001,szse_component,2025-02-21,10991.369,0.01823365,akshare_sina,passed_current_or_past_only
sz399001,szse_component,2025-02-24,10983.043,-0.0007575,akshare_sina,passed_current_or_past_only
sz399001,szse_component,2025-02-25,10854.495,-0.01170422,akshare_sina,passed_current_or_past_only
sz399001,szse_component,2025-02-26,10955.648,0.009319,akshare_sina,passed_current_or_past_only
sz399001,szse_component,2025-02-27,10927.508,-0.00256854,akshare_sina,passed_current_or_past_only
sz399001,szse_component,2025-02-28,10611.24,-0.02894237,akshare_sina,passed_current_or_past_only
sz399001,szse_component,2025-03-03,10649.592,0.00361428,akshare_sina,passed_current_or_past_only
sz399001,szse_component,2025-03-04,10679.436,0.00280236,akshare_sina,passed_current_or_past_only
sz399001,szse_component,2025-03-05,10709.46,0.00281138,akshare_sina,passed_current_or_past_only
sz399001,szse_component,2025-03-06,10898.751,0.01767512,akshare_sina,passed_current_or_past_only
sz399001,szse_component,2025-03-07,10843.732,-0.00504819,akshare_sina,passed_current_or_past_only
sz399001,szse_component,2025-03-10,10825.704,-0.00166253,akshare_sina,passed_current_or_past_only
sz399001,szse_component,2025-03-11,10861.164,0.00327554,akshare_sina,passed_current_or_past_only
sz399001,szse_component,2025-03-12,10843.227,-0.00165148,akshare_sina,passed_current_or_past_only
sz399001,szse_component,2025-03-13,10736.194,-0.00987095,akshare_sina,passed_current_or_past_only
sz399001,szse_component,2025-03-14,10978.299,0.02255036,akshare_sina,passed_current_or_past_only
sz399001,szse_component,2025-03-17,10957.818,-0.00186559,akshare_sina,passed_current_or_past_only
sz399001,szse_component,2025-03-18,11014.747,0.00519529,akshare_sina,passed_current_or_past_only
sz399001,szse_component,2025-03-19,10979.052,-0.00324066,akshare_sina,passed_current_or_past_only
sz399001,szse_component,2025-03-20,10879.489,-0.00906845,akshare_sina,passed_current_or_past_only
sz399001,szse_component,2025-03-21,10687.554,-0.01764191,akshare_sina,passed_current_or_past_only
sz399001,szse_component,2025-03-24,10695.488,0.00074236,akshare_sina,passed_current_or_past_only
sz399001,szse_component,2025-03-25,10649.076,-0.0043394,akshare_sina,passed_current_or_past_only
sz399001,szse_component,2025-03-26,10643.819,-0.00049366,akshare_sina,passed_current_or_past_only
sz399001,szse_component,2025-03-27,10668.101,0.00228132,akshare_sina,passed_current_or_past_only
sz399001,szse_component,2025-03-28,10607.331,-0.00569642,akshare_sina,passed_current_or_past_only
sz399001,szse_component,2025-03-31,10504.332,-0.00971017,akshare_sina,passed_current_or_past_only
sz399001,szse_component,2025-04-01,10503.655,-6.445e-05,akshare_sina,passed_current_or_past_only
sz399001,szse_component,2025-04-02,10513.117,0.00090083,akshare_sina,passed_current_or_past_only
sz399001,szse_component,2025-04-03,10365.731,-0.01401925,akshare_sina,passed_current_or_past_only
sz399001,szse_component,2025-04-07,9364.498,-0.09659068,akshare_sina,passed_current_or_past_only
sz399001,szse_component,2025-04-08,9424.68,0.00642661,akshare_sina,passed_current_or_past_only
sz399001,szse_component,2025-04-09,9539.892,0.0122245,akshare_sina,passed_current_or_past_only
sz399001,szse_component,2025-04-10,9754.644,0.02251095,akshare_sina,passed_current_or_past_only
sz399001,szse_component,2025-04-11,9834.444,0.00818072,akshare_sina,passed_current_or_past_only
sz399001,szse_component,2025-04-14,9884.302,0.00506973,akshare_sina,passed_current_or_past_only
sz399001,szse_component,2025-04-15,9858.097,-0.00265117,akshare_sina,passed_current_or_past_only
sz399001,szse_component,2025-04-16,9774.728,-0.00845691,akshare_sina,passed_current_or_past_only
sz399001,szse_component,2025-04-17,9759.047,-0.00160424,akshare_sina,passed_current_or_past_only
sz399001,szse_component,2025-04-18,9781.647,0.0023158,akshare_sina,passed_current_or_past_only
sz399001,szse_component,2025-04-21,9905.528,0.01266464,akshare_sina,passed_current_or_past_only
sz399001,szse_component,2025-04-22,9870.054,-0.00358123,akshare_sina,passed_current_or_past_only
sz399001,szse_component,2025-04-23,9935.797,0.00666086,akshare_sina,passed_current_or_past_only
sz399001,szse_component,2025-04-24,9878.315,-0.00578534,akshare_sina,passed_current_or_past_only
sz399001,szse_component,2025-04-25,9917.055,0.00392172,akshare_sina,passed_current_or_past_only
sz399001,szse_component,2025-04-28,9855.196,-0.00623764,akshare_sina,passed_current_or_past_only
sz399001,szse_component,2025-04-29,9849.802,-0.00054733,akshare_sina,passed_current_or_past_only
sz399001,szse_component,2025-04-30,9899.821,0.00507817,akshare_sina,passed_current_or_past_only
sz399001,szse_component,2025-05-06,10082.335,0.01843609,akshare_sina,passed_current_or_past_only
sz399001,szse_component,2025-05-07,10104.129,0.0021616,akshare_sina,passed_current_or_past_only
sz399001,szse_component,2025-05-08,10197.659,0.00925661,akshare_sina,passed_current_or_past_only
sz399001,szse_component,2025-05-09,10126.825,-0.0069461,akshare_sina,passed_current_or_past_only
sz399001,szse_component,2025-05-12,10301.158,0.01721497,akshare_sina,passed_current_or_past_only
sz399001,szse_component,2025-05-13,10288.083,-0.00126927,akshare_sina,passed_current_or_past_only
sz399001,szse_component,2025-05-14,10354.223,0.0064288,akshare_sina,passed_current_or_past_only
sz399001,szse_component,2025-05-15,10186.448,-0.01620353,akshare_sina,passed_current_or_past_only
sz399001,szse_component,2025-05-16,10179.596,-0.00067266,akshare_sina,passed_current_or_past_only
sz399001,szse_component,2025-05-19,10171.09,-0.00083559,akshare_sina,passed_current_or_past_only
sz399001,szse_component,2025-05-20,10249.173,0.00767695,akshare_sina,passed_current_or_past_only
sz399001,szse_component,2025-05-21,10294.221,0.00439528,akshare_sina,passed_current_or_past_only
sz399001,szse_component,2025-05-22,10219.621,-0.00724678,akshare_sina,passed_current_or_past_only
sz399001,szse_component,2025-05-23,10132.412,-0.00853349,akshare_sina,passed_current_or_past_only
sz399001,szse_component,2025-05-26,10091.158,-0.00407149,akshare_sina,passed_current_or_past_only
sz399001,szse_component,2025-05-27,10029.111,-0.00614865,akshare_sina,passed_current_or_past_only
sz399001,szse_component,2025-05-28,10003.265,-0.0025771,akshare_sina,passed_current_or_past_only
sz399001,szse_component,2025-05-29,10127.204,0.01238985,akshare_sina,passed_current_or_past_only
sz399001,szse_component,2025-05-30,10040.627,-0.00854895,akshare_sina,passed_current_or_past_only
sz399001,szse_component,2025-06-03,10057.17,0.00164761,akshare_sina,passed_current_or_past_only
sz399001,szse_component,2025-06-04,10144.581,0.00869141,akshare_sina,passed_current_or_past_only
sz399001,szse_component,2025-06-05,10203.501,0.00580803,akshare_sina,passed_current_or_past_only
sz399001,szse_component,2025-06-06,10183.699,-0.00194071,akshare_sina,passed_current_or_past_only
sz399001,szse_component,2025-06-09,10250.138,0.00652405,akshare_sina,passed_current_or_past_only
sz399001,szse_component,2025-06-10,10162.181,-0.00858106,akshare_sina,passed_current_or_past_only
sz399001,szse_component,2025-06-11,10246.021,0.0082502,akshare_sina,passed_current_or_past_only
sz399001,szse_component,2025-06-12,10234.335,-0.00114054,akshare_sina,passed_current_or_past_only
sz399001,szse_component,2025-06-13,10122.114,-0.01096515,akshare_sina,passed_current_or_past_only
sz399001,szse_component,2025-06-16,10163.547,0.00409331,akshare_sina,passed_current_or_past_only
sz399001,szse_component,2025-06-17,10151.427,-0.0011925,akshare_sina,passed_current_or_past_only
sz399001,szse_component,2025-06-18,10175.588,0.00238006,akshare_sina,passed_current_or_past_only
sz399001,szse_component,2025-06-19,10051.966,-0.01214888,akshare_sina,passed_current_or_past_only
sz399001,szse_component,2025-06-20,10005.032,-0.00466914,akshare_sina,passed_current_or_past_only
sz399001,szse_component,2025-06-23,10048.394,0.00433402,akshare_sina,passed_current_or_past_only
sz399001,szse_component,2025-06-24,10217.629,0.01684199,akshare_sina,passed_current_or_past_only
sz399001,szse_component,2025-06-25,10393.724,0.01723443,akshare_sina,passed_current_or_past_only
sz399001,szse_component,2025-06-26,10343.479,-0.00483417,akshare_sina,passed_current_or_past_only
sz399001,szse_component,2025-06-27,10378.55,0.00339064,akshare_sina,passed_current_or_past_only
sz399001,szse_component,2025-06-30,10465.12,0.00834124,akshare_sina,passed_current_or_past_only
sz399001,szse_component,2025-07-01,10476.294,0.00106774,akshare_sina,passed_current_or_past_only
sz399001,szse_component,2025-07-02,10412.628,-0.00607715,akshare_sina,passed_current_or_past_only
sz399001,szse_component,2025-07-03,10534.584,0.01171232,akshare_sina,passed_current_or_past_only
sz399001,szse_component,2025-07-04,10508.761,-0.00245126,akshare_sina,passed_current_or_past_only
sz399001,szse_component,2025-07-07,10435.507,-0.00697076,akshare_sina,passed_current_or_past_only
sz399001,szse_component,2025-07-08,10588.395,0.01465075,akshare_sina,passed_current_or_past_only
sz399001,szse_component,2025-07-09,10581.798,-0.00062304,akshare_sina,passed_current_or_past_only
sz399001,szse_component,2025-07-10,10631.126,0.00466159,akshare_sina,passed_current_or_past_only
sz399001,szse_component,2025-07-11,10696.098,0.00611149,akshare_sina,passed_current_or_past_only
sz399001,szse_component,2025-07-14,10684.517,-0.00108273,akshare_sina,passed_current_or_past_only
sz399001,szse_component,2025-07-15,10744.562,0.00561981,akshare_sina,passed_current_or_past_only
sz399001,szse_component,2025-07-16,10720.807,-0.00221089,akshare_sina,passed_current_or_past_only
sz399001,szse_component,2025-07-17,10873.619,0.01425378,akshare_sina,passed_current_or_past_only
sz399001,szse_component,2025-07-18,10913.839,0.00369886,akshare_sina,passed_current_or_past_only
sz399001,szse_component,2025-07-21,11007.487,0.00858067,akshare_sina,passed_current_or_past_only
sz399001,szse_component,2025-07-22,11099.831,0.0083892,akshare_sina,passed_current_or_past_only
sz399001,szse_component,2025-07-23,11059.037,-0.00367519,akshare_sina,passed_current_or_past_only
sz399001,szse_component,2025-07-24,11193.06,0.01211887,akshare_sina,passed_current_or_past_only
sz399001,szse_component,2025-07-25,11168.142,-0.0022262,akshare_sina,passed_current_or_past_only
sz399001,szse_component,2025-07-28,11217.581,0.00442679,akshare_sina,passed_current_or_past_only
sz399001,szse_component,2025-07-29,11289.406,0.0064029,akshare_sina,passed_current_or_past_only
sz399001,szse_component,2025-07-30,11203.029,-0.00765116,akshare_sina,passed_current_or_past_only
sz399001,szse_component,2025-07-31,11009.769,-0.01725069,akshare_sina,passed_current_or_past_only
sz399001,szse_component,2025-08-01,10991.321,-0.0016756,akshare_sina,passed_current_or_past_only
sz399001,szse_component,2025-08-04,11041.56,0.00457079,akshare_sina,passed_current_or_past_only
sz399001,szse_component,2025-08-05,11106.957,0.0059228,akshare_sina,passed_current_or_past_only
sz399001,szse_component,2025-08-06,11177.782,0.00637663,akshare_sina,passed_current_or_past_only
sz399001,szse_component,2025-08-07,11157.94,-0.00177513,akshare_sina,passed_current_or_past_only
sz399001,szse_component,2025-08-08,11128.673,-0.00262298,akshare_sina,passed_current_or_past_only
sz399001,szse_component,2025-08-11,11291.426,0.01462465,akshare_sina,passed_current_or_past_only
sz399001,szse_component,2025-08-12,11351.633,0.0053321,akshare_sina,passed_current_or_past_only
sz399001,szse_component,2025-08-13,11551.365,0.017595,akshare_sina,passed_current_or_past_only
sz399001,szse_component,2025-08-14,11451.435,-0.00865093,akshare_sina,passed_current_or_past_only
sz399001,szse_component,2025-08-15,11634.668,0.01600088,akshare_sina,passed_current_or_past_only
sz399001,szse_component,2025-08-18,11835.572,0.0172677,akshare_sina,passed_current_or_past_only
sz399001,szse_component,2025-08-19,11821.626,-0.00117831,akshare_sina,passed_current_or_past_only
sz399001,szse_component,2025-08-20,11926.741,0.00889175,akshare_sina,passed_current_or_past_only
sz399001,szse_component,2025-08-21,11919.763,-0.00058507,akshare_sina,passed_current_or_past_only
sz399001,szse_component,2025-08-22,12166.061,0.02066299,akshare_sina,passed_current_or_past_only
sz399001,szse_component,2025-08-25,12441.067,0.02260436,akshare_sina,passed_current_or_past_only
sz399001,szse_component,2025-08-26,12473.174,0.00258073,akshare_sina,passed_current_or_past_only
sz399001,szse_component,2025-08-27,12295.069,-0.01427904,akshare_sina,passed_current_or_past_only
sz399001,szse_component,2025-08-28,12571.371,0.02247259,akshare_sina,passed_current_or_past_only
sz399001,szse_component,2025-08-29,12696.15,0.00992565,akshare_sina,passed_current_or_past_only
sz399001,szse_component,2025-09-01,12828.952,0.01046002,akshare_sina,passed_current_or_past_only
sz399001,szse_component,2025-09-02,12553.838,-0.02144478,akshare_sina,passed_current_or_past_only
sz399001,szse_component,2025-09-03,12471.995,-0.00651936,akshare_sina,passed_current_or_past_only
sz399001,szse_component,2025-09-04,12118.702,-0.0283269,akshare_sina,passed_current_or_past_only
sz399001,szse_component,2025-09-05,12590.562,0.03893651,akshare_sina,passed_current_or_past_only
sz399001,szse_component,2025-09-08,12666.842,0.00605851,akshare_sina,passed_current_or_past_only
sz399001,szse_component,2025-09-09,12510.597,-0.01233496,akshare_sina,passed_current_or_past_only
sz399001,szse_component,2025-09-10,12557.68,0.00376345,akshare_sina,passed_current_or_past_only
sz399001,szse_component,2025-09-11,12979.892,0.03362182,akshare_sina,passed_current_or_past_only
sz399001,szse_component,2025-09-12,12924.135,-0.00429564,akshare_sina,passed_current_or_past_only
sz399001,szse_component,2025-09-15,13005.774,0.00631679,akshare_sina,passed_current_or_past_only
sz399001,szse_component,2025-09-16,13063.974,0.00447494,akshare_sina,passed_current_or_past_only
sz399001,szse_component,2025-09-17,13215.457,0.01159548,akshare_sina,passed_current_or_past_only
sz399001,szse_component,2025-09-18,13075.658,-0.01057845,akshare_sina,passed_current_or_past_only
sz399001,szse_component,2025-09-19,13070.863,-0.00036671,akshare_sina,passed_current_or_past_only
sz399001,szse_component,2025-09-22,13157.974,0.00666452,akshare_sina,passed_current_or_past_only
sz399001,szse_component,2025-09-23,13119.817,-0.00289991,akshare_sina,passed_current_or_past_only
sz399001,szse_component,2025-09-24,13356.143,0.0180129,akshare_sina,passed_current_or_past_only
sz399001,szse_component,2025-09-25,13445.896,0.00671998,akshare_sina,passed_current_or_past_only
sz399001,szse_component,2025-09-26,13208.996,-0.01761876,akshare_sina,passed_current_or_past_only
sz399001,szse_component,2025-09-29,13479.428,0.02047332,akshare_sina,passed_current_or_past_only
sz399001,szse_component,2025-09-30,13526.509,0.0034928,akshare_sina,passed_current_or_past_only
sz399001,szse_component,2025-10-09,13725.557,0.0147154,akshare_sina,passed_current_or_past_only
sz399001,szse_component,2025-10-10,13355.419,-0.02696707,akshare_sina,passed_current_or_past_only
sz399001,szse_component,2025-10-13,13231.466,-0.0092811,akshare_sina,passed_current_or_past_only
sz399001,szse_component,2025-10-14,12895.107,-0.02542114,akshare_sina,passed_current_or_past_only
sz399001,szse_component,2025-10-15,13118.754,0.01734356,akshare_sina,passed_current_or_past_only
sz399001,szse_component,2025-10-16,13086.409,-0.00246555,akshare_sina,passed_current_or_past_only
sz399001,szse_component,2025-10-17,12688.936,-0.03037296,akshare_sina,passed_current_or_past_only
sz399001,szse_component,2025-10-20,12813.208,0.00979373,akshare_sina,passed_current_or_past_only
sz399001,szse_component,2025-10-21,13077.316,0.02061217,akshare_sina,passed_current_or_past_only
sz399001,szse_component,2025-10-22,12996.608,-0.0061716,akshare_sina,passed_current_or_past_only
sz399001,szse_component,2025-10-23,13025.446,0.00221889,akshare_sina,passed_current_or_past_only
sz399001,szse_component,2025-10-24,13289.185,0.02024798,akshare_sina,passed_current_or_past_only
sz399001,szse_component,2025-10-27,13489.403,0.01506624,akshare_sina,passed_current_or_past_only
sz399001,szse_component,2025-10-28,13430.104,-0.00439597,akshare_sina,passed_current_or_past_only
sz399001,szse_component,2025-10-29,13691.383,0.01945473,akshare_sina,passed_current_or_past_only
sz399001,szse_component,2025-10-30,13532.126,-0.01163191,akshare_sina,passed_current_or_past_only
sz399001,szse_component,2025-10-31,13378.212,-0.01137397,akshare_sina,passed_current_or_past_only
sz399001,szse_component,2025-11-03,13404.063,0.00193232,akshare_sina,passed_current_or_past_only
sz399001,szse_component,2025-11-04,13175.221,-0.01707258,akshare_sina,passed_current_or_past_only
sz399001,szse_component,2025-11-05,13223.56,0.00366893,akshare_sina,passed_current_or_past_only
sz399001,szse_component,2025-11-06,13452.417,0.01730676,akshare_sina,passed_current_or_past_only
sz399001,szse_component,2025-11-07,13404.056,-0.00359497,akshare_sina,passed_current_or_past_only
sz399001,szse_component,2025-11-10,13427.612,0.00175738,akshare_sina,passed_current_or_past_only
sz399001,szse_component,2025-11-11,13289.005,-0.01032254,akshare_sina,passed_current_or_past_only
sz399001,szse_component,2025-11-12,13240.616,-0.00364128,akshare_sina,passed_current_or_past_only
sz399001,szse_component,2025-11-13,13476.521,0.01781677,akshare_sina,passed_current_or_past_only
sz399001,szse_component,2025-11-14,13216.031,-0.01932917,akshare_sina,passed_current_or_past_only
sz399001,szse_component,2025-11-17,13202.005,-0.00106129,akshare_sina,passed_current_or_past_only
sz399001,szse_component,2025-11-18,13080.488,-0.00920444,akshare_sina,passed_current_or_past_only
sz399001,szse_component,2025-11-19,13080.086,-3.073e-05,akshare_sina,passed_current_or_past_only
sz399001,szse_component,2025-11-20,12980.818,-0.00758925,akshare_sina,passed_current_or_past_only
sz399001,szse_component,2025-11-21,12538.071,-0.03410779,akshare_sina,passed_current_or_past_only
sz399001,szse_component,2025-11-24,12585.084,0.00374962,akshare_sina,passed_current_or_past_only
sz399001,szse_component,2025-11-25,12777.313,0.01527435,akshare_sina,passed_current_or_past_only
sz399001,szse_component,2025-11-26,12907.834,0.01021506,akshare_sina,passed_current_or_past_only
sz399001,szse_component,2025-11-27,12875.195,-0.00252862,akshare_sina,passed_current_or_past_only
sz399001,szse_component,2025-11-28,12984.081,0.00845704,akshare_sina,passed_current_or_past_only
sz399001,szse_component,2025-12-01,13146.716,0.01252572,akshare_sina,passed_current_or_past_only
sz399001,szse_component,2025-12-02,13056.701,-0.00684696,akshare_sina,passed_current_or_past_only
sz399001,szse_component,2025-12-03,12955.253,-0.0077698,akshare_sina,passed_current_or_past_only
sz399001,szse_component,2025-12-04,13006.717,0.00397244,akshare_sina,passed_current_or_past_only
sz399001,szse_component,2025-12-05,13147.677,0.01083748,akshare_sina,passed_current_or_past_only
sz399001,szse_component,2025-12-08,13329.99,0.01386656,akshare_sina,passed_current_or_past_only
sz399001,szse_component,2025-12-09,13277.362,-0.00394809,akshare_sina,passed_current_or_past_only
sz399001,szse_component,2025-12-10,13316.424,0.002942,akshare_sina,passed_current_or_past_only
sz399001,szse_component,2025-12-11,13147.387,-0.01269387,akshare_sina,passed_current_or_past_only
sz399001,szse_component,2025-12-12,13258.328,0.00843825,akshare_sina,passed_current_or_past_only
sz399001,szse_component,2025-12-15,13112.089,-0.01102997,akshare_sina,passed_current_or_past_only
sz399001,szse_component,2025-12-16,12914.668,-0.01505641,akshare_sina,passed_current_or_past_only
sz399001,szse_component,2025-12-17,13224.514,0.02399179,akshare_sina,passed_current_or_past_only
sz399001,szse_component,2025-12-18,13053.975,-0.01289567,akshare_sina,passed_current_or_past_only
sz399001,szse_component,2025-12-19,13140.215,0.00660642,akshare_sina,passed_current_or_past_only
sz399001,szse_component,2025-12-22,13332.731,0.0146509,akshare_sina,passed_current_or_past_only
sz399001,szse_component,2025-12-23,13368.989,0.00271947,akshare_sina,passed_current_or_past_only
sz399001,szse_component,2025-12-24,13486.419,0.00878376,akshare_sina,passed_current_or_past_only
sz399001,szse_component,2025-12-25,13531.411,0.0033361,akshare_sina,passed_current_or_past_only
sz399001,szse_component,2025-12-26,13603.894,0.00535665,akshare_sina,passed_current_or_past_only
sz399001,szse_component,2025-12-29,13537.097,-0.00491014,akshare_sina,passed_current_or_past_only
sz399001,szse_component,2025-12-30,13604.067,0.00494715,akshare_sina,passed_current_or_past_only
sz399001,szse_component,2025-12-31,13525.022,-0.00581039,akshare_sina,passed_current_or_past_only
sz399001,szse_component,2026-01-05,13828.63,0.02244787,akshare_sina,passed_current_or_past_only
sz399001,szse_component,2026-01-06,14022.552,0.01402323,akshare_sina,passed_current_or_past_only
sz399001,szse_component,2026-01-07,14030.559,0.00057101,akshare_sina,passed_current_or_past_only
sz399001,szse_component,2026-01-08,13959.482,-0.00506587,akshare_sina,passed_current_or_past_only
sz399001,szse_component,2026-01-09,14120.151,0.01150967,akshare_sina,passed_current_or_past_only
sz399001,szse_component,2026-01-12,14366.908,0.01747552,akshare_sina,passed_current_or_past_only
sz399001,szse_component,2026-01-13,14169.397,-0.01374763,akshare_sina,passed_current_or_past_only
sz399001,szse_component,2026-01-14,14248.599,0.00558965,akshare_sina,passed_current_or_past_only
sz399001,szse_component,2026-01-15,14306.726,0.00407949,akshare_sina,passed_current_or_past_only
sz399001,szse_component,2026-01-16,14281.08,-0.00179258,akshare_sina,passed_current_or_past_only
sz399001,szse_component,2026-01-19,14294.053,0.0009084,akshare_sina,passed_current_or_past_only
sz399001,szse_component,2026-01-20,14155.628,-0.0096841,akshare_sina,passed_current_or_past_only
sz399001,szse_component,2026-01-21,14255.125,0.00702879,akshare_sina,passed_current_or_past_only
sz399001,szse_component,2026-01-22,14327.045,0.0050452,akshare_sina,passed_current_or_past_only
sz399001,szse_component,2026-01-23,14439.658,0.00786017,akshare_sina,passed_current_or_past_only
sz399001,szse_component,2026-01-26,14316.637,-0.00851966,akshare_sina,passed_current_or_past_only
sz399001,szse_component,2026-01-27,14329.906,0.00092682,akshare_sina,passed_current_or_past_only
sz399001,szse_component,2026-01-28,14342.895,0.00090643,akshare_sina,passed_current_or_past_only
sz399001,szse_component,2026-01-29,14300.076,-0.00298538,akshare_sina,passed_current_or_past_only
sz399001,szse_component,2026-01-30,14205.893,-0.00658619,akshare_sina,passed_current_or_past_only
sz399001,szse_component,2026-02-02,13824.352,-0.02685794,akshare_sina,passed_current_or_past_only
sz399001,szse_component,2026-02-03,14127.105,0.02189998,akshare_sina,passed_current_or_past_only
sz399001,szse_component,2026-02-04,14156.273,0.00206468,akshare_sina,passed_current_or_past_only
sz399001,szse_component,2026-02-05,13952.712,-0.01437956,akshare_sina,passed_current_or_past_only
sz399001,szse_component,2026-02-06,13906.734,-0.00329527,akshare_sina,passed_current_or_past_only
sz399001,szse_component,2026-02-09,14208.436,0.02169467,akshare_sina,passed_current_or_past_only
sz399001,szse_component,2026-02-10,14210.626,0.00015413,akshare_sina,passed_current_or_past_only
sz399001,szse_component,2026-02-11,14160.934,-0.00349682,akshare_sina,passed_current_or_past_only
sz399001,szse_component,2026-02-12,14282.998,0.00861977,akshare_sina,passed_current_or_past_only
sz399001,szse_component,2026-02-13,14100.189,-0.01279906,akshare_sina,passed_current_or_past_only
sz399001,szse_component,2026-02-24,14291.565,0.01357258,akshare_sina,passed_current_or_past_only
sz399001,szse_component,2026-02-25,14475.865,0.01289572,akshare_sina,passed_current_or_past_only
sz399001,szse_component,2026-02-26,14503.786,0.0019288,akshare_sina,passed_current_or_past_only
sz399001,szse_component,2026-02-27,14495.093,-0.00059936,akshare_sina,passed_current_or_past_only
sz399001,szse_component,2026-03-02,14465.788,-0.00202172,akshare_sina,passed_current_or_past_only
sz399001,szse_component,2026-03-03,14022.392,-0.03065135,akshare_sina,passed_current_or_past_only
sz399001,szse_component,2026-03-04,13917.752,-0.00746235,akshare_sina,passed_current_or_past_only
sz399001,szse_component,2026-03-05,14088.839,0.01229272,akshare_sina,passed_current_or_past_only
sz399001,szse_component,2026-03-06,14172.627,0.00594712,akshare_sina,passed_current_or_past_only
sz399001,szse_component,2026-03-09,14067.503,-0.0074174,akshare_sina,passed_current_or_past_only
sz399001,szse_component,2026-03-10,14354.073,0.02037106,akshare_sina,passed_current_or_past_only
sz399001,szse_component,2026-03-11,14465.41,0.00775647,akshare_sina,passed_current_or_past_only
sz399001,szse_component,2026-03-12,14374.871,-0.006259,akshare_sina,passed_current_or_past_only
sz399001,szse_component,2026-03-13,14280.78,-0.00654552,akshare_sina,passed_current_or_past_only
sz399001,szse_component,2026-03-16,14307.577,0.00187644,akshare_sina,passed_current_or_past_only
sz399001,szse_component,2026-03-17,14039.73,-0.01872064,akshare_sina,passed_current_or_past_only
sz399001,szse_component,2026-03-18,14187.796,0.01054621,akshare_sina,passed_current_or_past_only
sz399001,szse_component,2026-03-19,13901.567,-0.02017431,akshare_sina,passed_current_or_past_only
sz399001,szse_component,2026-03-20,13866.202,-0.00254396,akshare_sina,passed_current_or_past_only
sz399001,szse_component,2026-03-23,13345.514,-0.03755087,akshare_sina,passed_current_or_past_only
sz399001,szse_component,2026-03-24,13536.556,0.01431507,akshare_sina,passed_current_or_past_only
sz399001,szse_component,2026-03-25,13801.001,0.01953562,akshare_sina,passed_current_or_past_only
sz399001,szse_component,2026-03-26,13606.443,-0.01409738,akshare_sina,passed_current_or_past_only
sz399001,szse_component,2026-03-27,13760.369,0.01131273,akshare_sina,passed_current_or_past_only
sz399001,szse_component,2026-03-30,13726.19,-0.00248387,akshare_sina,passed_current_or_past_only
sz399001,szse_component,2026-03-31,13478.056,-0.01807741,akshare_sina,passed_current_or_past_only
sz399001,szse_component,2026-04-01,13706.52,0.01695081,akshare_sina,passed_current_or_past_only
sz399001,szse_component,2026-04-02,13486.937,-0.01602033,akshare_sina,passed_current_or_past_only
sz399001,szse_component,2026-04-03,13352.904,-0.00993799,akshare_sina,passed_current_or_past_only
sz399001,szse_component,2026-04-07,13400.412,0.00355788,akshare_sina,passed_current_or_past_only
sz399001,szse_component,2026-04-08,14042.496,0.04791524,akshare_sina,passed_current_or_past_only
sz399001,szse_component,2026-04-09,13996.266,-0.00329215,akshare_sina,passed_current_or_past_only
sz399001,szse_component,2026-04-10,14309.472,0.02237783,akshare_sina,passed_current_or_past_only
sz399001,szse_component,2026-04-13,14407.864,0.006876,akshare_sina,passed_current_or_past_only
sz399001,szse_component,2026-04-14,14639.952,0.01610843,akshare_sina,passed_current_or_past_only
sz399001,szse_component,2026-04-15,14498.455,-0.00966513,akshare_sina,passed_current_or_past_only
sz399001,szse_component,2026-04-16,14796.335,0.02054564,akshare_sina,passed_current_or_past_only
sz399001,szse_component,2026-04-17,14885.416,0.00602048,akshare_sina,passed_current_or_past_only
sz399001,szse_component,2026-04-20,14966.747,0.0054638,akshare_sina,passed_current_or_past_only
sz399001,szse_component,2026-04-21,14982.14,0.00102848,akshare_sina,passed_current_or_past_only
sz399001,szse_component,2026-04-22,15177.286,0.01302524,akshare_sina,passed_current_or_past_only
sz399001,szse_component,2026-04-23,15043.449,-0.00881824,akshare_sina,passed_current_or_past_only
sz399001,szse_component,2026-04-24,14940.301,-0.00685667,akshare_sina,passed_current_or_past_only
sz399001,szse_component,2026-04-27,14995.748,0.00371124,akshare_sina,passed_current_or_past_only
sz399001,szse_component,2026-04-28,14830.455,-0.01102266,akshare_sina,passed_current_or_past_only
sz399001,szse_component,2026-04-29,15120.923,0.01958591,akshare_sina,passed_current_or_past_only
sz399001,szse_component,2026-04-30,15107.553,-0.00088421,akshare_sina,passed_current_or_past_only
sz399001,szse_component,2026-05-06,15459.616,0.02330377,akshare_sina,passed_current_or_past_only
sz399001,szse_component,2026-05-07,15641.886,0.01179007,akshare_sina,passed_current_or_past_only
sz399001,szse_component,2026-05-08,15563.797,-0.0049923,akshare_sina,passed_current_or_past_only
sz399001,szse_component,2026-05-11,15899.302,0.02155676,akshare_sina,passed_current_or_past_only
sz399001,szse_component,2026-05-12,15824.921,-0.00467826,akshare_sina,passed_current_or_past_only
sz399001,szse_component,2026-05-13,16089.749,0.01673487,akshare_sina,passed_current_or_past_only
sz399001,szse_component,2026-05-14,15745.736,-0.02138088,akshare_sina,passed_current_or_past_only
sz399001,szse_component,2026-05-15,15561.372,-0.01170882,akshare_sina,passed_current_or_past_only
sz399001,szse_component,2026-05-18,15530.229,-0.0020013,akshare_sina,passed_current_or_past_only
sz399001,szse_component,2026-05-19,15569.907,0.00255489,akshare_sina,passed_current_or_past_only
sz399001,szse_component,2026-05-20,15569.979,4.62e-06,akshare_sina,passed_current_or_past_only
sz399001,szse_component,2026-05-21,15247.271,-0.0207263,akshare_sina,passed_current_or_past_only
sz399001,szse_component,2026-05-22,15597.297,0.02295663,akshare_sina,passed_current_or_past_only
sz399001,szse_component,2026-05-25,15856.61,0.01662551,akshare_sina,passed_current_or_past_only
sz399001,szse_component,2026-05-26,15876.163,0.00123311,akshare_sina,passed_current_or_past_only
sz399001,szse_component,2026-05-27,15736.469,-0.00879898,akshare_sina,passed_current_or_past_only
sz399001,szse_component,2026-05-28,15861.891,0.00797015,akshare_sina,passed_current_or_past_only
sz399001,szse_component,2026-05-29,15575.134,-0.01807836,akshare_sina,passed_current_or_past_only
sz399001,szse_component,2026-06-01,15340.356,-0.0150739,akshare_sina,passed_current_or_past_only
sz399001,szse_component,2026-06-02,15591.128,0.01634721,akshare_sina,passed_current_or_past_only
sz399001,szse_component,2026-06-03,15704.711,0.0072851,akshare_sina,passed_current_or_past_only
sz399001,szse_component,2026-06-04,15661.574,-0.00274676,akshare_sina,passed_current_or_past_only
sz399001,szse_component,2026-06-05,15314.7,-0.02214809,akshare_sina,passed_current_or_past_only
sz399001,szse_component,2026-06-08,14821.187,-0.03222479,akshare_sina,passed_current_or_past_only
sz399001,szse_component,2026-06-09,15268.715,0.03019515,akshare_sina,passed_current_or_past_only
sz399001,szse_component,2026-06-10,14954.101,-0.02060514,akshare_sina,passed_current_or_past_only
sz399001,szse_component,2026-06-11,14851.976,-0.00682923,akshare_sina,passed_current_or_past_only
sz399001,szse_component,2026-06-12,14963.407,0.00750277,akshare_sina,passed_current_or_past_only
sz399001,szse_component,2026-06-15,15531.109,0.03793935,akshare_sina,passed_current_or_past_only
sz399001,szse_component,2026-06-16,15675.246,0.00928053,akshare_sina,passed_current_or_past_only
sz399001,szse_component,2026-06-17,15880.951,0.01312292,akshare_sina,passed_current_or_past_only
sz399001,szse_component,2026-06-18,16030.702,0.0094296,akshare_sina,passed_current_or_past_only
sz399001,szse_component,2026-06-22,16372.499,0.0213214,akshare_sina,passed_current_or_past_only
sz399001,szse_component,2026-06-23,15854.196,-0.03165693,akshare_sina,passed_current_or_past_only
sz399001,szse_component,2026-06-24,16051.319,0.01243349,akshare_sina,passed_current_or_past_only
sz399001,szse_component,2026-06-25,16344.083,0.01823925,akshare_sina,passed_current_or_past_only
sz399001,szse_component,2026-06-26,15782.223,-0.03437697,akshare_sina,passed_current_or_past_only
sz399001,szse_component,2026-06-29,15812.871,0.00194193,akshare_sina,passed_current_or_past_only
sz399001,szse_component,2026-06-30,16205.557,0.02483331,akshare_sina,passed_current_or_past_only
sz399001,szse_component,2026-07-01,16119.168,-0.00533083,akshare_sina,passed_current_or_past_only
sz399001,szse_component,2026-07-02,15498.811,-0.03848567,akshare_sina,passed_current_or_past_only
sz399001,szse_component,2026-07-03,15597.512,0.00636829,akshare_sina,passed_current_or_past_only
sz399001,szse_component,2026-07-06,15416.804,-0.01158569,akshare_sina,passed_current_or_past_only
