goal_id,mode,calculation_type,trade_date,symbol,as_of_date,risk_domain,risk_tag,risk_severity,risk_confidence,risk_state,risk_transition_diagnostic,triggered_rule_ids,risk_rule_trace,warning_propagation,upstream_warning_mapping,missing_input_diagnostics,bounded_model_weakness_diagnostics,audit_metadata,review_only_status_flags,non_actionable,recommendation_generated,position_generated,dashboard_generated,paper_live_trading_generated,trading_generated,production_generated,backtest_generated,factor_mining_generated,dqn_rl_generated
GOAL-07B,review_only,risk_overlay_diagnostic,2024-06-17,000001.SZ,2024-06-14,calibration_risk;feature_stability_risk;model_confidence_risk;provider_concentration_risk;target_horizon_risk,HIGH_REVIEW_ONLY_DIAGNOSTIC,HIGH,MEDIUM,model_warning,not_evaluated->model_warning,calibration_warning_minimum_warning_state;weak_rank_signal_model_confidence;single_provider_concentration;feature_instability_downgrades;target_horizon_warning_downgrades,calibration_warning_minimum_warning_state@calibration_risk@WARNING;weak_rank_signal_model_confidence@model_confidence_risk@WARNING;single_provider_concentration@provider_concentration_risk@WARNING;feature_instability_downgrades@feature_stability_risk@DEGRADED;target_horizon_warning_downgrades@target_horizon_risk@WARNING,calibration_not_reliable_for_thresholding;feature_sign_instability_bounded;provider_source_concentration_disclosed;selected_score_variant_weak_rank_signal;single_provider_mode_akshare_direct;target_horizon_calibration_warning;weak_target_horizon_rank_signal,calibration_not_reliable_for_thresholding:calibration_risk;feature_sign_instability_bounded:feature_stability_risk;provider_source_concentration_disclosed:provider_concentration_risk;selected_score_variant_weak_rank_signal:model_confidence_risk;single_provider_mode_akshare_direct:provider_concentration_risk;target_horizon_calibration_warning:calibration_risk;weak_target_horizon_rank_signal:target_horizon_risk,none,selected_score_variant=raw_score_based_alpha_ranking;selected_target=excess_fwd_3d_return;selection_label=review_only_selected_baseline_weak_but_bounded;calibration_status=PASS_WITH_WARNINGS;feature_stability_status=PASS_WITH_WARNINGS;provider_concentration_status=PASS_WITH_WARNINGS,input_row=1;source=outputs/samples/stage6c_source_backed_engineering_panel_sample.csv;rule_catalog=goal07a_v1;non_actionable=true,review_only=true;diagnostic_only=true;not_a_recommendation=true;not_a_position=true,true,false,false,false,false,false,false,false,false,false
GOAL-07B,review_only,risk_overlay_diagnostic,2024-06-18,000001.SZ,2024-06-17,calibration_risk;feature_stability_risk;model_confidence_risk;provider_concentration_risk;target_horizon_risk,HIGH_REVIEW_ONLY_DIAGNOSTIC,HIGH,MEDIUM,model_warning,not_evaluated->model_warning,calibration_warning_minimum_warning_state;weak_rank_signal_model_confidence;single_provider_concentration;feature_instability_downgrades;target_horizon_warning_downgrades,calibration_warning_minimum_warning_state@calibration_risk@WARNING;weak_rank_signal_model_confidence@model_confidence_risk@WARNING;single_provider_concentration@provider_concentration_risk@WARNING;feature_instability_downgrades@feature_stability_risk@DEGRADED;target_horizon_warning_downgrades@target_horizon_risk@WARNING,calibration_not_reliable_for_thresholding;feature_sign_instability_bounded;provider_source_concentration_disclosed;selected_score_variant_weak_rank_signal;single_provider_mode_akshare_direct;target_horizon_calibration_warning;weak_target_horizon_rank_signal,calibration_not_reliable_for_thresholding:calibration_risk;feature_sign_instability_bounded:feature_stability_risk;provider_source_concentration_disclosed:provider_concentration_risk;selected_score_variant_weak_rank_signal:model_confidence_risk;single_provider_mode_akshare_direct:provider_concentration_risk;target_horizon_calibration_warning:calibration_risk;weak_target_horizon_rank_signal:target_horizon_risk,none,selected_score_variant=raw_score_based_alpha_ranking;selected_target=excess_fwd_3d_return;selection_label=review_only_selected_baseline_weak_but_bounded;calibration_status=PASS_WITH_WARNINGS;feature_stability_status=PASS_WITH_WARNINGS;provider_concentration_status=PASS_WITH_WARNINGS,input_row=2;source=outputs/samples/stage6c_source_backed_engineering_panel_sample.csv;rule_catalog=goal07a_v1;non_actionable=true,review_only=true;diagnostic_only=true;not_a_recommendation=true;not_a_position=true,true,false,false,false,false,false,false,false,false,false
GOAL-07B,review_only,risk_overlay_diagnostic,2024-06-19,000001.SZ,2024-06-18,calibration_risk;feature_stability_risk;model_confidence_risk;provider_concentration_risk;target_horizon_risk,HIGH_REVIEW_ONLY_DIAGNOSTIC,HIGH,MEDIUM,model_warning,not_evaluated->model_warning,calibration_warning_minimum_warning_state;weak_rank_signal_model_confidence;single_provider_concentration;feature_instability_downgrades;target_horizon_warning_downgrades,calibration_warning_minimum_warning_state@calibration_risk@WARNING;weak_rank_signal_model_confidence@model_confidence_risk@WARNING;single_provider_concentration@provider_concentration_risk@WARNING;feature_instability_downgrades@feature_stability_risk@DEGRADED;target_horizon_warning_downgrades@target_horizon_risk@WARNING,calibration_not_reliable_for_thresholding;feature_sign_instability_bounded;provider_source_concentration_disclosed;selected_score_variant_weak_rank_signal;single_provider_mode_akshare_direct;target_horizon_calibration_warning;weak_target_horizon_rank_signal,calibration_not_reliable_for_thresholding:calibration_risk;feature_sign_instability_bounded:feature_stability_risk;provider_source_concentration_disclosed:provider_concentration_risk;selected_score_variant_weak_rank_signal:model_confidence_risk;single_provider_mode_akshare_direct:provider_concentration_risk;target_horizon_calibration_warning:calibration_risk;weak_target_horizon_rank_signal:target_horizon_risk,none,selected_score_variant=raw_score_based_alpha_ranking;selected_target=excess_fwd_3d_return;selection_label=review_only_selected_baseline_weak_but_bounded;calibration_status=PASS_WITH_WARNINGS;feature_stability_status=PASS_WITH_WARNINGS;provider_concentration_status=PASS_WITH_WARNINGS,input_row=3;source=outputs/samples/stage6c_source_backed_engineering_panel_sample.csv;rule_catalog=goal07a_v1;non_actionable=true,review_only=true;diagnostic_only=true;not_a_recommendation=true;not_a_position=true,true,false,false,false,false,false,false,false,false,false
GOAL-07B,review_only,risk_overlay_diagnostic,2024-06-20,000001.SZ,2024-06-19,calibration_risk;feature_stability_risk;model_confidence_risk;provider_concentration_risk;target_horizon_risk,HIGH_REVIEW_ONLY_DIAGNOSTIC,HIGH,MEDIUM,model_warning,not_evaluated->model_warning,calibration_warning_minimum_warning_state;weak_rank_signal_model_confidence;single_provider_concentration;feature_instability_downgrades;target_horizon_warning_downgrades,calibration_warning_minimum_warning_state@calibration_risk@WARNING;weak_rank_signal_model_confidence@model_confidence_risk@WARNING;single_provider_concentration@provider_concentration_risk@WARNING;feature_instability_downgrades@feature_stability_risk@DEGRADED;target_horizon_warning_downgrades@target_horizon_risk@WARNING,calibration_not_reliable_for_thresholding;feature_sign_instability_bounded;provider_source_concentration_disclosed;selected_score_variant_weak_rank_signal;single_provider_mode_akshare_direct;target_horizon_calibration_warning;weak_target_horizon_rank_signal,calibration_not_reliable_for_thresholding:calibration_risk;feature_sign_instability_bounded:feature_stability_risk;provider_source_concentration_disclosed:provider_concentration_risk;selected_score_variant_weak_rank_signal:model_confidence_risk;single_provider_mode_akshare_direct:provider_concentration_risk;target_horizon_calibration_warning:calibration_risk;weak_target_horizon_rank_signal:target_horizon_risk,none,selected_score_variant=raw_score_based_alpha_ranking;selected_target=excess_fwd_3d_return;selection_label=review_only_selected_baseline_weak_but_bounded;calibration_status=PASS_WITH_WARNINGS;feature_stability_status=PASS_WITH_WARNINGS;provider_concentration_status=PASS_WITH_WARNINGS,input_row=4;source=outputs/samples/stage6c_source_backed_engineering_panel_sample.csv;rule_catalog=goal07a_v1;non_actionable=true,review_only=true;diagnostic_only=true;not_a_recommendation=true;not_a_position=true,true,false,false,false,false,false,false,false,false,false
GOAL-07B,review_only,risk_overlay_diagnostic,2024-06-21,000001.SZ,2024-06-20,calibration_risk;feature_stability_risk;model_confidence_risk;provider_concentration_risk;target_horizon_risk,HIGH_REVIEW_ONLY_DIAGNOSTIC,HIGH,MEDIUM,model_warning,not_evaluated->model_warning,calibration_warning_minimum_warning_state;weak_rank_signal_model_confidence;single_provider_concentration;feature_instability_downgrades;target_horizon_warning_downgrades,calibration_warning_minimum_warning_state@calibration_risk@WARNING;weak_rank_signal_model_confidence@model_confidence_risk@WARNING;single_provider_concentration@provider_concentration_risk@WARNING;feature_instability_downgrades@feature_stability_risk@DEGRADED;target_horizon_warning_downgrades@target_horizon_risk@WARNING,calibration_not_reliable_for_thresholding;feature_sign_instability_bounded;provider_source_concentration_disclosed;selected_score_variant_weak_rank_signal;single_provider_mode_akshare_direct;target_horizon_calibration_warning;weak_target_horizon_rank_signal,calibration_not_reliable_for_thresholding:calibration_risk;feature_sign_instability_bounded:feature_stability_risk;provider_source_concentration_disclosed:provider_concentration_risk;selected_score_variant_weak_rank_signal:model_confidence_risk;single_provider_mode_akshare_direct:provider_concentration_risk;target_horizon_calibration_warning:calibration_risk;weak_target_horizon_rank_signal:target_horizon_risk,none,selected_score_variant=raw_score_based_alpha_ranking;selected_target=excess_fwd_3d_return;selection_label=review_only_selected_baseline_weak_but_bounded;calibration_status=PASS_WITH_WARNINGS;feature_stability_status=PASS_WITH_WARNINGS;provider_concentration_status=PASS_WITH_WARNINGS,input_row=5;source=outputs/samples/stage6c_source_backed_engineering_panel_sample.csv;rule_catalog=goal07a_v1;non_actionable=true,review_only=true;diagnostic_only=true;not_a_recommendation=true;not_a_position=true,true,false,false,false,false,false,false,false,false,false
GOAL-07B,review_only,risk_overlay_diagnostic,2024-06-24,000001.SZ,2024-06-21,calibration_risk;feature_stability_risk;model_confidence_risk;provider_concentration_risk;target_horizon_risk,HIGH_REVIEW_ONLY_DIAGNOSTIC,HIGH,MEDIUM,model_warning,not_evaluated->model_warning,calibration_warning_minimum_warning_state;weak_rank_signal_model_confidence;single_provider_concentration;feature_instability_downgrades;target_horizon_warning_downgrades,calibration_warning_minimum_warning_state@calibration_risk@WARNING;weak_rank_signal_model_confidence@model_confidence_risk@WARNING;single_provider_concentration@provider_concentration_risk@WARNING;feature_instability_downgrades@feature_stability_risk@DEGRADED;target_horizon_warning_downgrades@target_horizon_risk@WARNING,calibration_not_reliable_for_thresholding;feature_sign_instability_bounded;provider_source_concentration_disclosed;selected_score_variant_weak_rank_signal;single_provider_mode_akshare_direct;target_horizon_calibration_warning;weak_target_horizon_rank_signal,calibration_not_reliable_for_thresholding:calibration_risk;feature_sign_instability_bounded:feature_stability_risk;provider_source_concentration_disclosed:provider_concentration_risk;selected_score_variant_weak_rank_signal:model_confidence_risk;single_provider_mode_akshare_direct:provider_concentration_risk;target_horizon_calibration_warning:calibration_risk;weak_target_horizon_rank_signal:target_horizon_risk,none,selected_score_variant=raw_score_based_alpha_ranking;selected_target=excess_fwd_3d_return;selection_label=review_only_selected_baseline_weak_but_bounded;calibration_status=PASS_WITH_WARNINGS;feature_stability_status=PASS_WITH_WARNINGS;provider_concentration_status=PASS_WITH_WARNINGS,input_row=6;source=outputs/samples/stage6c_source_backed_engineering_panel_sample.csv;rule_catalog=goal07a_v1;non_actionable=true,review_only=true;diagnostic_only=true;not_a_recommendation=true;not_a_position=true,true,false,false,false,false,false,false,false,false,false
GOAL-07B,review_only,risk_overlay_diagnostic,2024-06-25,000001.SZ,2024-06-24,calibration_risk;feature_stability_risk;model_confidence_risk;provider_concentration_risk;target_horizon_risk,HIGH_REVIEW_ONLY_DIAGNOSTIC,HIGH,MEDIUM,model_warning,not_evaluated->model_warning,calibration_warning_minimum_warning_state;weak_rank_signal_model_confidence;single_provider_concentration;feature_instability_downgrades;target_horizon_warning_downgrades,calibration_warning_minimum_warning_state@calibration_risk@WARNING;weak_rank_signal_model_confidence@model_confidence_risk@WARNING;single_provider_concentration@provider_concentration_risk@WARNING;feature_instability_downgrades@feature_stability_risk@DEGRADED;target_horizon_warning_downgrades@target_horizon_risk@WARNING,calibration_not_reliable_for_thresholding;feature_sign_instability_bounded;provider_source_concentration_disclosed;selected_score_variant_weak_rank_signal;single_provider_mode_akshare_direct;target_horizon_calibration_warning;weak_target_horizon_rank_signal,calibration_not_reliable_for_thresholding:calibration_risk;feature_sign_instability_bounded:feature_stability_risk;provider_source_concentration_disclosed:provider_concentration_risk;selected_score_variant_weak_rank_signal:model_confidence_risk;single_provider_mode_akshare_direct:provider_concentration_risk;target_horizon_calibration_warning:calibration_risk;weak_target_horizon_rank_signal:target_horizon_risk,none,selected_score_variant=raw_score_based_alpha_ranking;selected_target=excess_fwd_3d_return;selection_label=review_only_selected_baseline_weak_but_bounded;calibration_status=PASS_WITH_WARNINGS;feature_stability_status=PASS_WITH_WARNINGS;provider_concentration_status=PASS_WITH_WARNINGS,input_row=7;source=outputs/samples/stage6c_source_backed_engineering_panel_sample.csv;rule_catalog=goal07a_v1;non_actionable=true,review_only=true;diagnostic_only=true;not_a_recommendation=true;not_a_position=true,true,false,false,false,false,false,false,false,false,false
GOAL-07B,review_only,risk_overlay_diagnostic,2024-06-26,000001.SZ,2024-06-25,calibration_risk;feature_stability_risk;model_confidence_risk;provider_concentration_risk;target_horizon_risk,HIGH_REVIEW_ONLY_DIAGNOSTIC,HIGH,MEDIUM,model_warning,not_evaluated->model_warning,calibration_warning_minimum_warning_state;weak_rank_signal_model_confidence;single_provider_concentration;feature_instability_downgrades;target_horizon_warning_downgrades,calibration_warning_minimum_warning_state@calibration_risk@WARNING;weak_rank_signal_model_confidence@model_confidence_risk@WARNING;single_provider_concentration@provider_concentration_risk@WARNING;feature_instability_downgrades@feature_stability_risk@DEGRADED;target_horizon_warning_downgrades@target_horizon_risk@WARNING,calibration_not_reliable_for_thresholding;feature_sign_instability_bounded;provider_source_concentration_disclosed;selected_score_variant_weak_rank_signal;single_provider_mode_akshare_direct;target_horizon_calibration_warning;weak_target_horizon_rank_signal,calibration_not_reliable_for_thresholding:calibration_risk;feature_sign_instability_bounded:feature_stability_risk;provider_source_concentration_disclosed:provider_concentration_risk;selected_score_variant_weak_rank_signal:model_confidence_risk;single_provider_mode_akshare_direct:provider_concentration_risk;target_horizon_calibration_warning:calibration_risk;weak_target_horizon_rank_signal:target_horizon_risk,none,selected_score_variant=raw_score_based_alpha_ranking;selected_target=excess_fwd_3d_return;selection_label=review_only_selected_baseline_weak_but_bounded;calibration_status=PASS_WITH_WARNINGS;feature_stability_status=PASS_WITH_WARNINGS;provider_concentration_status=PASS_WITH_WARNINGS,input_row=8;source=outputs/samples/stage6c_source_backed_engineering_panel_sample.csv;rule_catalog=goal07a_v1;non_actionable=true,review_only=true;diagnostic_only=true;not_a_recommendation=true;not_a_position=true,true,false,false,false,false,false,false,false,false,false
GOAL-07B,review_only,risk_overlay_diagnostic,2024-06-27,000001.SZ,2024-06-26,calibration_risk;feature_stability_risk;model_confidence_risk;provider_concentration_risk;target_horizon_risk,HIGH_REVIEW_ONLY_DIAGNOSTIC,HIGH,MEDIUM,model_warning,not_evaluated->model_warning,calibration_warning_minimum_warning_state;weak_rank_signal_model_confidence;single_provider_concentration;feature_instability_downgrades;target_horizon_warning_downgrades,calibration_warning_minimum_warning_state@calibration_risk@WARNING;weak_rank_signal_model_confidence@model_confidence_risk@WARNING;single_provider_concentration@provider_concentration_risk@WARNING;feature_instability_downgrades@feature_stability_risk@DEGRADED;target_horizon_warning_downgrades@target_horizon_risk@WARNING,calibration_not_reliable_for_thresholding;feature_sign_instability_bounded;provider_source_concentration_disclosed;selected_score_variant_weak_rank_signal;single_provider_mode_akshare_direct;target_horizon_calibration_warning;weak_target_horizon_rank_signal,calibration_not_reliable_for_thresholding:calibration_risk;feature_sign_instability_bounded:feature_stability_risk;provider_source_concentration_disclosed:provider_concentration_risk;selected_score_variant_weak_rank_signal:model_confidence_risk;single_provider_mode_akshare_direct:provider_concentration_risk;target_horizon_calibration_warning:calibration_risk;weak_target_horizon_rank_signal:target_horizon_risk,none,selected_score_variant=raw_score_based_alpha_ranking;selected_target=excess_fwd_3d_return;selection_label=review_only_selected_baseline_weak_but_bounded;calibration_status=PASS_WITH_WARNINGS;feature_stability_status=PASS_WITH_WARNINGS;provider_concentration_status=PASS_WITH_WARNINGS,input_row=9;source=outputs/samples/stage6c_source_backed_engineering_panel_sample.csv;rule_catalog=goal07a_v1;non_actionable=true,review_only=true;diagnostic_only=true;not_a_recommendation=true;not_a_position=true,true,false,false,false,false,false,false,false,false,false
GOAL-07B,review_only,risk_overlay_diagnostic,2024-06-28,000001.SZ,2024-06-27,calibration_risk;feature_stability_risk;model_confidence_risk;provider_concentration_risk;target_horizon_risk,HIGH_REVIEW_ONLY_DIAGNOSTIC,HIGH,MEDIUM,model_warning,not_evaluated->model_warning,calibration_warning_minimum_warning_state;weak_rank_signal_model_confidence;single_provider_concentration;feature_instability_downgrades;target_horizon_warning_downgrades,calibration_warning_minimum_warning_state@calibration_risk@WARNING;weak_rank_signal_model_confidence@model_confidence_risk@WARNING;single_provider_concentration@provider_concentration_risk@WARNING;feature_instability_downgrades@feature_stability_risk@DEGRADED;target_horizon_warning_downgrades@target_horizon_risk@WARNING,calibration_not_reliable_for_thresholding;feature_sign_instability_bounded;provider_source_concentration_disclosed;selected_score_variant_weak_rank_signal;single_provider_mode_akshare_direct;target_horizon_calibration_warning;weak_target_horizon_rank_signal,calibration_not_reliable_for_thresholding:calibration_risk;feature_sign_instability_bounded:feature_stability_risk;provider_source_concentration_disclosed:provider_concentration_risk;selected_score_variant_weak_rank_signal:model_confidence_risk;single_provider_mode_akshare_direct:provider_concentration_risk;target_horizon_calibration_warning:calibration_risk;weak_target_horizon_rank_signal:target_horizon_risk,none,selected_score_variant=raw_score_based_alpha_ranking;selected_target=excess_fwd_3d_return;selection_label=review_only_selected_baseline_weak_but_bounded;calibration_status=PASS_WITH_WARNINGS;feature_stability_status=PASS_WITH_WARNINGS;provider_concentration_status=PASS_WITH_WARNINGS,input_row=10;source=outputs/samples/stage6c_source_backed_engineering_panel_sample.csv;rule_catalog=goal07a_v1;non_actionable=true,review_only=true;diagnostic_only=true;not_a_recommendation=true;not_a_position=true,true,false,false,false,false,false,false,false,false,false
GOAL-07B,review_only,risk_overlay_diagnostic,2024-07-01,000001.SZ,2024-06-28,calibration_risk;feature_stability_risk;model_confidence_risk;provider_concentration_risk;target_horizon_risk,HIGH_REVIEW_ONLY_DIAGNOSTIC,HIGH,MEDIUM,model_warning,not_evaluated->model_warning,calibration_warning_minimum_warning_state;weak_rank_signal_model_confidence;single_provider_concentration;feature_instability_downgrades;target_horizon_warning_downgrades,calibration_warning_minimum_warning_state@calibration_risk@WARNING;weak_rank_signal_model_confidence@model_confidence_risk@WARNING;single_provider_concentration@provider_concentration_risk@WARNING;feature_instability_downgrades@feature_stability_risk@DEGRADED;target_horizon_warning_downgrades@target_horizon_risk@WARNING,calibration_not_reliable_for_thresholding;feature_sign_instability_bounded;provider_source_concentration_disclosed;selected_score_variant_weak_rank_signal;single_provider_mode_akshare_direct;target_horizon_calibration_warning;weak_target_horizon_rank_signal,calibration_not_reliable_for_thresholding:calibration_risk;feature_sign_instability_bounded:feature_stability_risk;provider_source_concentration_disclosed:provider_concentration_risk;selected_score_variant_weak_rank_signal:model_confidence_risk;single_provider_mode_akshare_direct:provider_concentration_risk;target_horizon_calibration_warning:calibration_risk;weak_target_horizon_rank_signal:target_horizon_risk,none,selected_score_variant=raw_score_based_alpha_ranking;selected_target=excess_fwd_3d_return;selection_label=review_only_selected_baseline_weak_but_bounded;calibration_status=PASS_WITH_WARNINGS;feature_stability_status=PASS_WITH_WARNINGS;provider_concentration_status=PASS_WITH_WARNINGS,input_row=11;source=outputs/samples/stage6c_source_backed_engineering_panel_sample.csv;rule_catalog=goal07a_v1;non_actionable=true,review_only=true;diagnostic_only=true;not_a_recommendation=true;not_a_position=true,true,false,false,false,false,false,false,false,false,false
GOAL-07B,review_only,risk_overlay_diagnostic,2024-07-02,000001.SZ,2024-07-01,calibration_risk;feature_stability_risk;model_confidence_risk;provider_concentration_risk;target_horizon_risk,HIGH_REVIEW_ONLY_DIAGNOSTIC,HIGH,MEDIUM,model_warning,not_evaluated->model_warning,calibration_warning_minimum_warning_state;weak_rank_signal_model_confidence;single_provider_concentration;feature_instability_downgrades;target_horizon_warning_downgrades,calibration_warning_minimum_warning_state@calibration_risk@WARNING;weak_rank_signal_model_confidence@model_confidence_risk@WARNING;single_provider_concentration@provider_concentration_risk@WARNING;feature_instability_downgrades@feature_stability_risk@DEGRADED;target_horizon_warning_downgrades@target_horizon_risk@WARNING,calibration_not_reliable_for_thresholding;feature_sign_instability_bounded;provider_source_concentration_disclosed;selected_score_variant_weak_rank_signal;single_provider_mode_akshare_direct;target_horizon_calibration_warning;weak_target_horizon_rank_signal,calibration_not_reliable_for_thresholding:calibration_risk;feature_sign_instability_bounded:feature_stability_risk;provider_source_concentration_disclosed:provider_concentration_risk;selected_score_variant_weak_rank_signal:model_confidence_risk;single_provider_mode_akshare_direct:provider_concentration_risk;target_horizon_calibration_warning:calibration_risk;weak_target_horizon_rank_signal:target_horizon_risk,none,selected_score_variant=raw_score_based_alpha_ranking;selected_target=excess_fwd_3d_return;selection_label=review_only_selected_baseline_weak_but_bounded;calibration_status=PASS_WITH_WARNINGS;feature_stability_status=PASS_WITH_WARNINGS;provider_concentration_status=PASS_WITH_WARNINGS,input_row=12;source=outputs/samples/stage6c_source_backed_engineering_panel_sample.csv;rule_catalog=goal07a_v1;non_actionable=true,review_only=true;diagnostic_only=true;not_a_recommendation=true;not_a_position=true,true,false,false,false,false,false,false,false,false,false
GOAL-07B,review_only,risk_overlay_diagnostic,2024-07-03,000001.SZ,2024-07-02,calibration_risk;feature_stability_risk;model_confidence_risk;provider_concentration_risk;target_horizon_risk,HIGH_REVIEW_ONLY_DIAGNOSTIC,HIGH,MEDIUM,model_warning,not_evaluated->model_warning,calibration_warning_minimum_warning_state;weak_rank_signal_model_confidence;single_provider_concentration;feature_instability_downgrades;target_horizon_warning_downgrades,calibration_warning_minimum_warning_state@calibration_risk@WARNING;weak_rank_signal_model_confidence@model_confidence_risk@WARNING;single_provider_concentration@provider_concentration_risk@WARNING;feature_instability_downgrades@feature_stability_risk@DEGRADED;target_horizon_warning_downgrades@target_horizon_risk@WARNING,calibration_not_reliable_for_thresholding;feature_sign_instability_bounded;provider_source_concentration_disclosed;selected_score_variant_weak_rank_signal;single_provider_mode_akshare_direct;target_horizon_calibration_warning;weak_target_horizon_rank_signal,calibration_not_reliable_for_thresholding:calibration_risk;feature_sign_instability_bounded:feature_stability_risk;provider_source_concentration_disclosed:provider_concentration_risk;selected_score_variant_weak_rank_signal:model_confidence_risk;single_provider_mode_akshare_direct:provider_concentration_risk;target_horizon_calibration_warning:calibration_risk;weak_target_horizon_rank_signal:target_horizon_risk,none,selected_score_variant=raw_score_based_alpha_ranking;selected_target=excess_fwd_3d_return;selection_label=review_only_selected_baseline_weak_but_bounded;calibration_status=PASS_WITH_WARNINGS;feature_stability_status=PASS_WITH_WARNINGS;provider_concentration_status=PASS_WITH_WARNINGS,input_row=13;source=outputs/samples/stage6c_source_backed_engineering_panel_sample.csv;rule_catalog=goal07a_v1;non_actionable=true,review_only=true;diagnostic_only=true;not_a_recommendation=true;not_a_position=true,true,false,false,false,false,false,false,false,false,false
GOAL-07B,review_only,risk_overlay_diagnostic,2024-07-04,000001.SZ,2024-07-03,calibration_risk;feature_stability_risk;model_confidence_risk;provider_concentration_risk;target_horizon_risk,HIGH_REVIEW_ONLY_DIAGNOSTIC,HIGH,MEDIUM,model_warning,not_evaluated->model_warning,calibration_warning_minimum_warning_state;weak_rank_signal_model_confidence;single_provider_concentration;feature_instability_downgrades;target_horizon_warning_downgrades,calibration_warning_minimum_warning_state@calibration_risk@WARNING;weak_rank_signal_model_confidence@model_confidence_risk@WARNING;single_provider_concentration@provider_concentration_risk@WARNING;feature_instability_downgrades@feature_stability_risk@DEGRADED;target_horizon_warning_downgrades@target_horizon_risk@WARNING,calibration_not_reliable_for_thresholding;feature_sign_instability_bounded;provider_source_concentration_disclosed;selected_score_variant_weak_rank_signal;single_provider_mode_akshare_direct;target_horizon_calibration_warning;weak_target_horizon_rank_signal,calibration_not_reliable_for_thresholding:calibration_risk;feature_sign_instability_bounded:feature_stability_risk;provider_source_concentration_disclosed:provider_concentration_risk;selected_score_variant_weak_rank_signal:model_confidence_risk;single_provider_mode_akshare_direct:provider_concentration_risk;target_horizon_calibration_warning:calibration_risk;weak_target_horizon_rank_signal:target_horizon_risk,none,selected_score_variant=raw_score_based_alpha_ranking;selected_target=excess_fwd_3d_return;selection_label=review_only_selected_baseline_weak_but_bounded;calibration_status=PASS_WITH_WARNINGS;feature_stability_status=PASS_WITH_WARNINGS;provider_concentration_status=PASS_WITH_WARNINGS,input_row=14;source=outputs/samples/stage6c_source_backed_engineering_panel_sample.csv;rule_catalog=goal07a_v1;non_actionable=true,review_only=true;diagnostic_only=true;not_a_recommendation=true;not_a_position=true,true,false,false,false,false,false,false,false,false,false
GOAL-07B,review_only,risk_overlay_diagnostic,2024-07-05,000001.SZ,2024-07-04,calibration_risk;feature_stability_risk;model_confidence_risk;provider_concentration_risk;target_horizon_risk,HIGH_REVIEW_ONLY_DIAGNOSTIC,HIGH,MEDIUM,model_warning,not_evaluated->model_warning,calibration_warning_minimum_warning_state;weak_rank_signal_model_confidence;single_provider_concentration;feature_instability_downgrades;target_horizon_warning_downgrades,calibration_warning_minimum_warning_state@calibration_risk@WARNING;weak_rank_signal_model_confidence@model_confidence_risk@WARNING;single_provider_concentration@provider_concentration_risk@WARNING;feature_instability_downgrades@feature_stability_risk@DEGRADED;target_horizon_warning_downgrades@target_horizon_risk@WARNING,calibration_not_reliable_for_thresholding;feature_sign_instability_bounded;provider_source_concentration_disclosed;selected_score_variant_weak_rank_signal;single_provider_mode_akshare_direct;target_horizon_calibration_warning;weak_target_horizon_rank_signal,calibration_not_reliable_for_thresholding:calibration_risk;feature_sign_instability_bounded:feature_stability_risk;provider_source_concentration_disclosed:provider_concentration_risk;selected_score_variant_weak_rank_signal:model_confidence_risk;single_provider_mode_akshare_direct:provider_concentration_risk;target_horizon_calibration_warning:calibration_risk;weak_target_horizon_rank_signal:target_horizon_risk,none,selected_score_variant=raw_score_based_alpha_ranking;selected_target=excess_fwd_3d_return;selection_label=review_only_selected_baseline_weak_but_bounded;calibration_status=PASS_WITH_WARNINGS;feature_stability_status=PASS_WITH_WARNINGS;provider_concentration_status=PASS_WITH_WARNINGS,input_row=15;source=outputs/samples/stage6c_source_backed_engineering_panel_sample.csv;rule_catalog=goal07a_v1;non_actionable=true,review_only=true;diagnostic_only=true;not_a_recommendation=true;not_a_position=true,true,false,false,false,false,false,false,false,false,false
GOAL-07B,review_only,risk_overlay_diagnostic,2024-07-08,000001.SZ,2024-07-05,calibration_risk;feature_stability_risk;model_confidence_risk;provider_concentration_risk;target_horizon_risk,HIGH_REVIEW_ONLY_DIAGNOSTIC,HIGH,MEDIUM,model_warning,not_evaluated->model_warning,calibration_warning_minimum_warning_state;weak_rank_signal_model_confidence;single_provider_concentration;feature_instability_downgrades;target_horizon_warning_downgrades,calibration_warning_minimum_warning_state@calibration_risk@WARNING;weak_rank_signal_model_confidence@model_confidence_risk@WARNING;single_provider_concentration@provider_concentration_risk@WARNING;feature_instability_downgrades@feature_stability_risk@DEGRADED;target_horizon_warning_downgrades@target_horizon_risk@WARNING,calibration_not_reliable_for_thresholding;feature_sign_instability_bounded;provider_source_concentration_disclosed;selected_score_variant_weak_rank_signal;single_provider_mode_akshare_direct;target_horizon_calibration_warning;weak_target_horizon_rank_signal,calibration_not_reliable_for_thresholding:calibration_risk;feature_sign_instability_bounded:feature_stability_risk;provider_source_concentration_disclosed:provider_concentration_risk;selected_score_variant_weak_rank_signal:model_confidence_risk;single_provider_mode_akshare_direct:provider_concentration_risk;target_horizon_calibration_warning:calibration_risk;weak_target_horizon_rank_signal:target_horizon_risk,none,selected_score_variant=raw_score_based_alpha_ranking;selected_target=excess_fwd_3d_return;selection_label=review_only_selected_baseline_weak_but_bounded;calibration_status=PASS_WITH_WARNINGS;feature_stability_status=PASS_WITH_WARNINGS;provider_concentration_status=PASS_WITH_WARNINGS,input_row=16;source=outputs/samples/stage6c_source_backed_engineering_panel_sample.csv;rule_catalog=goal07a_v1;non_actionable=true,review_only=true;diagnostic_only=true;not_a_recommendation=true;not_a_position=true,true,false,false,false,false,false,false,false,false,false
GOAL-07B,review_only,risk_overlay_diagnostic,2024-07-09,000001.SZ,2024-07-08,calibration_risk;feature_stability_risk;model_confidence_risk;provider_concentration_risk;target_horizon_risk,HIGH_REVIEW_ONLY_DIAGNOSTIC,HIGH,MEDIUM,model_warning,not_evaluated->model_warning,calibration_warning_minimum_warning_state;weak_rank_signal_model_confidence;single_provider_concentration;feature_instability_downgrades;target_horizon_warning_downgrades,calibration_warning_minimum_warning_state@calibration_risk@WARNING;weak_rank_signal_model_confidence@model_confidence_risk@WARNING;single_provider_concentration@provider_concentration_risk@WARNING;feature_instability_downgrades@feature_stability_risk@DEGRADED;target_horizon_warning_downgrades@target_horizon_risk@WARNING,calibration_not_reliable_for_thresholding;feature_sign_instability_bounded;provider_source_concentration_disclosed;selected_score_variant_weak_rank_signal;single_provider_mode_akshare_direct;target_horizon_calibration_warning;weak_target_horizon_rank_signal,calibration_not_reliable_for_thresholding:calibration_risk;feature_sign_instability_bounded:feature_stability_risk;provider_source_concentration_disclosed:provider_concentration_risk;selected_score_variant_weak_rank_signal:model_confidence_risk;single_provider_mode_akshare_direct:provider_concentration_risk;target_horizon_calibration_warning:calibration_risk;weak_target_horizon_rank_signal:target_horizon_risk,none,selected_score_variant=raw_score_based_alpha_ranking;selected_target=excess_fwd_3d_return;selection_label=review_only_selected_baseline_weak_but_bounded;calibration_status=PASS_WITH_WARNINGS;feature_stability_status=PASS_WITH_WARNINGS;provider_concentration_status=PASS_WITH_WARNINGS,input_row=17;source=outputs/samples/stage6c_source_backed_engineering_panel_sample.csv;rule_catalog=goal07a_v1;non_actionable=true,review_only=true;diagnostic_only=true;not_a_recommendation=true;not_a_position=true,true,false,false,false,false,false,false,false,false,false
GOAL-07B,review_only,risk_overlay_diagnostic,2024-07-10,000001.SZ,2024-07-09,calibration_risk;feature_stability_risk;model_confidence_risk;provider_concentration_risk;target_horizon_risk,HIGH_REVIEW_ONLY_DIAGNOSTIC,HIGH,MEDIUM,model_warning,not_evaluated->model_warning,calibration_warning_minimum_warning_state;weak_rank_signal_model_confidence;single_provider_concentration;feature_instability_downgrades;target_horizon_warning_downgrades,calibration_warning_minimum_warning_state@calibration_risk@WARNING;weak_rank_signal_model_confidence@model_confidence_risk@WARNING;single_provider_concentration@provider_concentration_risk@WARNING;feature_instability_downgrades@feature_stability_risk@DEGRADED;target_horizon_warning_downgrades@target_horizon_risk@WARNING,calibration_not_reliable_for_thresholding;feature_sign_instability_bounded;provider_source_concentration_disclosed;selected_score_variant_weak_rank_signal;single_provider_mode_akshare_direct;target_horizon_calibration_warning;weak_target_horizon_rank_signal,calibration_not_reliable_for_thresholding:calibration_risk;feature_sign_instability_bounded:feature_stability_risk;provider_source_concentration_disclosed:provider_concentration_risk;selected_score_variant_weak_rank_signal:model_confidence_risk;single_provider_mode_akshare_direct:provider_concentration_risk;target_horizon_calibration_warning:calibration_risk;weak_target_horizon_rank_signal:target_horizon_risk,none,selected_score_variant=raw_score_based_alpha_ranking;selected_target=excess_fwd_3d_return;selection_label=review_only_selected_baseline_weak_but_bounded;calibration_status=PASS_WITH_WARNINGS;feature_stability_status=PASS_WITH_WARNINGS;provider_concentration_status=PASS_WITH_WARNINGS,input_row=18;source=outputs/samples/stage6c_source_backed_engineering_panel_sample.csv;rule_catalog=goal07a_v1;non_actionable=true,review_only=true;diagnostic_only=true;not_a_recommendation=true;not_a_position=true,true,false,false,false,false,false,false,false,false,false
GOAL-07B,review_only,risk_overlay_diagnostic,2024-07-11,000001.SZ,2024-07-10,calibration_risk;feature_stability_risk;model_confidence_risk;provider_concentration_risk;target_horizon_risk,HIGH_REVIEW_ONLY_DIAGNOSTIC,HIGH,MEDIUM,model_warning,not_evaluated->model_warning,calibration_warning_minimum_warning_state;weak_rank_signal_model_confidence;single_provider_concentration;feature_instability_downgrades;target_horizon_warning_downgrades,calibration_warning_minimum_warning_state@calibration_risk@WARNING;weak_rank_signal_model_confidence@model_confidence_risk@WARNING;single_provider_concentration@provider_concentration_risk@WARNING;feature_instability_downgrades@feature_stability_risk@DEGRADED;target_horizon_warning_downgrades@target_horizon_risk@WARNING,calibration_not_reliable_for_thresholding;feature_sign_instability_bounded;provider_source_concentration_disclosed;selected_score_variant_weak_rank_signal;single_provider_mode_akshare_direct;target_horizon_calibration_warning;weak_target_horizon_rank_signal,calibration_not_reliable_for_thresholding:calibration_risk;feature_sign_instability_bounded:feature_stability_risk;provider_source_concentration_disclosed:provider_concentration_risk;selected_score_variant_weak_rank_signal:model_confidence_risk;single_provider_mode_akshare_direct:provider_concentration_risk;target_horizon_calibration_warning:calibration_risk;weak_target_horizon_rank_signal:target_horizon_risk,none,selected_score_variant=raw_score_based_alpha_ranking;selected_target=excess_fwd_3d_return;selection_label=review_only_selected_baseline_weak_but_bounded;calibration_status=PASS_WITH_WARNINGS;feature_stability_status=PASS_WITH_WARNINGS;provider_concentration_status=PASS_WITH_WARNINGS,input_row=19;source=outputs/samples/stage6c_source_backed_engineering_panel_sample.csv;rule_catalog=goal07a_v1;non_actionable=true,review_only=true;diagnostic_only=true;not_a_recommendation=true;not_a_position=true,true,false,false,false,false,false,false,false,false,false
GOAL-07B,review_only,risk_overlay_diagnostic,2024-07-12,000001.SZ,2024-07-11,calibration_risk;feature_stability_risk;model_confidence_risk;provider_concentration_risk;target_horizon_risk,HIGH_REVIEW_ONLY_DIAGNOSTIC,HIGH,MEDIUM,model_warning,not_evaluated->model_warning,calibration_warning_minimum_warning_state;weak_rank_signal_model_confidence;single_provider_concentration;feature_instability_downgrades;target_horizon_warning_downgrades,calibration_warning_minimum_warning_state@calibration_risk@WARNING;weak_rank_signal_model_confidence@model_confidence_risk@WARNING;single_provider_concentration@provider_concentration_risk@WARNING;feature_instability_downgrades@feature_stability_risk@DEGRADED;target_horizon_warning_downgrades@target_horizon_risk@WARNING,calibration_not_reliable_for_thresholding;feature_sign_instability_bounded;provider_source_concentration_disclosed;selected_score_variant_weak_rank_signal;single_provider_mode_akshare_direct;target_horizon_calibration_warning;weak_target_horizon_rank_signal,calibration_not_reliable_for_thresholding:calibration_risk;feature_sign_instability_bounded:feature_stability_risk;provider_source_concentration_disclosed:provider_concentration_risk;selected_score_variant_weak_rank_signal:model_confidence_risk;single_provider_mode_akshare_direct:provider_concentration_risk;target_horizon_calibration_warning:calibration_risk;weak_target_horizon_rank_signal:target_horizon_risk,none,selected_score_variant=raw_score_based_alpha_ranking;selected_target=excess_fwd_3d_return;selection_label=review_only_selected_baseline_weak_but_bounded;calibration_status=PASS_WITH_WARNINGS;feature_stability_status=PASS_WITH_WARNINGS;provider_concentration_status=PASS_WITH_WARNINGS,input_row=20;source=outputs/samples/stage6c_source_backed_engineering_panel_sample.csv;rule_catalog=goal07a_v1;non_actionable=true,review_only=true;diagnostic_only=true;not_a_recommendation=true;not_a_position=true,true,false,false,false,false,false,false,false,false,false
GOAL-07B,review_only,risk_overlay_diagnostic,2024-07-15,000001.SZ,2024-07-12,calibration_risk;feature_stability_risk;model_confidence_risk;provider_concentration_risk;target_horizon_risk,HIGH_REVIEW_ONLY_DIAGNOSTIC,HIGH,MEDIUM,model_warning,not_evaluated->model_warning,calibration_warning_minimum_warning_state;weak_rank_signal_model_confidence;single_provider_concentration;feature_instability_downgrades;target_horizon_warning_downgrades,calibration_warning_minimum_warning_state@calibration_risk@WARNING;weak_rank_signal_model_confidence@model_confidence_risk@WARNING;single_provider_concentration@provider_concentration_risk@WARNING;feature_instability_downgrades@feature_stability_risk@DEGRADED;target_horizon_warning_downgrades@target_horizon_risk@WARNING,calibration_not_reliable_for_thresholding;feature_sign_instability_bounded;provider_source_concentration_disclosed;selected_score_variant_weak_rank_signal;single_provider_mode_akshare_direct;target_horizon_calibration_warning;weak_target_horizon_rank_signal,calibration_not_reliable_for_thresholding:calibration_risk;feature_sign_instability_bounded:feature_stability_risk;provider_source_concentration_disclosed:provider_concentration_risk;selected_score_variant_weak_rank_signal:model_confidence_risk;single_provider_mode_akshare_direct:provider_concentration_risk;target_horizon_calibration_warning:calibration_risk;weak_target_horizon_rank_signal:target_horizon_risk,none,selected_score_variant=raw_score_based_alpha_ranking;selected_target=excess_fwd_3d_return;selection_label=review_only_selected_baseline_weak_but_bounded;calibration_status=PASS_WITH_WARNINGS;feature_stability_status=PASS_WITH_WARNINGS;provider_concentration_status=PASS_WITH_WARNINGS,input_row=21;source=outputs/samples/stage6c_source_backed_engineering_panel_sample.csv;rule_catalog=goal07a_v1;non_actionable=true,review_only=true;diagnostic_only=true;not_a_recommendation=true;not_a_position=true,true,false,false,false,false,false,false,false,false,false
GOAL-07B,review_only,risk_overlay_diagnostic,2024-07-16,000001.SZ,2024-07-15,calibration_risk;feature_stability_risk;model_confidence_risk;provider_concentration_risk;target_horizon_risk,HIGH_REVIEW_ONLY_DIAGNOSTIC,HIGH,MEDIUM,model_warning,not_evaluated->model_warning,calibration_warning_minimum_warning_state;weak_rank_signal_model_confidence;single_provider_concentration;feature_instability_downgrades;target_horizon_warning_downgrades,calibration_warning_minimum_warning_state@calibration_risk@WARNING;weak_rank_signal_model_confidence@model_confidence_risk@WARNING;single_provider_concentration@provider_concentration_risk@WARNING;feature_instability_downgrades@feature_stability_risk@DEGRADED;target_horizon_warning_downgrades@target_horizon_risk@WARNING,calibration_not_reliable_for_thresholding;feature_sign_instability_bounded;provider_source_concentration_disclosed;selected_score_variant_weak_rank_signal;single_provider_mode_akshare_direct;target_horizon_calibration_warning;weak_target_horizon_rank_signal,calibration_not_reliable_for_thresholding:calibration_risk;feature_sign_instability_bounded:feature_stability_risk;provider_source_concentration_disclosed:provider_concentration_risk;selected_score_variant_weak_rank_signal:model_confidence_risk;single_provider_mode_akshare_direct:provider_concentration_risk;target_horizon_calibration_warning:calibration_risk;weak_target_horizon_rank_signal:target_horizon_risk,none,selected_score_variant=raw_score_based_alpha_ranking;selected_target=excess_fwd_3d_return;selection_label=review_only_selected_baseline_weak_but_bounded;calibration_status=PASS_WITH_WARNINGS;feature_stability_status=PASS_WITH_WARNINGS;provider_concentration_status=PASS_WITH_WARNINGS,input_row=22;source=outputs/samples/stage6c_source_backed_engineering_panel_sample.csv;rule_catalog=goal07a_v1;non_actionable=true,review_only=true;diagnostic_only=true;not_a_recommendation=true;not_a_position=true,true,false,false,false,false,false,false,false,false,false
GOAL-07B,review_only,risk_overlay_diagnostic,2024-07-17,000001.SZ,2024-07-16,calibration_risk;feature_stability_risk;model_confidence_risk;provider_concentration_risk;target_horizon_risk,HIGH_REVIEW_ONLY_DIAGNOSTIC,HIGH,MEDIUM,model_warning,not_evaluated->model_warning,calibration_warning_minimum_warning_state;weak_rank_signal_model_confidence;single_provider_concentration;feature_instability_downgrades;target_horizon_warning_downgrades,calibration_warning_minimum_warning_state@calibration_risk@WARNING;weak_rank_signal_model_confidence@model_confidence_risk@WARNING;single_provider_concentration@provider_concentration_risk@WARNING;feature_instability_downgrades@feature_stability_risk@DEGRADED;target_horizon_warning_downgrades@target_horizon_risk@WARNING,calibration_not_reliable_for_thresholding;feature_sign_instability_bounded;provider_source_concentration_disclosed;selected_score_variant_weak_rank_signal;single_provider_mode_akshare_direct;target_horizon_calibration_warning;weak_target_horizon_rank_signal,calibration_not_reliable_for_thresholding:calibration_risk;feature_sign_instability_bounded:feature_stability_risk;provider_source_concentration_disclosed:provider_concentration_risk;selected_score_variant_weak_rank_signal:model_confidence_risk;single_provider_mode_akshare_direct:provider_concentration_risk;target_horizon_calibration_warning:calibration_risk;weak_target_horizon_rank_signal:target_horizon_risk,none,selected_score_variant=raw_score_based_alpha_ranking;selected_target=excess_fwd_3d_return;selection_label=review_only_selected_baseline_weak_but_bounded;calibration_status=PASS_WITH_WARNINGS;feature_stability_status=PASS_WITH_WARNINGS;provider_concentration_status=PASS_WITH_WARNINGS,input_row=23;source=outputs/samples/stage6c_source_backed_engineering_panel_sample.csv;rule_catalog=goal07a_v1;non_actionable=true,review_only=true;diagnostic_only=true;not_a_recommendation=true;not_a_position=true,true,false,false,false,false,false,false,false,false,false
GOAL-07B,review_only,risk_overlay_diagnostic,2024-07-18,000001.SZ,2024-07-17,calibration_risk;feature_stability_risk;model_confidence_risk;provider_concentration_risk;target_horizon_risk,HIGH_REVIEW_ONLY_DIAGNOSTIC,HIGH,MEDIUM,model_warning,not_evaluated->model_warning,calibration_warning_minimum_warning_state;weak_rank_signal_model_confidence;single_provider_concentration;feature_instability_downgrades;target_horizon_warning_downgrades,calibration_warning_minimum_warning_state@calibration_risk@WARNING;weak_rank_signal_model_confidence@model_confidence_risk@WARNING;single_provider_concentration@provider_concentration_risk@WARNING;feature_instability_downgrades@feature_stability_risk@DEGRADED;target_horizon_warning_downgrades@target_horizon_risk@WARNING,calibration_not_reliable_for_thresholding;feature_sign_instability_bounded;provider_source_concentration_disclosed;selected_score_variant_weak_rank_signal;single_provider_mode_akshare_direct;target_horizon_calibration_warning;weak_target_horizon_rank_signal,calibration_not_reliable_for_thresholding:calibration_risk;feature_sign_instability_bounded:feature_stability_risk;provider_source_concentration_disclosed:provider_concentration_risk;selected_score_variant_weak_rank_signal:model_confidence_risk;single_provider_mode_akshare_direct:provider_concentration_risk;target_horizon_calibration_warning:calibration_risk;weak_target_horizon_rank_signal:target_horizon_risk,none,selected_score_variant=raw_score_based_alpha_ranking;selected_target=excess_fwd_3d_return;selection_label=review_only_selected_baseline_weak_but_bounded;calibration_status=PASS_WITH_WARNINGS;feature_stability_status=PASS_WITH_WARNINGS;provider_concentration_status=PASS_WITH_WARNINGS,input_row=24;source=outputs/samples/stage6c_source_backed_engineering_panel_sample.csv;rule_catalog=goal07a_v1;non_actionable=true,review_only=true;diagnostic_only=true;not_a_recommendation=true;not_a_position=true,true,false,false,false,false,false,false,false,false,false
GOAL-07B,review_only,risk_overlay_diagnostic,2024-07-19,000001.SZ,2024-07-18,calibration_risk;feature_stability_risk;model_confidence_risk;provider_concentration_risk;target_horizon_risk,HIGH_REVIEW_ONLY_DIAGNOSTIC,HIGH,MEDIUM,model_warning,not_evaluated->model_warning,calibration_warning_minimum_warning_state;weak_rank_signal_model_confidence;single_provider_concentration;feature_instability_downgrades;target_horizon_warning_downgrades,calibration_warning_minimum_warning_state@calibration_risk@WARNING;weak_rank_signal_model_confidence@model_confidence_risk@WARNING;single_provider_concentration@provider_concentration_risk@WARNING;feature_instability_downgrades@feature_stability_risk@DEGRADED;target_horizon_warning_downgrades@target_horizon_risk@WARNING,calibration_not_reliable_for_thresholding;feature_sign_instability_bounded;provider_source_concentration_disclosed;selected_score_variant_weak_rank_signal;single_provider_mode_akshare_direct;target_horizon_calibration_warning;weak_target_horizon_rank_signal,calibration_not_reliable_for_thresholding:calibration_risk;feature_sign_instability_bounded:feature_stability_risk;provider_source_concentration_disclosed:provider_concentration_risk;selected_score_variant_weak_rank_signal:model_confidence_risk;single_provider_mode_akshare_direct:provider_concentration_risk;target_horizon_calibration_warning:calibration_risk;weak_target_horizon_rank_signal:target_horizon_risk,none,selected_score_variant=raw_score_based_alpha_ranking;selected_target=excess_fwd_3d_return;selection_label=review_only_selected_baseline_weak_but_bounded;calibration_status=PASS_WITH_WARNINGS;feature_stability_status=PASS_WITH_WARNINGS;provider_concentration_status=PASS_WITH_WARNINGS,input_row=25;source=outputs/samples/stage6c_source_backed_engineering_panel_sample.csv;rule_catalog=goal07a_v1;non_actionable=true,review_only=true;diagnostic_only=true;not_a_recommendation=true;not_a_position=true,true,false,false,false,false,false,false,false,false,false
GOAL-07B,review_only,risk_overlay_diagnostic,2024-07-22,000001.SZ,2024-07-19,calibration_risk;feature_stability_risk;model_confidence_risk;provider_concentration_risk;target_horizon_risk,HIGH_REVIEW_ONLY_DIAGNOSTIC,HIGH,MEDIUM,model_warning,not_evaluated->model_warning,calibration_warning_minimum_warning_state;weak_rank_signal_model_confidence;single_provider_concentration;feature_instability_downgrades;target_horizon_warning_downgrades,calibration_warning_minimum_warning_state@calibration_risk@WARNING;weak_rank_signal_model_confidence@model_confidence_risk@WARNING;single_provider_concentration@provider_concentration_risk@WARNING;feature_instability_downgrades@feature_stability_risk@DEGRADED;target_horizon_warning_downgrades@target_horizon_risk@WARNING,calibration_not_reliable_for_thresholding;feature_sign_instability_bounded;provider_source_concentration_disclosed;selected_score_variant_weak_rank_signal;single_provider_mode_akshare_direct;target_horizon_calibration_warning;weak_target_horizon_rank_signal,calibration_not_reliable_for_thresholding:calibration_risk;feature_sign_instability_bounded:feature_stability_risk;provider_source_concentration_disclosed:provider_concentration_risk;selected_score_variant_weak_rank_signal:model_confidence_risk;single_provider_mode_akshare_direct:provider_concentration_risk;target_horizon_calibration_warning:calibration_risk;weak_target_horizon_rank_signal:target_horizon_risk,none,selected_score_variant=raw_score_based_alpha_ranking;selected_target=excess_fwd_3d_return;selection_label=review_only_selected_baseline_weak_but_bounded;calibration_status=PASS_WITH_WARNINGS;feature_stability_status=PASS_WITH_WARNINGS;provider_concentration_status=PASS_WITH_WARNINGS,input_row=26;source=outputs/samples/stage6c_source_backed_engineering_panel_sample.csv;rule_catalog=goal07a_v1;non_actionable=true,review_only=true;diagnostic_only=true;not_a_recommendation=true;not_a_position=true,true,false,false,false,false,false,false,false,false,false
GOAL-07B,review_only,risk_overlay_diagnostic,2024-07-23,000001.SZ,2024-07-22,calibration_risk;feature_stability_risk;model_confidence_risk;provider_concentration_risk;target_horizon_risk,HIGH_REVIEW_ONLY_DIAGNOSTIC,HIGH,MEDIUM,model_warning,not_evaluated->model_warning,calibration_warning_minimum_warning_state;weak_rank_signal_model_confidence;single_provider_concentration;feature_instability_downgrades;target_horizon_warning_downgrades,calibration_warning_minimum_warning_state@calibration_risk@WARNING;weak_rank_signal_model_confidence@model_confidence_risk@WARNING;single_provider_concentration@provider_concentration_risk@WARNING;feature_instability_downgrades@feature_stability_risk@DEGRADED;target_horizon_warning_downgrades@target_horizon_risk@WARNING,calibration_not_reliable_for_thresholding;feature_sign_instability_bounded;provider_source_concentration_disclosed;selected_score_variant_weak_rank_signal;single_provider_mode_akshare_direct;target_horizon_calibration_warning;weak_target_horizon_rank_signal,calibration_not_reliable_for_thresholding:calibration_risk;feature_sign_instability_bounded:feature_stability_risk;provider_source_concentration_disclosed:provider_concentration_risk;selected_score_variant_weak_rank_signal:model_confidence_risk;single_provider_mode_akshare_direct:provider_concentration_risk;target_horizon_calibration_warning:calibration_risk;weak_target_horizon_rank_signal:target_horizon_risk,none,selected_score_variant=raw_score_based_alpha_ranking;selected_target=excess_fwd_3d_return;selection_label=review_only_selected_baseline_weak_but_bounded;calibration_status=PASS_WITH_WARNINGS;feature_stability_status=PASS_WITH_WARNINGS;provider_concentration_status=PASS_WITH_WARNINGS,input_row=27;source=outputs/samples/stage6c_source_backed_engineering_panel_sample.csv;rule_catalog=goal07a_v1;non_actionable=true,review_only=true;diagnostic_only=true;not_a_recommendation=true;not_a_position=true,true,false,false,false,false,false,false,false,false,false
GOAL-07B,review_only,risk_overlay_diagnostic,2024-07-24,000001.SZ,2024-07-23,calibration_risk;feature_stability_risk;model_confidence_risk;provider_concentration_risk;target_horizon_risk,HIGH_REVIEW_ONLY_DIAGNOSTIC,HIGH,MEDIUM,model_warning,not_evaluated->model_warning,calibration_warning_minimum_warning_state;weak_rank_signal_model_confidence;single_provider_concentration;feature_instability_downgrades;target_horizon_warning_downgrades,calibration_warning_minimum_warning_state@calibration_risk@WARNING;weak_rank_signal_model_confidence@model_confidence_risk@WARNING;single_provider_concentration@provider_concentration_risk@WARNING;feature_instability_downgrades@feature_stability_risk@DEGRADED;target_horizon_warning_downgrades@target_horizon_risk@WARNING,calibration_not_reliable_for_thresholding;feature_sign_instability_bounded;provider_source_concentration_disclosed;selected_score_variant_weak_rank_signal;single_provider_mode_akshare_direct;target_horizon_calibration_warning;weak_target_horizon_rank_signal,calibration_not_reliable_for_thresholding:calibration_risk;feature_sign_instability_bounded:feature_stability_risk;provider_source_concentration_disclosed:provider_concentration_risk;selected_score_variant_weak_rank_signal:model_confidence_risk;single_provider_mode_akshare_direct:provider_concentration_risk;target_horizon_calibration_warning:calibration_risk;weak_target_horizon_rank_signal:target_horizon_risk,none,selected_score_variant=raw_score_based_alpha_ranking;selected_target=excess_fwd_3d_return;selection_label=review_only_selected_baseline_weak_but_bounded;calibration_status=PASS_WITH_WARNINGS;feature_stability_status=PASS_WITH_WARNINGS;provider_concentration_status=PASS_WITH_WARNINGS,input_row=28;source=outputs/samples/stage6c_source_backed_engineering_panel_sample.csv;rule_catalog=goal07a_v1;non_actionable=true,review_only=true;diagnostic_only=true;not_a_recommendation=true;not_a_position=true,true,false,false,false,false,false,false,false,false,false
GOAL-07B,review_only,risk_overlay_diagnostic,2024-07-25,000001.SZ,2024-07-24,calibration_risk;feature_stability_risk;model_confidence_risk;provider_concentration_risk;target_horizon_risk,HIGH_REVIEW_ONLY_DIAGNOSTIC,HIGH,MEDIUM,model_warning,not_evaluated->model_warning,calibration_warning_minimum_warning_state;weak_rank_signal_model_confidence;single_provider_concentration;feature_instability_downgrades;target_horizon_warning_downgrades,calibration_warning_minimum_warning_state@calibration_risk@WARNING;weak_rank_signal_model_confidence@model_confidence_risk@WARNING;single_provider_concentration@provider_concentration_risk@WARNING;feature_instability_downgrades@feature_stability_risk@DEGRADED;target_horizon_warning_downgrades@target_horizon_risk@WARNING,calibration_not_reliable_for_thresholding;feature_sign_instability_bounded;provider_source_concentration_disclosed;selected_score_variant_weak_rank_signal;single_provider_mode_akshare_direct;target_horizon_calibration_warning;weak_target_horizon_rank_signal,calibration_not_reliable_for_thresholding:calibration_risk;feature_sign_instability_bounded:feature_stability_risk;provider_source_concentration_disclosed:provider_concentration_risk;selected_score_variant_weak_rank_signal:model_confidence_risk;single_provider_mode_akshare_direct:provider_concentration_risk;target_horizon_calibration_warning:calibration_risk;weak_target_horizon_rank_signal:target_horizon_risk,none,selected_score_variant=raw_score_based_alpha_ranking;selected_target=excess_fwd_3d_return;selection_label=review_only_selected_baseline_weak_but_bounded;calibration_status=PASS_WITH_WARNINGS;feature_stability_status=PASS_WITH_WARNINGS;provider_concentration_status=PASS_WITH_WARNINGS,input_row=29;source=outputs/samples/stage6c_source_backed_engineering_panel_sample.csv;rule_catalog=goal07a_v1;non_actionable=true,review_only=true;diagnostic_only=true;not_a_recommendation=true;not_a_position=true,true,false,false,false,false,false,false,false,false,false
GOAL-07B,review_only,risk_overlay_diagnostic,2024-07-26,000001.SZ,2024-07-25,calibration_risk;feature_stability_risk;model_confidence_risk;provider_concentration_risk;target_horizon_risk,HIGH_REVIEW_ONLY_DIAGNOSTIC,HIGH,MEDIUM,model_warning,not_evaluated->model_warning,calibration_warning_minimum_warning_state;weak_rank_signal_model_confidence;single_provider_concentration;feature_instability_downgrades;target_horizon_warning_downgrades,calibration_warning_minimum_warning_state@calibration_risk@WARNING;weak_rank_signal_model_confidence@model_confidence_risk@WARNING;single_provider_concentration@provider_concentration_risk@WARNING;feature_instability_downgrades@feature_stability_risk@DEGRADED;target_horizon_warning_downgrades@target_horizon_risk@WARNING,calibration_not_reliable_for_thresholding;feature_sign_instability_bounded;provider_source_concentration_disclosed;selected_score_variant_weak_rank_signal;single_provider_mode_akshare_direct;target_horizon_calibration_warning;weak_target_horizon_rank_signal,calibration_not_reliable_for_thresholding:calibration_risk;feature_sign_instability_bounded:feature_stability_risk;provider_source_concentration_disclosed:provider_concentration_risk;selected_score_variant_weak_rank_signal:model_confidence_risk;single_provider_mode_akshare_direct:provider_concentration_risk;target_horizon_calibration_warning:calibration_risk;weak_target_horizon_rank_signal:target_horizon_risk,none,selected_score_variant=raw_score_based_alpha_ranking;selected_target=excess_fwd_3d_return;selection_label=review_only_selected_baseline_weak_but_bounded;calibration_status=PASS_WITH_WARNINGS;feature_stability_status=PASS_WITH_WARNINGS;provider_concentration_status=PASS_WITH_WARNINGS,input_row=30;source=outputs/samples/stage6c_source_backed_engineering_panel_sample.csv;rule_catalog=goal07a_v1;non_actionable=true,review_only=true;diagnostic_only=true;not_a_recommendation=true;not_a_position=true,true,false,false,false,false,false,false,false,false,false
GOAL-07B,review_only,risk_overlay_diagnostic,2024-07-29,000001.SZ,2024-07-26,calibration_risk;feature_stability_risk;model_confidence_risk;provider_concentration_risk;target_horizon_risk,HIGH_REVIEW_ONLY_DIAGNOSTIC,HIGH,MEDIUM,model_warning,not_evaluated->model_warning,calibration_warning_minimum_warning_state;weak_rank_signal_model_confidence;single_provider_concentration;feature_instability_downgrades;target_horizon_warning_downgrades,calibration_warning_minimum_warning_state@calibration_risk@WARNING;weak_rank_signal_model_confidence@model_confidence_risk@WARNING;single_provider_concentration@provider_concentration_risk@WARNING;feature_instability_downgrades@feature_stability_risk@DEGRADED;target_horizon_warning_downgrades@target_horizon_risk@WARNING,calibration_not_reliable_for_thresholding;feature_sign_instability_bounded;provider_source_concentration_disclosed;selected_score_variant_weak_rank_signal;single_provider_mode_akshare_direct;target_horizon_calibration_warning;weak_target_horizon_rank_signal,calibration_not_reliable_for_thresholding:calibration_risk;feature_sign_instability_bounded:feature_stability_risk;provider_source_concentration_disclosed:provider_concentration_risk;selected_score_variant_weak_rank_signal:model_confidence_risk;single_provider_mode_akshare_direct:provider_concentration_risk;target_horizon_calibration_warning:calibration_risk;weak_target_horizon_rank_signal:target_horizon_risk,none,selected_score_variant=raw_score_based_alpha_ranking;selected_target=excess_fwd_3d_return;selection_label=review_only_selected_baseline_weak_but_bounded;calibration_status=PASS_WITH_WARNINGS;feature_stability_status=PASS_WITH_WARNINGS;provider_concentration_status=PASS_WITH_WARNINGS,input_row=31;source=outputs/samples/stage6c_source_backed_engineering_panel_sample.csv;rule_catalog=goal07a_v1;non_actionable=true,review_only=true;diagnostic_only=true;not_a_recommendation=true;not_a_position=true,true,false,false,false,false,false,false,false,false,false
GOAL-07B,review_only,risk_overlay_diagnostic,2024-07-30,000001.SZ,2024-07-29,calibration_risk;feature_stability_risk;model_confidence_risk;provider_concentration_risk;target_horizon_risk,HIGH_REVIEW_ONLY_DIAGNOSTIC,HIGH,MEDIUM,model_warning,not_evaluated->model_warning,calibration_warning_minimum_warning_state;weak_rank_signal_model_confidence;single_provider_concentration;feature_instability_downgrades;target_horizon_warning_downgrades,calibration_warning_minimum_warning_state@calibration_risk@WARNING;weak_rank_signal_model_confidence@model_confidence_risk@WARNING;single_provider_concentration@provider_concentration_risk@WARNING;feature_instability_downgrades@feature_stability_risk@DEGRADED;target_horizon_warning_downgrades@target_horizon_risk@WARNING,calibration_not_reliable_for_thresholding;feature_sign_instability_bounded;provider_source_concentration_disclosed;selected_score_variant_weak_rank_signal;single_provider_mode_akshare_direct;target_horizon_calibration_warning;weak_target_horizon_rank_signal,calibration_not_reliable_for_thresholding:calibration_risk;feature_sign_instability_bounded:feature_stability_risk;provider_source_concentration_disclosed:provider_concentration_risk;selected_score_variant_weak_rank_signal:model_confidence_risk;single_provider_mode_akshare_direct:provider_concentration_risk;target_horizon_calibration_warning:calibration_risk;weak_target_horizon_rank_signal:target_horizon_risk,none,selected_score_variant=raw_score_based_alpha_ranking;selected_target=excess_fwd_3d_return;selection_label=review_only_selected_baseline_weak_but_bounded;calibration_status=PASS_WITH_WARNINGS;feature_stability_status=PASS_WITH_WARNINGS;provider_concentration_status=PASS_WITH_WARNINGS,input_row=32;source=outputs/samples/stage6c_source_backed_engineering_panel_sample.csv;rule_catalog=goal07a_v1;non_actionable=true,review_only=true;diagnostic_only=true;not_a_recommendation=true;not_a_position=true,true,false,false,false,false,false,false,false,false,false
GOAL-07B,review_only,risk_overlay_diagnostic,2024-07-31,000001.SZ,2024-07-30,calibration_risk;feature_stability_risk;model_confidence_risk;provider_concentration_risk;target_horizon_risk,HIGH_REVIEW_ONLY_DIAGNOSTIC,HIGH,MEDIUM,model_warning,not_evaluated->model_warning,calibration_warning_minimum_warning_state;weak_rank_signal_model_confidence;single_provider_concentration;feature_instability_downgrades;target_horizon_warning_downgrades,calibration_warning_minimum_warning_state@calibration_risk@WARNING;weak_rank_signal_model_confidence@model_confidence_risk@WARNING;single_provider_concentration@provider_concentration_risk@WARNING;feature_instability_downgrades@feature_stability_risk@DEGRADED;target_horizon_warning_downgrades@target_horizon_risk@WARNING,calibration_not_reliable_for_thresholding;feature_sign_instability_bounded;provider_source_concentration_disclosed;selected_score_variant_weak_rank_signal;single_provider_mode_akshare_direct;target_horizon_calibration_warning;weak_target_horizon_rank_signal,calibration_not_reliable_for_thresholding:calibration_risk;feature_sign_instability_bounded:feature_stability_risk;provider_source_concentration_disclosed:provider_concentration_risk;selected_score_variant_weak_rank_signal:model_confidence_risk;single_provider_mode_akshare_direct:provider_concentration_risk;target_horizon_calibration_warning:calibration_risk;weak_target_horizon_rank_signal:target_horizon_risk,none,selected_score_variant=raw_score_based_alpha_ranking;selected_target=excess_fwd_3d_return;selection_label=review_only_selected_baseline_weak_but_bounded;calibration_status=PASS_WITH_WARNINGS;feature_stability_status=PASS_WITH_WARNINGS;provider_concentration_status=PASS_WITH_WARNINGS,input_row=33;source=outputs/samples/stage6c_source_backed_engineering_panel_sample.csv;rule_catalog=goal07a_v1;non_actionable=true,review_only=true;diagnostic_only=true;not_a_recommendation=true;not_a_position=true,true,false,false,false,false,false,false,false,false,false
GOAL-07B,review_only,risk_overlay_diagnostic,2024-08-01,000001.SZ,2024-07-31,calibration_risk;feature_stability_risk;model_confidence_risk;provider_concentration_risk;target_horizon_risk,HIGH_REVIEW_ONLY_DIAGNOSTIC,HIGH,MEDIUM,model_warning,not_evaluated->model_warning,calibration_warning_minimum_warning_state;weak_rank_signal_model_confidence;single_provider_concentration;feature_instability_downgrades;target_horizon_warning_downgrades,calibration_warning_minimum_warning_state@calibration_risk@WARNING;weak_rank_signal_model_confidence@model_confidence_risk@WARNING;single_provider_concentration@provider_concentration_risk@WARNING;feature_instability_downgrades@feature_stability_risk@DEGRADED;target_horizon_warning_downgrades@target_horizon_risk@WARNING,calibration_not_reliable_for_thresholding;feature_sign_instability_bounded;provider_source_concentration_disclosed;selected_score_variant_weak_rank_signal;single_provider_mode_akshare_direct;target_horizon_calibration_warning;weak_target_horizon_rank_signal,calibration_not_reliable_for_thresholding:calibration_risk;feature_sign_instability_bounded:feature_stability_risk;provider_source_concentration_disclosed:provider_concentration_risk;selected_score_variant_weak_rank_signal:model_confidence_risk;single_provider_mode_akshare_direct:provider_concentration_risk;target_horizon_calibration_warning:calibration_risk;weak_target_horizon_rank_signal:target_horizon_risk,none,selected_score_variant=raw_score_based_alpha_ranking;selected_target=excess_fwd_3d_return;selection_label=review_only_selected_baseline_weak_but_bounded;calibration_status=PASS_WITH_WARNINGS;feature_stability_status=PASS_WITH_WARNINGS;provider_concentration_status=PASS_WITH_WARNINGS,input_row=34;source=outputs/samples/stage6c_source_backed_engineering_panel_sample.csv;rule_catalog=goal07a_v1;non_actionable=true,review_only=true;diagnostic_only=true;not_a_recommendation=true;not_a_position=true,true,false,false,false,false,false,false,false,false,false
GOAL-07B,review_only,risk_overlay_diagnostic,2024-08-02,000001.SZ,2024-08-01,calibration_risk;feature_stability_risk;model_confidence_risk;provider_concentration_risk;target_horizon_risk,HIGH_REVIEW_ONLY_DIAGNOSTIC,HIGH,MEDIUM,model_warning,not_evaluated->model_warning,calibration_warning_minimum_warning_state;weak_rank_signal_model_confidence;single_provider_concentration;feature_instability_downgrades;target_horizon_warning_downgrades,calibration_warning_minimum_warning_state@calibration_risk@WARNING;weak_rank_signal_model_confidence@model_confidence_risk@WARNING;single_provider_concentration@provider_concentration_risk@WARNING;feature_instability_downgrades@feature_stability_risk@DEGRADED;target_horizon_warning_downgrades@target_horizon_risk@WARNING,calibration_not_reliable_for_thresholding;feature_sign_instability_bounded;provider_source_concentration_disclosed;selected_score_variant_weak_rank_signal;single_provider_mode_akshare_direct;target_horizon_calibration_warning;weak_target_horizon_rank_signal,calibration_not_reliable_for_thresholding:calibration_risk;feature_sign_instability_bounded:feature_stability_risk;provider_source_concentration_disclosed:provider_concentration_risk;selected_score_variant_weak_rank_signal:model_confidence_risk;single_provider_mode_akshare_direct:provider_concentration_risk;target_horizon_calibration_warning:calibration_risk;weak_target_horizon_rank_signal:target_horizon_risk,none,selected_score_variant=raw_score_based_alpha_ranking;selected_target=excess_fwd_3d_return;selection_label=review_only_selected_baseline_weak_but_bounded;calibration_status=PASS_WITH_WARNINGS;feature_stability_status=PASS_WITH_WARNINGS;provider_concentration_status=PASS_WITH_WARNINGS,input_row=35;source=outputs/samples/stage6c_source_backed_engineering_panel_sample.csv;rule_catalog=goal07a_v1;non_actionable=true,review_only=true;diagnostic_only=true;not_a_recommendation=true;not_a_position=true,true,false,false,false,false,false,false,false,false,false
GOAL-07B,review_only,risk_overlay_diagnostic,2024-08-05,000001.SZ,2024-08-02,calibration_risk;feature_stability_risk;model_confidence_risk;provider_concentration_risk;target_horizon_risk,HIGH_REVIEW_ONLY_DIAGNOSTIC,HIGH,MEDIUM,model_warning,not_evaluated->model_warning,calibration_warning_minimum_warning_state;weak_rank_signal_model_confidence;single_provider_concentration;feature_instability_downgrades;target_horizon_warning_downgrades,calibration_warning_minimum_warning_state@calibration_risk@WARNING;weak_rank_signal_model_confidence@model_confidence_risk@WARNING;single_provider_concentration@provider_concentration_risk@WARNING;feature_instability_downgrades@feature_stability_risk@DEGRADED;target_horizon_warning_downgrades@target_horizon_risk@WARNING,calibration_not_reliable_for_thresholding;feature_sign_instability_bounded;provider_source_concentration_disclosed;selected_score_variant_weak_rank_signal;single_provider_mode_akshare_direct;target_horizon_calibration_warning;weak_target_horizon_rank_signal,calibration_not_reliable_for_thresholding:calibration_risk;feature_sign_instability_bounded:feature_stability_risk;provider_source_concentration_disclosed:provider_concentration_risk;selected_score_variant_weak_rank_signal:model_confidence_risk;single_provider_mode_akshare_direct:provider_concentration_risk;target_horizon_calibration_warning:calibration_risk;weak_target_horizon_rank_signal:target_horizon_risk,none,selected_score_variant=raw_score_based_alpha_ranking;selected_target=excess_fwd_3d_return;selection_label=review_only_selected_baseline_weak_but_bounded;calibration_status=PASS_WITH_WARNINGS;feature_stability_status=PASS_WITH_WARNINGS;provider_concentration_status=PASS_WITH_WARNINGS,input_row=36;source=outputs/samples/stage6c_source_backed_engineering_panel_sample.csv;rule_catalog=goal07a_v1;non_actionable=true,review_only=true;diagnostic_only=true;not_a_recommendation=true;not_a_position=true,true,false,false,false,false,false,false,false,false,false
GOAL-07B,review_only,risk_overlay_diagnostic,2024-08-06,000001.SZ,2024-08-05,calibration_risk;feature_stability_risk;model_confidence_risk;provider_concentration_risk;target_horizon_risk,HIGH_REVIEW_ONLY_DIAGNOSTIC,HIGH,MEDIUM,model_warning,not_evaluated->model_warning,calibration_warning_minimum_warning_state;weak_rank_signal_model_confidence;single_provider_concentration;feature_instability_downgrades;target_horizon_warning_downgrades,calibration_warning_minimum_warning_state@calibration_risk@WARNING;weak_rank_signal_model_confidence@model_confidence_risk@WARNING;single_provider_concentration@provider_concentration_risk@WARNING;feature_instability_downgrades@feature_stability_risk@DEGRADED;target_horizon_warning_downgrades@target_horizon_risk@WARNING,calibration_not_reliable_for_thresholding;feature_sign_instability_bounded;provider_source_concentration_disclosed;selected_score_variant_weak_rank_signal;single_provider_mode_akshare_direct;target_horizon_calibration_warning;weak_target_horizon_rank_signal,calibration_not_reliable_for_thresholding:calibration_risk;feature_sign_instability_bounded:feature_stability_risk;provider_source_concentration_disclosed:provider_concentration_risk;selected_score_variant_weak_rank_signal:model_confidence_risk;single_provider_mode_akshare_direct:provider_concentration_risk;target_horizon_calibration_warning:calibration_risk;weak_target_horizon_rank_signal:target_horizon_risk,none,selected_score_variant=raw_score_based_alpha_ranking;selected_target=excess_fwd_3d_return;selection_label=review_only_selected_baseline_weak_but_bounded;calibration_status=PASS_WITH_WARNINGS;feature_stability_status=PASS_WITH_WARNINGS;provider_concentration_status=PASS_WITH_WARNINGS,input_row=37;source=outputs/samples/stage6c_source_backed_engineering_panel_sample.csv;rule_catalog=goal07a_v1;non_actionable=true,review_only=true;diagnostic_only=true;not_a_recommendation=true;not_a_position=true,true,false,false,false,false,false,false,false,false,false
GOAL-07B,review_only,risk_overlay_diagnostic,2024-08-07,000001.SZ,2024-08-06,calibration_risk;feature_stability_risk;model_confidence_risk;provider_concentration_risk;target_horizon_risk,HIGH_REVIEW_ONLY_DIAGNOSTIC,HIGH,MEDIUM,model_warning,not_evaluated->model_warning,calibration_warning_minimum_warning_state;weak_rank_signal_model_confidence;single_provider_concentration;feature_instability_downgrades;target_horizon_warning_downgrades,calibration_warning_minimum_warning_state@calibration_risk@WARNING;weak_rank_signal_model_confidence@model_confidence_risk@WARNING;single_provider_concentration@provider_concentration_risk@WARNING;feature_instability_downgrades@feature_stability_risk@DEGRADED;target_horizon_warning_downgrades@target_horizon_risk@WARNING,calibration_not_reliable_for_thresholding;feature_sign_instability_bounded;provider_source_concentration_disclosed;selected_score_variant_weak_rank_signal;single_provider_mode_akshare_direct;target_horizon_calibration_warning;weak_target_horizon_rank_signal,calibration_not_reliable_for_thresholding:calibration_risk;feature_sign_instability_bounded:feature_stability_risk;provider_source_concentration_disclosed:provider_concentration_risk;selected_score_variant_weak_rank_signal:model_confidence_risk;single_provider_mode_akshare_direct:provider_concentration_risk;target_horizon_calibration_warning:calibration_risk;weak_target_horizon_rank_signal:target_horizon_risk,none,selected_score_variant=raw_score_based_alpha_ranking;selected_target=excess_fwd_3d_return;selection_label=review_only_selected_baseline_weak_but_bounded;calibration_status=PASS_WITH_WARNINGS;feature_stability_status=PASS_WITH_WARNINGS;provider_concentration_status=PASS_WITH_WARNINGS,input_row=38;source=outputs/samples/stage6c_source_backed_engineering_panel_sample.csv;rule_catalog=goal07a_v1;non_actionable=true,review_only=true;diagnostic_only=true;not_a_recommendation=true;not_a_position=true,true,false,false,false,false,false,false,false,false,false
GOAL-07B,review_only,risk_overlay_diagnostic,2024-08-08,000001.SZ,2024-08-07,calibration_risk;feature_stability_risk;model_confidence_risk;provider_concentration_risk;target_horizon_risk,HIGH_REVIEW_ONLY_DIAGNOSTIC,HIGH,MEDIUM,model_warning,not_evaluated->model_warning,calibration_warning_minimum_warning_state;weak_rank_signal_model_confidence;single_provider_concentration;feature_instability_downgrades;target_horizon_warning_downgrades,calibration_warning_minimum_warning_state@calibration_risk@WARNING;weak_rank_signal_model_confidence@model_confidence_risk@WARNING;single_provider_concentration@provider_concentration_risk@WARNING;feature_instability_downgrades@feature_stability_risk@DEGRADED;target_horizon_warning_downgrades@target_horizon_risk@WARNING,calibration_not_reliable_for_thresholding;feature_sign_instability_bounded;provider_source_concentration_disclosed;selected_score_variant_weak_rank_signal;single_provider_mode_akshare_direct;target_horizon_calibration_warning;weak_target_horizon_rank_signal,calibration_not_reliable_for_thresholding:calibration_risk;feature_sign_instability_bounded:feature_stability_risk;provider_source_concentration_disclosed:provider_concentration_risk;selected_score_variant_weak_rank_signal:model_confidence_risk;single_provider_mode_akshare_direct:provider_concentration_risk;target_horizon_calibration_warning:calibration_risk;weak_target_horizon_rank_signal:target_horizon_risk,none,selected_score_variant=raw_score_based_alpha_ranking;selected_target=excess_fwd_3d_return;selection_label=review_only_selected_baseline_weak_but_bounded;calibration_status=PASS_WITH_WARNINGS;feature_stability_status=PASS_WITH_WARNINGS;provider_concentration_status=PASS_WITH_WARNINGS,input_row=39;source=outputs/samples/stage6c_source_backed_engineering_panel_sample.csv;rule_catalog=goal07a_v1;non_actionable=true,review_only=true;diagnostic_only=true;not_a_recommendation=true;not_a_position=true,true,false,false,false,false,false,false,false,false,false
GOAL-07B,review_only,risk_overlay_diagnostic,2024-08-09,000001.SZ,2024-08-08,calibration_risk;feature_stability_risk;model_confidence_risk;provider_concentration_risk;target_horizon_risk,HIGH_REVIEW_ONLY_DIAGNOSTIC,HIGH,MEDIUM,model_warning,not_evaluated->model_warning,calibration_warning_minimum_warning_state;weak_rank_signal_model_confidence;single_provider_concentration;feature_instability_downgrades;target_horizon_warning_downgrades,calibration_warning_minimum_warning_state@calibration_risk@WARNING;weak_rank_signal_model_confidence@model_confidence_risk@WARNING;single_provider_concentration@provider_concentration_risk@WARNING;feature_instability_downgrades@feature_stability_risk@DEGRADED;target_horizon_warning_downgrades@target_horizon_risk@WARNING,calibration_not_reliable_for_thresholding;feature_sign_instability_bounded;provider_source_concentration_disclosed;selected_score_variant_weak_rank_signal;single_provider_mode_akshare_direct;target_horizon_calibration_warning;weak_target_horizon_rank_signal,calibration_not_reliable_for_thresholding:calibration_risk;feature_sign_instability_bounded:feature_stability_risk;provider_source_concentration_disclosed:provider_concentration_risk;selected_score_variant_weak_rank_signal:model_confidence_risk;single_provider_mode_akshare_direct:provider_concentration_risk;target_horizon_calibration_warning:calibration_risk;weak_target_horizon_rank_signal:target_horizon_risk,none,selected_score_variant=raw_score_based_alpha_ranking;selected_target=excess_fwd_3d_return;selection_label=review_only_selected_baseline_weak_but_bounded;calibration_status=PASS_WITH_WARNINGS;feature_stability_status=PASS_WITH_WARNINGS;provider_concentration_status=PASS_WITH_WARNINGS,input_row=40;source=outputs/samples/stage6c_source_backed_engineering_panel_sample.csv;rule_catalog=goal07a_v1;non_actionable=true,review_only=true;diagnostic_only=true;not_a_recommendation=true;not_a_position=true,true,false,false,false,false,false,false,false,false,false
GOAL-07B,review_only,risk_overlay_diagnostic,2024-08-12,000001.SZ,2024-08-09,calibration_risk;feature_stability_risk;model_confidence_risk;provider_concentration_risk;target_horizon_risk,HIGH_REVIEW_ONLY_DIAGNOSTIC,HIGH,MEDIUM,model_warning,not_evaluated->model_warning,calibration_warning_minimum_warning_state;weak_rank_signal_model_confidence;single_provider_concentration;feature_instability_downgrades;target_horizon_warning_downgrades,calibration_warning_minimum_warning_state@calibration_risk@WARNING;weak_rank_signal_model_confidence@model_confidence_risk@WARNING;single_provider_concentration@provider_concentration_risk@WARNING;feature_instability_downgrades@feature_stability_risk@DEGRADED;target_horizon_warning_downgrades@target_horizon_risk@WARNING,calibration_not_reliable_for_thresholding;feature_sign_instability_bounded;provider_source_concentration_disclosed;selected_score_variant_weak_rank_signal;single_provider_mode_akshare_direct;target_horizon_calibration_warning;weak_target_horizon_rank_signal,calibration_not_reliable_for_thresholding:calibration_risk;feature_sign_instability_bounded:feature_stability_risk;provider_source_concentration_disclosed:provider_concentration_risk;selected_score_variant_weak_rank_signal:model_confidence_risk;single_provider_mode_akshare_direct:provider_concentration_risk;target_horizon_calibration_warning:calibration_risk;weak_target_horizon_rank_signal:target_horizon_risk,none,selected_score_variant=raw_score_based_alpha_ranking;selected_target=excess_fwd_3d_return;selection_label=review_only_selected_baseline_weak_but_bounded;calibration_status=PASS_WITH_WARNINGS;feature_stability_status=PASS_WITH_WARNINGS;provider_concentration_status=PASS_WITH_WARNINGS,input_row=41;source=outputs/samples/stage6c_source_backed_engineering_panel_sample.csv;rule_catalog=goal07a_v1;non_actionable=true,review_only=true;diagnostic_only=true;not_a_recommendation=true;not_a_position=true,true,false,false,false,false,false,false,false,false,false
GOAL-07B,review_only,risk_overlay_diagnostic,2024-08-13,000001.SZ,2024-08-12,calibration_risk;feature_stability_risk;model_confidence_risk;provider_concentration_risk;target_horizon_risk,HIGH_REVIEW_ONLY_DIAGNOSTIC,HIGH,MEDIUM,model_warning,not_evaluated->model_warning,calibration_warning_minimum_warning_state;weak_rank_signal_model_confidence;single_provider_concentration;feature_instability_downgrades;target_horizon_warning_downgrades,calibration_warning_minimum_warning_state@calibration_risk@WARNING;weak_rank_signal_model_confidence@model_confidence_risk@WARNING;single_provider_concentration@provider_concentration_risk@WARNING;feature_instability_downgrades@feature_stability_risk@DEGRADED;target_horizon_warning_downgrades@target_horizon_risk@WARNING,calibration_not_reliable_for_thresholding;feature_sign_instability_bounded;provider_source_concentration_disclosed;selected_score_variant_weak_rank_signal;single_provider_mode_akshare_direct;target_horizon_calibration_warning;weak_target_horizon_rank_signal,calibration_not_reliable_for_thresholding:calibration_risk;feature_sign_instability_bounded:feature_stability_risk;provider_source_concentration_disclosed:provider_concentration_risk;selected_score_variant_weak_rank_signal:model_confidence_risk;single_provider_mode_akshare_direct:provider_concentration_risk;target_horizon_calibration_warning:calibration_risk;weak_target_horizon_rank_signal:target_horizon_risk,none,selected_score_variant=raw_score_based_alpha_ranking;selected_target=excess_fwd_3d_return;selection_label=review_only_selected_baseline_weak_but_bounded;calibration_status=PASS_WITH_WARNINGS;feature_stability_status=PASS_WITH_WARNINGS;provider_concentration_status=PASS_WITH_WARNINGS,input_row=42;source=outputs/samples/stage6c_source_backed_engineering_panel_sample.csv;rule_catalog=goal07a_v1;non_actionable=true,review_only=true;diagnostic_only=true;not_a_recommendation=true;not_a_position=true,true,false,false,false,false,false,false,false,false,false
GOAL-07B,review_only,risk_overlay_diagnostic,2024-08-14,000001.SZ,2024-08-13,calibration_risk;feature_stability_risk;model_confidence_risk;provider_concentration_risk;target_horizon_risk,HIGH_REVIEW_ONLY_DIAGNOSTIC,HIGH,MEDIUM,model_warning,not_evaluated->model_warning,calibration_warning_minimum_warning_state;weak_rank_signal_model_confidence;single_provider_concentration;feature_instability_downgrades;target_horizon_warning_downgrades,calibration_warning_minimum_warning_state@calibration_risk@WARNING;weak_rank_signal_model_confidence@model_confidence_risk@WARNING;single_provider_concentration@provider_concentration_risk@WARNING;feature_instability_downgrades@feature_stability_risk@DEGRADED;target_horizon_warning_downgrades@target_horizon_risk@WARNING,calibration_not_reliable_for_thresholding;feature_sign_instability_bounded;provider_source_concentration_disclosed;selected_score_variant_weak_rank_signal;single_provider_mode_akshare_direct;target_horizon_calibration_warning;weak_target_horizon_rank_signal,calibration_not_reliable_for_thresholding:calibration_risk;feature_sign_instability_bounded:feature_stability_risk;provider_source_concentration_disclosed:provider_concentration_risk;selected_score_variant_weak_rank_signal:model_confidence_risk;single_provider_mode_akshare_direct:provider_concentration_risk;target_horizon_calibration_warning:calibration_risk;weak_target_horizon_rank_signal:target_horizon_risk,none,selected_score_variant=raw_score_based_alpha_ranking;selected_target=excess_fwd_3d_return;selection_label=review_only_selected_baseline_weak_but_bounded;calibration_status=PASS_WITH_WARNINGS;feature_stability_status=PASS_WITH_WARNINGS;provider_concentration_status=PASS_WITH_WARNINGS,input_row=43;source=outputs/samples/stage6c_source_backed_engineering_panel_sample.csv;rule_catalog=goal07a_v1;non_actionable=true,review_only=true;diagnostic_only=true;not_a_recommendation=true;not_a_position=true,true,false,false,false,false,false,false,false,false,false
GOAL-07B,review_only,risk_overlay_diagnostic,2024-08-15,000001.SZ,2024-08-14,calibration_risk;feature_stability_risk;model_confidence_risk;provider_concentration_risk;target_horizon_risk,HIGH_REVIEW_ONLY_DIAGNOSTIC,HIGH,MEDIUM,model_warning,not_evaluated->model_warning,calibration_warning_minimum_warning_state;weak_rank_signal_model_confidence;single_provider_concentration;feature_instability_downgrades;target_horizon_warning_downgrades,calibration_warning_minimum_warning_state@calibration_risk@WARNING;weak_rank_signal_model_confidence@model_confidence_risk@WARNING;single_provider_concentration@provider_concentration_risk@WARNING;feature_instability_downgrades@feature_stability_risk@DEGRADED;target_horizon_warning_downgrades@target_horizon_risk@WARNING,calibration_not_reliable_for_thresholding;feature_sign_instability_bounded;provider_source_concentration_disclosed;selected_score_variant_weak_rank_signal;single_provider_mode_akshare_direct;target_horizon_calibration_warning;weak_target_horizon_rank_signal,calibration_not_reliable_for_thresholding:calibration_risk;feature_sign_instability_bounded:feature_stability_risk;provider_source_concentration_disclosed:provider_concentration_risk;selected_score_variant_weak_rank_signal:model_confidence_risk;single_provider_mode_akshare_direct:provider_concentration_risk;target_horizon_calibration_warning:calibration_risk;weak_target_horizon_rank_signal:target_horizon_risk,none,selected_score_variant=raw_score_based_alpha_ranking;selected_target=excess_fwd_3d_return;selection_label=review_only_selected_baseline_weak_but_bounded;calibration_status=PASS_WITH_WARNINGS;feature_stability_status=PASS_WITH_WARNINGS;provider_concentration_status=PASS_WITH_WARNINGS,input_row=44;source=outputs/samples/stage6c_source_backed_engineering_panel_sample.csv;rule_catalog=goal07a_v1;non_actionable=true,review_only=true;diagnostic_only=true;not_a_recommendation=true;not_a_position=true,true,false,false,false,false,false,false,false,false,false
GOAL-07B,review_only,risk_overlay_diagnostic,2024-08-16,000001.SZ,2024-08-15,calibration_risk;feature_stability_risk;model_confidence_risk;provider_concentration_risk;target_horizon_risk,HIGH_REVIEW_ONLY_DIAGNOSTIC,HIGH,MEDIUM,model_warning,not_evaluated->model_warning,calibration_warning_minimum_warning_state;weak_rank_signal_model_confidence;single_provider_concentration;feature_instability_downgrades;target_horizon_warning_downgrades,calibration_warning_minimum_warning_state@calibration_risk@WARNING;weak_rank_signal_model_confidence@model_confidence_risk@WARNING;single_provider_concentration@provider_concentration_risk@WARNING;feature_instability_downgrades@feature_stability_risk@DEGRADED;target_horizon_warning_downgrades@target_horizon_risk@WARNING,calibration_not_reliable_for_thresholding;feature_sign_instability_bounded;provider_source_concentration_disclosed;selected_score_variant_weak_rank_signal;single_provider_mode_akshare_direct;target_horizon_calibration_warning;weak_target_horizon_rank_signal,calibration_not_reliable_for_thresholding:calibration_risk;feature_sign_instability_bounded:feature_stability_risk;provider_source_concentration_disclosed:provider_concentration_risk;selected_score_variant_weak_rank_signal:model_confidence_risk;single_provider_mode_akshare_direct:provider_concentration_risk;target_horizon_calibration_warning:calibration_risk;weak_target_horizon_rank_signal:target_horizon_risk,none,selected_score_variant=raw_score_based_alpha_ranking;selected_target=excess_fwd_3d_return;selection_label=review_only_selected_baseline_weak_but_bounded;calibration_status=PASS_WITH_WARNINGS;feature_stability_status=PASS_WITH_WARNINGS;provider_concentration_status=PASS_WITH_WARNINGS,input_row=45;source=outputs/samples/stage6c_source_backed_engineering_panel_sample.csv;rule_catalog=goal07a_v1;non_actionable=true,review_only=true;diagnostic_only=true;not_a_recommendation=true;not_a_position=true,true,false,false,false,false,false,false,false,false,false
GOAL-07B,review_only,risk_overlay_diagnostic,2024-08-19,000001.SZ,2024-08-16,calibration_risk;feature_stability_risk;model_confidence_risk;provider_concentration_risk;target_horizon_risk,HIGH_REVIEW_ONLY_DIAGNOSTIC,HIGH,MEDIUM,model_warning,not_evaluated->model_warning,calibration_warning_minimum_warning_state;weak_rank_signal_model_confidence;single_provider_concentration;feature_instability_downgrades;target_horizon_warning_downgrades,calibration_warning_minimum_warning_state@calibration_risk@WARNING;weak_rank_signal_model_confidence@model_confidence_risk@WARNING;single_provider_concentration@provider_concentration_risk@WARNING;feature_instability_downgrades@feature_stability_risk@DEGRADED;target_horizon_warning_downgrades@target_horizon_risk@WARNING,calibration_not_reliable_for_thresholding;feature_sign_instability_bounded;provider_source_concentration_disclosed;selected_score_variant_weak_rank_signal;single_provider_mode_akshare_direct;target_horizon_calibration_warning;weak_target_horizon_rank_signal,calibration_not_reliable_for_thresholding:calibration_risk;feature_sign_instability_bounded:feature_stability_risk;provider_source_concentration_disclosed:provider_concentration_risk;selected_score_variant_weak_rank_signal:model_confidence_risk;single_provider_mode_akshare_direct:provider_concentration_risk;target_horizon_calibration_warning:calibration_risk;weak_target_horizon_rank_signal:target_horizon_risk,none,selected_score_variant=raw_score_based_alpha_ranking;selected_target=excess_fwd_3d_return;selection_label=review_only_selected_baseline_weak_but_bounded;calibration_status=PASS_WITH_WARNINGS;feature_stability_status=PASS_WITH_WARNINGS;provider_concentration_status=PASS_WITH_WARNINGS,input_row=46;source=outputs/samples/stage6c_source_backed_engineering_panel_sample.csv;rule_catalog=goal07a_v1;non_actionable=true,review_only=true;diagnostic_only=true;not_a_recommendation=true;not_a_position=true,true,false,false,false,false,false,false,false,false,false
GOAL-07B,review_only,risk_overlay_diagnostic,2024-08-20,000001.SZ,2024-08-19,calibration_risk;feature_stability_risk;model_confidence_risk;provider_concentration_risk;target_horizon_risk,HIGH_REVIEW_ONLY_DIAGNOSTIC,HIGH,MEDIUM,model_warning,not_evaluated->model_warning,calibration_warning_minimum_warning_state;weak_rank_signal_model_confidence;single_provider_concentration;feature_instability_downgrades;target_horizon_warning_downgrades,calibration_warning_minimum_warning_state@calibration_risk@WARNING;weak_rank_signal_model_confidence@model_confidence_risk@WARNING;single_provider_concentration@provider_concentration_risk@WARNING;feature_instability_downgrades@feature_stability_risk@DEGRADED;target_horizon_warning_downgrades@target_horizon_risk@WARNING,calibration_not_reliable_for_thresholding;feature_sign_instability_bounded;provider_source_concentration_disclosed;selected_score_variant_weak_rank_signal;single_provider_mode_akshare_direct;target_horizon_calibration_warning;weak_target_horizon_rank_signal,calibration_not_reliable_for_thresholding:calibration_risk;feature_sign_instability_bounded:feature_stability_risk;provider_source_concentration_disclosed:provider_concentration_risk;selected_score_variant_weak_rank_signal:model_confidence_risk;single_provider_mode_akshare_direct:provider_concentration_risk;target_horizon_calibration_warning:calibration_risk;weak_target_horizon_rank_signal:target_horizon_risk,none,selected_score_variant=raw_score_based_alpha_ranking;selected_target=excess_fwd_3d_return;selection_label=review_only_selected_baseline_weak_but_bounded;calibration_status=PASS_WITH_WARNINGS;feature_stability_status=PASS_WITH_WARNINGS;provider_concentration_status=PASS_WITH_WARNINGS,input_row=47;source=outputs/samples/stage6c_source_backed_engineering_panel_sample.csv;rule_catalog=goal07a_v1;non_actionable=true,review_only=true;diagnostic_only=true;not_a_recommendation=true;not_a_position=true,true,false,false,false,false,false,false,false,false,false
GOAL-07B,review_only,risk_overlay_diagnostic,2024-08-21,000001.SZ,2024-08-20,calibration_risk;feature_stability_risk;model_confidence_risk;provider_concentration_risk;target_horizon_risk,HIGH_REVIEW_ONLY_DIAGNOSTIC,HIGH,MEDIUM,model_warning,not_evaluated->model_warning,calibration_warning_minimum_warning_state;weak_rank_signal_model_confidence;single_provider_concentration;feature_instability_downgrades;target_horizon_warning_downgrades,calibration_warning_minimum_warning_state@calibration_risk@WARNING;weak_rank_signal_model_confidence@model_confidence_risk@WARNING;single_provider_concentration@provider_concentration_risk@WARNING;feature_instability_downgrades@feature_stability_risk@DEGRADED;target_horizon_warning_downgrades@target_horizon_risk@WARNING,calibration_not_reliable_for_thresholding;feature_sign_instability_bounded;provider_source_concentration_disclosed;selected_score_variant_weak_rank_signal;single_provider_mode_akshare_direct;target_horizon_calibration_warning;weak_target_horizon_rank_signal,calibration_not_reliable_for_thresholding:calibration_risk;feature_sign_instability_bounded:feature_stability_risk;provider_source_concentration_disclosed:provider_concentration_risk;selected_score_variant_weak_rank_signal:model_confidence_risk;single_provider_mode_akshare_direct:provider_concentration_risk;target_horizon_calibration_warning:calibration_risk;weak_target_horizon_rank_signal:target_horizon_risk,none,selected_score_variant=raw_score_based_alpha_ranking;selected_target=excess_fwd_3d_return;selection_label=review_only_selected_baseline_weak_but_bounded;calibration_status=PASS_WITH_WARNINGS;feature_stability_status=PASS_WITH_WARNINGS;provider_concentration_status=PASS_WITH_WARNINGS,input_row=48;source=outputs/samples/stage6c_source_backed_engineering_panel_sample.csv;rule_catalog=goal07a_v1;non_actionable=true,review_only=true;diagnostic_only=true;not_a_recommendation=true;not_a_position=true,true,false,false,false,false,false,false,false,false,false
GOAL-07B,review_only,risk_overlay_diagnostic,2024-09-05,000001.SZ,2024-09-04,calibration_risk;feature_stability_risk;model_confidence_risk;provider_concentration_risk;target_horizon_risk,HIGH_REVIEW_ONLY_DIAGNOSTIC,HIGH,MEDIUM,model_warning,not_evaluated->model_warning,calibration_warning_minimum_warning_state;weak_rank_signal_model_confidence;single_provider_concentration;feature_instability_downgrades;target_horizon_warning_downgrades,calibration_warning_minimum_warning_state@calibration_risk@WARNING;weak_rank_signal_model_confidence@model_confidence_risk@WARNING;single_provider_concentration@provider_concentration_risk@WARNING;feature_instability_downgrades@feature_stability_risk@DEGRADED;target_horizon_warning_downgrades@target_horizon_risk@WARNING,calibration_not_reliable_for_thresholding;feature_sign_instability_bounded;provider_source_concentration_disclosed;selected_score_variant_weak_rank_signal;single_provider_mode_akshare_direct;target_horizon_calibration_warning;weak_target_horizon_rank_signal,calibration_not_reliable_for_thresholding:calibration_risk;feature_sign_instability_bounded:feature_stability_risk;provider_source_concentration_disclosed:provider_concentration_risk;selected_score_variant_weak_rank_signal:model_confidence_risk;single_provider_mode_akshare_direct:provider_concentration_risk;target_horizon_calibration_warning:calibration_risk;weak_target_horizon_rank_signal:target_horizon_risk,none,selected_score_variant=raw_score_based_alpha_ranking;selected_target=excess_fwd_3d_return;selection_label=review_only_selected_baseline_weak_but_bounded;calibration_status=PASS_WITH_WARNINGS;feature_stability_status=PASS_WITH_WARNINGS;provider_concentration_status=PASS_WITH_WARNINGS,input_row=49;source=outputs/samples/stage6c_source_backed_engineering_panel_sample.csv;rule_catalog=goal07a_v1;non_actionable=true,review_only=true;diagnostic_only=true;not_a_recommendation=true;not_a_position=true,true,false,false,false,false,false,false,false,false,false
GOAL-07B,review_only,risk_overlay_diagnostic,2024-09-06,000001.SZ,2024-09-05,calibration_risk;feature_stability_risk;model_confidence_risk;provider_concentration_risk;target_horizon_risk,HIGH_REVIEW_ONLY_DIAGNOSTIC,HIGH,MEDIUM,model_warning,not_evaluated->model_warning,calibration_warning_minimum_warning_state;weak_rank_signal_model_confidence;single_provider_concentration;feature_instability_downgrades;target_horizon_warning_downgrades,calibration_warning_minimum_warning_state@calibration_risk@WARNING;weak_rank_signal_model_confidence@model_confidence_risk@WARNING;single_provider_concentration@provider_concentration_risk@WARNING;feature_instability_downgrades@feature_stability_risk@DEGRADED;target_horizon_warning_downgrades@target_horizon_risk@WARNING,calibration_not_reliable_for_thresholding;feature_sign_instability_bounded;provider_source_concentration_disclosed;selected_score_variant_weak_rank_signal;single_provider_mode_akshare_direct;target_horizon_calibration_warning;weak_target_horizon_rank_signal,calibration_not_reliable_for_thresholding:calibration_risk;feature_sign_instability_bounded:feature_stability_risk;provider_source_concentration_disclosed:provider_concentration_risk;selected_score_variant_weak_rank_signal:model_confidence_risk;single_provider_mode_akshare_direct:provider_concentration_risk;target_horizon_calibration_warning:calibration_risk;weak_target_horizon_rank_signal:target_horizon_risk,none,selected_score_variant=raw_score_based_alpha_ranking;selected_target=excess_fwd_3d_return;selection_label=review_only_selected_baseline_weak_but_bounded;calibration_status=PASS_WITH_WARNINGS;feature_stability_status=PASS_WITH_WARNINGS;provider_concentration_status=PASS_WITH_WARNINGS,input_row=50;source=outputs/samples/stage6c_source_backed_engineering_panel_sample.csv;rule_catalog=goal07a_v1;non_actionable=true,review_only=true;diagnostic_only=true;not_a_recommendation=true;not_a_position=true,true,false,false,false,false,false,false,false,false,false
GOAL-07B,review_only,risk_overlay_diagnostic,2024-09-09,000001.SZ,2024-09-06,calibration_risk;feature_stability_risk;model_confidence_risk;provider_concentration_risk;target_horizon_risk,HIGH_REVIEW_ONLY_DIAGNOSTIC,HIGH,MEDIUM,model_warning,not_evaluated->model_warning,calibration_warning_minimum_warning_state;weak_rank_signal_model_confidence;single_provider_concentration;feature_instability_downgrades;target_horizon_warning_downgrades,calibration_warning_minimum_warning_state@calibration_risk@WARNING;weak_rank_signal_model_confidence@model_confidence_risk@WARNING;single_provider_concentration@provider_concentration_risk@WARNING;feature_instability_downgrades@feature_stability_risk@DEGRADED;target_horizon_warning_downgrades@target_horizon_risk@WARNING,calibration_not_reliable_for_thresholding;feature_sign_instability_bounded;provider_source_concentration_disclosed;selected_score_variant_weak_rank_signal;single_provider_mode_akshare_direct;target_horizon_calibration_warning;weak_target_horizon_rank_signal,calibration_not_reliable_for_thresholding:calibration_risk;feature_sign_instability_bounded:feature_stability_risk;provider_source_concentration_disclosed:provider_concentration_risk;selected_score_variant_weak_rank_signal:model_confidence_risk;single_provider_mode_akshare_direct:provider_concentration_risk;target_horizon_calibration_warning:calibration_risk;weak_target_horizon_rank_signal:target_horizon_risk,none,selected_score_variant=raw_score_based_alpha_ranking;selected_target=excess_fwd_3d_return;selection_label=review_only_selected_baseline_weak_but_bounded;calibration_status=PASS_WITH_WARNINGS;feature_stability_status=PASS_WITH_WARNINGS;provider_concentration_status=PASS_WITH_WARNINGS,input_row=51;source=outputs/samples/stage6c_source_backed_engineering_panel_sample.csv;rule_catalog=goal07a_v1;non_actionable=true,review_only=true;diagnostic_only=true;not_a_recommendation=true;not_a_position=true,true,false,false,false,false,false,false,false,false,false
GOAL-07B,review_only,risk_overlay_diagnostic,2024-09-10,000001.SZ,2024-09-09,calibration_risk;feature_stability_risk;model_confidence_risk;provider_concentration_risk;target_horizon_risk,HIGH_REVIEW_ONLY_DIAGNOSTIC,HIGH,MEDIUM,model_warning,not_evaluated->model_warning,calibration_warning_minimum_warning_state;weak_rank_signal_model_confidence;single_provider_concentration;feature_instability_downgrades;target_horizon_warning_downgrades,calibration_warning_minimum_warning_state@calibration_risk@WARNING;weak_rank_signal_model_confidence@model_confidence_risk@WARNING;single_provider_concentration@provider_concentration_risk@WARNING;feature_instability_downgrades@feature_stability_risk@DEGRADED;target_horizon_warning_downgrades@target_horizon_risk@WARNING,calibration_not_reliable_for_thresholding;feature_sign_instability_bounded;provider_source_concentration_disclosed;selected_score_variant_weak_rank_signal;single_provider_mode_akshare_direct;target_horizon_calibration_warning;weak_target_horizon_rank_signal,calibration_not_reliable_for_thresholding:calibration_risk;feature_sign_instability_bounded:feature_stability_risk;provider_source_concentration_disclosed:provider_concentration_risk;selected_score_variant_weak_rank_signal:model_confidence_risk;single_provider_mode_akshare_direct:provider_concentration_risk;target_horizon_calibration_warning:calibration_risk;weak_target_horizon_rank_signal:target_horizon_risk,none,selected_score_variant=raw_score_based_alpha_ranking;selected_target=excess_fwd_3d_return;selection_label=review_only_selected_baseline_weak_but_bounded;calibration_status=PASS_WITH_WARNINGS;feature_stability_status=PASS_WITH_WARNINGS;provider_concentration_status=PASS_WITH_WARNINGS,input_row=52;source=outputs/samples/stage6c_source_backed_engineering_panel_sample.csv;rule_catalog=goal07a_v1;non_actionable=true,review_only=true;diagnostic_only=true;not_a_recommendation=true;not_a_position=true,true,false,false,false,false,false,false,false,false,false
GOAL-07B,review_only,risk_overlay_diagnostic,2024-09-11,000001.SZ,2024-09-10,calibration_risk;feature_stability_risk;model_confidence_risk;provider_concentration_risk;target_horizon_risk,HIGH_REVIEW_ONLY_DIAGNOSTIC,HIGH,MEDIUM,model_warning,not_evaluated->model_warning,calibration_warning_minimum_warning_state;weak_rank_signal_model_confidence;single_provider_concentration;feature_instability_downgrades;target_horizon_warning_downgrades,calibration_warning_minimum_warning_state@calibration_risk@WARNING;weak_rank_signal_model_confidence@model_confidence_risk@WARNING;single_provider_concentration@provider_concentration_risk@WARNING;feature_instability_downgrades@feature_stability_risk@DEGRADED;target_horizon_warning_downgrades@target_horizon_risk@WARNING,calibration_not_reliable_for_thresholding;feature_sign_instability_bounded;provider_source_concentration_disclosed;selected_score_variant_weak_rank_signal;single_provider_mode_akshare_direct;target_horizon_calibration_warning;weak_target_horizon_rank_signal,calibration_not_reliable_for_thresholding:calibration_risk;feature_sign_instability_bounded:feature_stability_risk;provider_source_concentration_disclosed:provider_concentration_risk;selected_score_variant_weak_rank_signal:model_confidence_risk;single_provider_mode_akshare_direct:provider_concentration_risk;target_horizon_calibration_warning:calibration_risk;weak_target_horizon_rank_signal:target_horizon_risk,none,selected_score_variant=raw_score_based_alpha_ranking;selected_target=excess_fwd_3d_return;selection_label=review_only_selected_baseline_weak_but_bounded;calibration_status=PASS_WITH_WARNINGS;feature_stability_status=PASS_WITH_WARNINGS;provider_concentration_status=PASS_WITH_WARNINGS,input_row=53;source=outputs/samples/stage6c_source_backed_engineering_panel_sample.csv;rule_catalog=goal07a_v1;non_actionable=true,review_only=true;diagnostic_only=true;not_a_recommendation=true;not_a_position=true,true,false,false,false,false,false,false,false,false,false
GOAL-07B,review_only,risk_overlay_diagnostic,2024-09-12,000001.SZ,2024-09-11,calibration_risk;feature_stability_risk;model_confidence_risk;provider_concentration_risk;target_horizon_risk,HIGH_REVIEW_ONLY_DIAGNOSTIC,HIGH,MEDIUM,model_warning,not_evaluated->model_warning,calibration_warning_minimum_warning_state;weak_rank_signal_model_confidence;single_provider_concentration;feature_instability_downgrades;target_horizon_warning_downgrades,calibration_warning_minimum_warning_state@calibration_risk@WARNING;weak_rank_signal_model_confidence@model_confidence_risk@WARNING;single_provider_concentration@provider_concentration_risk@WARNING;feature_instability_downgrades@feature_stability_risk@DEGRADED;target_horizon_warning_downgrades@target_horizon_risk@WARNING,calibration_not_reliable_for_thresholding;feature_sign_instability_bounded;provider_source_concentration_disclosed;selected_score_variant_weak_rank_signal;single_provider_mode_akshare_direct;target_horizon_calibration_warning;weak_target_horizon_rank_signal,calibration_not_reliable_for_thresholding:calibration_risk;feature_sign_instability_bounded:feature_stability_risk;provider_source_concentration_disclosed:provider_concentration_risk;selected_score_variant_weak_rank_signal:model_confidence_risk;single_provider_mode_akshare_direct:provider_concentration_risk;target_horizon_calibration_warning:calibration_risk;weak_target_horizon_rank_signal:target_horizon_risk,none,selected_score_variant=raw_score_based_alpha_ranking;selected_target=excess_fwd_3d_return;selection_label=review_only_selected_baseline_weak_but_bounded;calibration_status=PASS_WITH_WARNINGS;feature_stability_status=PASS_WITH_WARNINGS;provider_concentration_status=PASS_WITH_WARNINGS,input_row=54;source=outputs/samples/stage6c_source_backed_engineering_panel_sample.csv;rule_catalog=goal07a_v1;non_actionable=true,review_only=true;diagnostic_only=true;not_a_recommendation=true;not_a_position=true,true,false,false,false,false,false,false,false,false,false
GOAL-07B,review_only,risk_overlay_diagnostic,2024-09-13,000001.SZ,2024-09-12,calibration_risk;feature_stability_risk;model_confidence_risk;provider_concentration_risk;target_horizon_risk,HIGH_REVIEW_ONLY_DIAGNOSTIC,HIGH,MEDIUM,model_warning,not_evaluated->model_warning,calibration_warning_minimum_warning_state;weak_rank_signal_model_confidence;single_provider_concentration;feature_instability_downgrades;target_horizon_warning_downgrades,calibration_warning_minimum_warning_state@calibration_risk@WARNING;weak_rank_signal_model_confidence@model_confidence_risk@WARNING;single_provider_concentration@provider_concentration_risk@WARNING;feature_instability_downgrades@feature_stability_risk@DEGRADED;target_horizon_warning_downgrades@target_horizon_risk@WARNING,calibration_not_reliable_for_thresholding;feature_sign_instability_bounded;provider_source_concentration_disclosed;selected_score_variant_weak_rank_signal;single_provider_mode_akshare_direct;target_horizon_calibration_warning;weak_target_horizon_rank_signal,calibration_not_reliable_for_thresholding:calibration_risk;feature_sign_instability_bounded:feature_stability_risk;provider_source_concentration_disclosed:provider_concentration_risk;selected_score_variant_weak_rank_signal:model_confidence_risk;single_provider_mode_akshare_direct:provider_concentration_risk;target_horizon_calibration_warning:calibration_risk;weak_target_horizon_rank_signal:target_horizon_risk,none,selected_score_variant=raw_score_based_alpha_ranking;selected_target=excess_fwd_3d_return;selection_label=review_only_selected_baseline_weak_but_bounded;calibration_status=PASS_WITH_WARNINGS;feature_stability_status=PASS_WITH_WARNINGS;provider_concentration_status=PASS_WITH_WARNINGS,input_row=55;source=outputs/samples/stage6c_source_backed_engineering_panel_sample.csv;rule_catalog=goal07a_v1;non_actionable=true,review_only=true;diagnostic_only=true;not_a_recommendation=true;not_a_position=true,true,false,false,false,false,false,false,false,false,false
GOAL-07B,review_only,risk_overlay_diagnostic,2024-09-18,000001.SZ,2024-09-13,calibration_risk;feature_stability_risk;model_confidence_risk;provider_concentration_risk;target_horizon_risk,HIGH_REVIEW_ONLY_DIAGNOSTIC,HIGH,MEDIUM,model_warning,not_evaluated->model_warning,calibration_warning_minimum_warning_state;weak_rank_signal_model_confidence;single_provider_concentration;feature_instability_downgrades;target_horizon_warning_downgrades,calibration_warning_minimum_warning_state@calibration_risk@WARNING;weak_rank_signal_model_confidence@model_confidence_risk@WARNING;single_provider_concentration@provider_concentration_risk@WARNING;feature_instability_downgrades@feature_stability_risk@DEGRADED;target_horizon_warning_downgrades@target_horizon_risk@WARNING,calibration_not_reliable_for_thresholding;feature_sign_instability_bounded;provider_source_concentration_disclosed;selected_score_variant_weak_rank_signal;single_provider_mode_akshare_direct;target_horizon_calibration_warning;weak_target_horizon_rank_signal,calibration_not_reliable_for_thresholding:calibration_risk;feature_sign_instability_bounded:feature_stability_risk;provider_source_concentration_disclosed:provider_concentration_risk;selected_score_variant_weak_rank_signal:model_confidence_risk;single_provider_mode_akshare_direct:provider_concentration_risk;target_horizon_calibration_warning:calibration_risk;weak_target_horizon_rank_signal:target_horizon_risk,none,selected_score_variant=raw_score_based_alpha_ranking;selected_target=excess_fwd_3d_return;selection_label=review_only_selected_baseline_weak_but_bounded;calibration_status=PASS_WITH_WARNINGS;feature_stability_status=PASS_WITH_WARNINGS;provider_concentration_status=PASS_WITH_WARNINGS,input_row=56;source=outputs/samples/stage6c_source_backed_engineering_panel_sample.csv;rule_catalog=goal07a_v1;non_actionable=true,review_only=true;diagnostic_only=true;not_a_recommendation=true;not_a_position=true,true,false,false,false,false,false,false,false,false,false
GOAL-07B,review_only,risk_overlay_diagnostic,2024-09-19,000001.SZ,2024-09-18,calibration_risk;feature_stability_risk;model_confidence_risk;provider_concentration_risk;target_horizon_risk,HIGH_REVIEW_ONLY_DIAGNOSTIC,HIGH,MEDIUM,model_warning,not_evaluated->model_warning,calibration_warning_minimum_warning_state;weak_rank_signal_model_confidence;single_provider_concentration;feature_instability_downgrades;target_horizon_warning_downgrades,calibration_warning_minimum_warning_state@calibration_risk@WARNING;weak_rank_signal_model_confidence@model_confidence_risk@WARNING;single_provider_concentration@provider_concentration_risk@WARNING;feature_instability_downgrades@feature_stability_risk@DEGRADED;target_horizon_warning_downgrades@target_horizon_risk@WARNING,calibration_not_reliable_for_thresholding;feature_sign_instability_bounded;provider_source_concentration_disclosed;selected_score_variant_weak_rank_signal;single_provider_mode_akshare_direct;target_horizon_calibration_warning;weak_target_horizon_rank_signal,calibration_not_reliable_for_thresholding:calibration_risk;feature_sign_instability_bounded:feature_stability_risk;provider_source_concentration_disclosed:provider_concentration_risk;selected_score_variant_weak_rank_signal:model_confidence_risk;single_provider_mode_akshare_direct:provider_concentration_risk;target_horizon_calibration_warning:calibration_risk;weak_target_horizon_rank_signal:target_horizon_risk,none,selected_score_variant=raw_score_based_alpha_ranking;selected_target=excess_fwd_3d_return;selection_label=review_only_selected_baseline_weak_but_bounded;calibration_status=PASS_WITH_WARNINGS;feature_stability_status=PASS_WITH_WARNINGS;provider_concentration_status=PASS_WITH_WARNINGS,input_row=57;source=outputs/samples/stage6c_source_backed_engineering_panel_sample.csv;rule_catalog=goal07a_v1;non_actionable=true,review_only=true;diagnostic_only=true;not_a_recommendation=true;not_a_position=true,true,false,false,false,false,false,false,false,false,false
GOAL-07B,review_only,risk_overlay_diagnostic,2024-09-20,000001.SZ,2024-09-19,calibration_risk;feature_stability_risk;model_confidence_risk;provider_concentration_risk;target_horizon_risk,HIGH_REVIEW_ONLY_DIAGNOSTIC,HIGH,MEDIUM,model_warning,not_evaluated->model_warning,calibration_warning_minimum_warning_state;weak_rank_signal_model_confidence;single_provider_concentration;feature_instability_downgrades;target_horizon_warning_downgrades,calibration_warning_minimum_warning_state@calibration_risk@WARNING;weak_rank_signal_model_confidence@model_confidence_risk@WARNING;single_provider_concentration@provider_concentration_risk@WARNING;feature_instability_downgrades@feature_stability_risk@DEGRADED;target_horizon_warning_downgrades@target_horizon_risk@WARNING,calibration_not_reliable_for_thresholding;feature_sign_instability_bounded;provider_source_concentration_disclosed;selected_score_variant_weak_rank_signal;single_provider_mode_akshare_direct;target_horizon_calibration_warning;weak_target_horizon_rank_signal,calibration_not_reliable_for_thresholding:calibration_risk;feature_sign_instability_bounded:feature_stability_risk;provider_source_concentration_disclosed:provider_concentration_risk;selected_score_variant_weak_rank_signal:model_confidence_risk;single_provider_mode_akshare_direct:provider_concentration_risk;target_horizon_calibration_warning:calibration_risk;weak_target_horizon_rank_signal:target_horizon_risk,none,selected_score_variant=raw_score_based_alpha_ranking;selected_target=excess_fwd_3d_return;selection_label=review_only_selected_baseline_weak_but_bounded;calibration_status=PASS_WITH_WARNINGS;feature_stability_status=PASS_WITH_WARNINGS;provider_concentration_status=PASS_WITH_WARNINGS,input_row=58;source=outputs/samples/stage6c_source_backed_engineering_panel_sample.csv;rule_catalog=goal07a_v1;non_actionable=true,review_only=true;diagnostic_only=true;not_a_recommendation=true;not_a_position=true,true,false,false,false,false,false,false,false,false,false
GOAL-07B,review_only,risk_overlay_diagnostic,2024-09-23,000001.SZ,2024-09-20,calibration_risk;feature_stability_risk;model_confidence_risk;provider_concentration_risk;target_horizon_risk,HIGH_REVIEW_ONLY_DIAGNOSTIC,HIGH,MEDIUM,model_warning,not_evaluated->model_warning,calibration_warning_minimum_warning_state;weak_rank_signal_model_confidence;single_provider_concentration;feature_instability_downgrades;target_horizon_warning_downgrades,calibration_warning_minimum_warning_state@calibration_risk@WARNING;weak_rank_signal_model_confidence@model_confidence_risk@WARNING;single_provider_concentration@provider_concentration_risk@WARNING;feature_instability_downgrades@feature_stability_risk@DEGRADED;target_horizon_warning_downgrades@target_horizon_risk@WARNING,calibration_not_reliable_for_thresholding;feature_sign_instability_bounded;provider_source_concentration_disclosed;selected_score_variant_weak_rank_signal;single_provider_mode_akshare_direct;target_horizon_calibration_warning;weak_target_horizon_rank_signal,calibration_not_reliable_for_thresholding:calibration_risk;feature_sign_instability_bounded:feature_stability_risk;provider_source_concentration_disclosed:provider_concentration_risk;selected_score_variant_weak_rank_signal:model_confidence_risk;single_provider_mode_akshare_direct:provider_concentration_risk;target_horizon_calibration_warning:calibration_risk;weak_target_horizon_rank_signal:target_horizon_risk,none,selected_score_variant=raw_score_based_alpha_ranking;selected_target=excess_fwd_3d_return;selection_label=review_only_selected_baseline_weak_but_bounded;calibration_status=PASS_WITH_WARNINGS;feature_stability_status=PASS_WITH_WARNINGS;provider_concentration_status=PASS_WITH_WARNINGS,input_row=59;source=outputs/samples/stage6c_source_backed_engineering_panel_sample.csv;rule_catalog=goal07a_v1;non_actionable=true,review_only=true;diagnostic_only=true;not_a_recommendation=true;not_a_position=true,true,false,false,false,false,false,false,false,false,false
GOAL-07B,review_only,risk_overlay_diagnostic,2024-09-24,000001.SZ,2024-09-23,calibration_risk;feature_stability_risk;model_confidence_risk;provider_concentration_risk;target_horizon_risk,HIGH_REVIEW_ONLY_DIAGNOSTIC,HIGH,MEDIUM,model_warning,not_evaluated->model_warning,calibration_warning_minimum_warning_state;weak_rank_signal_model_confidence;single_provider_concentration;feature_instability_downgrades;target_horizon_warning_downgrades,calibration_warning_minimum_warning_state@calibration_risk@WARNING;weak_rank_signal_model_confidence@model_confidence_risk@WARNING;single_provider_concentration@provider_concentration_risk@WARNING;feature_instability_downgrades@feature_stability_risk@DEGRADED;target_horizon_warning_downgrades@target_horizon_risk@WARNING,calibration_not_reliable_for_thresholding;feature_sign_instability_bounded;provider_source_concentration_disclosed;selected_score_variant_weak_rank_signal;single_provider_mode_akshare_direct;target_horizon_calibration_warning;weak_target_horizon_rank_signal,calibration_not_reliable_for_thresholding:calibration_risk;feature_sign_instability_bounded:feature_stability_risk;provider_source_concentration_disclosed:provider_concentration_risk;selected_score_variant_weak_rank_signal:model_confidence_risk;single_provider_mode_akshare_direct:provider_concentration_risk;target_horizon_calibration_warning:calibration_risk;weak_target_horizon_rank_signal:target_horizon_risk,none,selected_score_variant=raw_score_based_alpha_ranking;selected_target=excess_fwd_3d_return;selection_label=review_only_selected_baseline_weak_but_bounded;calibration_status=PASS_WITH_WARNINGS;feature_stability_status=PASS_WITH_WARNINGS;provider_concentration_status=PASS_WITH_WARNINGS,input_row=60;source=outputs/samples/stage6c_source_backed_engineering_panel_sample.csv;rule_catalog=goal07a_v1;non_actionable=true,review_only=true;diagnostic_only=true;not_a_recommendation=true;not_a_position=true,true,false,false,false,false,false,false,false,false,false
GOAL-07B,review_only,risk_overlay_diagnostic,2024-09-25,000001.SZ,2024-09-24,calibration_risk;feature_stability_risk;model_confidence_risk;provider_concentration_risk;target_horizon_risk,HIGH_REVIEW_ONLY_DIAGNOSTIC,HIGH,MEDIUM,model_warning,not_evaluated->model_warning,calibration_warning_minimum_warning_state;weak_rank_signal_model_confidence;single_provider_concentration;feature_instability_downgrades;target_horizon_warning_downgrades,calibration_warning_minimum_warning_state@calibration_risk@WARNING;weak_rank_signal_model_confidence@model_confidence_risk@WARNING;single_provider_concentration@provider_concentration_risk@WARNING;feature_instability_downgrades@feature_stability_risk@DEGRADED;target_horizon_warning_downgrades@target_horizon_risk@WARNING,calibration_not_reliable_for_thresholding;feature_sign_instability_bounded;provider_source_concentration_disclosed;selected_score_variant_weak_rank_signal;single_provider_mode_akshare_direct;target_horizon_calibration_warning;weak_target_horizon_rank_signal,calibration_not_reliable_for_thresholding:calibration_risk;feature_sign_instability_bounded:feature_stability_risk;provider_source_concentration_disclosed:provider_concentration_risk;selected_score_variant_weak_rank_signal:model_confidence_risk;single_provider_mode_akshare_direct:provider_concentration_risk;target_horizon_calibration_warning:calibration_risk;weak_target_horizon_rank_signal:target_horizon_risk,none,selected_score_variant=raw_score_based_alpha_ranking;selected_target=excess_fwd_3d_return;selection_label=review_only_selected_baseline_weak_but_bounded;calibration_status=PASS_WITH_WARNINGS;feature_stability_status=PASS_WITH_WARNINGS;provider_concentration_status=PASS_WITH_WARNINGS,input_row=61;source=outputs/samples/stage6c_source_backed_engineering_panel_sample.csv;rule_catalog=goal07a_v1;non_actionable=true,review_only=true;diagnostic_only=true;not_a_recommendation=true;not_a_position=true,true,false,false,false,false,false,false,false,false,false
GOAL-07B,review_only,risk_overlay_diagnostic,2024-09-26,000001.SZ,2024-09-25,calibration_risk;feature_stability_risk;model_confidence_risk;provider_concentration_risk;target_horizon_risk,HIGH_REVIEW_ONLY_DIAGNOSTIC,HIGH,MEDIUM,model_warning,not_evaluated->model_warning,calibration_warning_minimum_warning_state;weak_rank_signal_model_confidence;single_provider_concentration;feature_instability_downgrades;target_horizon_warning_downgrades,calibration_warning_minimum_warning_state@calibration_risk@WARNING;weak_rank_signal_model_confidence@model_confidence_risk@WARNING;single_provider_concentration@provider_concentration_risk@WARNING;feature_instability_downgrades@feature_stability_risk@DEGRADED;target_horizon_warning_downgrades@target_horizon_risk@WARNING,calibration_not_reliable_for_thresholding;feature_sign_instability_bounded;provider_source_concentration_disclosed;selected_score_variant_weak_rank_signal;single_provider_mode_akshare_direct;target_horizon_calibration_warning;weak_target_horizon_rank_signal,calibration_not_reliable_for_thresholding:calibration_risk;feature_sign_instability_bounded:feature_stability_risk;provider_source_concentration_disclosed:provider_concentration_risk;selected_score_variant_weak_rank_signal:model_confidence_risk;single_provider_mode_akshare_direct:provider_concentration_risk;target_horizon_calibration_warning:calibration_risk;weak_target_horizon_rank_signal:target_horizon_risk,none,selected_score_variant=raw_score_based_alpha_ranking;selected_target=excess_fwd_3d_return;selection_label=review_only_selected_baseline_weak_but_bounded;calibration_status=PASS_WITH_WARNINGS;feature_stability_status=PASS_WITH_WARNINGS;provider_concentration_status=PASS_WITH_WARNINGS,input_row=62;source=outputs/samples/stage6c_source_backed_engineering_panel_sample.csv;rule_catalog=goal07a_v1;non_actionable=true,review_only=true;diagnostic_only=true;not_a_recommendation=true;not_a_position=true,true,false,false,false,false,false,false,false,false,false
GOAL-07B,review_only,risk_overlay_diagnostic,2024-09-27,000001.SZ,2024-09-26,calibration_risk;feature_stability_risk;model_confidence_risk;provider_concentration_risk;target_horizon_risk,HIGH_REVIEW_ONLY_DIAGNOSTIC,HIGH,MEDIUM,model_warning,not_evaluated->model_warning,calibration_warning_minimum_warning_state;weak_rank_signal_model_confidence;single_provider_concentration;feature_instability_downgrades;target_horizon_warning_downgrades,calibration_warning_minimum_warning_state@calibration_risk@WARNING;weak_rank_signal_model_confidence@model_confidence_risk@WARNING;single_provider_concentration@provider_concentration_risk@WARNING;feature_instability_downgrades@feature_stability_risk@DEGRADED;target_horizon_warning_downgrades@target_horizon_risk@WARNING,calibration_not_reliable_for_thresholding;feature_sign_instability_bounded;provider_source_concentration_disclosed;selected_score_variant_weak_rank_signal;single_provider_mode_akshare_direct;target_horizon_calibration_warning;weak_target_horizon_rank_signal,calibration_not_reliable_for_thresholding:calibration_risk;feature_sign_instability_bounded:feature_stability_risk;provider_source_concentration_disclosed:provider_concentration_risk;selected_score_variant_weak_rank_signal:model_confidence_risk;single_provider_mode_akshare_direct:provider_concentration_risk;target_horizon_calibration_warning:calibration_risk;weak_target_horizon_rank_signal:target_horizon_risk,none,selected_score_variant=raw_score_based_alpha_ranking;selected_target=excess_fwd_3d_return;selection_label=review_only_selected_baseline_weak_but_bounded;calibration_status=PASS_WITH_WARNINGS;feature_stability_status=PASS_WITH_WARNINGS;provider_concentration_status=PASS_WITH_WARNINGS,input_row=63;source=outputs/samples/stage6c_source_backed_engineering_panel_sample.csv;rule_catalog=goal07a_v1;non_actionable=true,review_only=true;diagnostic_only=true;not_a_recommendation=true;not_a_position=true,true,false,false,false,false,false,false,false,false,false
GOAL-07B,review_only,risk_overlay_diagnostic,2024-09-30,000001.SZ,2024-09-27,calibration_risk;feature_stability_risk;model_confidence_risk;provider_concentration_risk;target_horizon_risk,HIGH_REVIEW_ONLY_DIAGNOSTIC,HIGH,MEDIUM,model_warning,not_evaluated->model_warning,calibration_warning_minimum_warning_state;weak_rank_signal_model_confidence;single_provider_concentration;feature_instability_downgrades;target_horizon_warning_downgrades,calibration_warning_minimum_warning_state@calibration_risk@WARNING;weak_rank_signal_model_confidence@model_confidence_risk@WARNING;single_provider_concentration@provider_concentration_risk@WARNING;feature_instability_downgrades@feature_stability_risk@DEGRADED;target_horizon_warning_downgrades@target_horizon_risk@WARNING,calibration_not_reliable_for_thresholding;feature_sign_instability_bounded;provider_source_concentration_disclosed;selected_score_variant_weak_rank_signal;single_provider_mode_akshare_direct;target_horizon_calibration_warning;weak_target_horizon_rank_signal,calibration_not_reliable_for_thresholding:calibration_risk;feature_sign_instability_bounded:feature_stability_risk;provider_source_concentration_disclosed:provider_concentration_risk;selected_score_variant_weak_rank_signal:model_confidence_risk;single_provider_mode_akshare_direct:provider_concentration_risk;target_horizon_calibration_warning:calibration_risk;weak_target_horizon_rank_signal:target_horizon_risk,none,selected_score_variant=raw_score_based_alpha_ranking;selected_target=excess_fwd_3d_return;selection_label=review_only_selected_baseline_weak_but_bounded;calibration_status=PASS_WITH_WARNINGS;feature_stability_status=PASS_WITH_WARNINGS;provider_concentration_status=PASS_WITH_WARNINGS,input_row=64;source=outputs/samples/stage6c_source_backed_engineering_panel_sample.csv;rule_catalog=goal07a_v1;non_actionable=true,review_only=true;diagnostic_only=true;not_a_recommendation=true;not_a_position=true,true,false,false,false,false,false,false,false,false,false
GOAL-07B,review_only,risk_overlay_diagnostic,2024-10-08,000001.SZ,2024-09-30,calibration_risk;feature_stability_risk;model_confidence_risk;provider_concentration_risk;target_horizon_risk,HIGH_REVIEW_ONLY_DIAGNOSTIC,HIGH,MEDIUM,model_warning,not_evaluated->model_warning,calibration_warning_minimum_warning_state;weak_rank_signal_model_confidence;single_provider_concentration;feature_instability_downgrades;target_horizon_warning_downgrades,calibration_warning_minimum_warning_state@calibration_risk@WARNING;weak_rank_signal_model_confidence@model_confidence_risk@WARNING;single_provider_concentration@provider_concentration_risk@WARNING;feature_instability_downgrades@feature_stability_risk@DEGRADED;target_horizon_warning_downgrades@target_horizon_risk@WARNING,calibration_not_reliable_for_thresholding;feature_sign_instability_bounded;provider_source_concentration_disclosed;selected_score_variant_weak_rank_signal;single_provider_mode_akshare_direct;target_horizon_calibration_warning;weak_target_horizon_rank_signal,calibration_not_reliable_for_thresholding:calibration_risk;feature_sign_instability_bounded:feature_stability_risk;provider_source_concentration_disclosed:provider_concentration_risk;selected_score_variant_weak_rank_signal:model_confidence_risk;single_provider_mode_akshare_direct:provider_concentration_risk;target_horizon_calibration_warning:calibration_risk;weak_target_horizon_rank_signal:target_horizon_risk,none,selected_score_variant=raw_score_based_alpha_ranking;selected_target=excess_fwd_3d_return;selection_label=review_only_selected_baseline_weak_but_bounded;calibration_status=PASS_WITH_WARNINGS;feature_stability_status=PASS_WITH_WARNINGS;provider_concentration_status=PASS_WITH_WARNINGS,input_row=65;source=outputs/samples/stage6c_source_backed_engineering_panel_sample.csv;rule_catalog=goal07a_v1;non_actionable=true,review_only=true;diagnostic_only=true;not_a_recommendation=true;not_a_position=true,true,false,false,false,false,false,false,false,false,false
GOAL-07B,review_only,risk_overlay_diagnostic,2024-10-09,000001.SZ,2024-10-08,calibration_risk;feature_stability_risk;model_confidence_risk;provider_concentration_risk;target_horizon_risk,HIGH_REVIEW_ONLY_DIAGNOSTIC,HIGH,MEDIUM,model_warning,not_evaluated->model_warning,calibration_warning_minimum_warning_state;weak_rank_signal_model_confidence;single_provider_concentration;feature_instability_downgrades;target_horizon_warning_downgrades,calibration_warning_minimum_warning_state@calibration_risk@WARNING;weak_rank_signal_model_confidence@model_confidence_risk@WARNING;single_provider_concentration@provider_concentration_risk@WARNING;feature_instability_downgrades@feature_stability_risk@DEGRADED;target_horizon_warning_downgrades@target_horizon_risk@WARNING,calibration_not_reliable_for_thresholding;feature_sign_instability_bounded;provider_source_concentration_disclosed;selected_score_variant_weak_rank_signal;single_provider_mode_akshare_direct;target_horizon_calibration_warning;weak_target_horizon_rank_signal,calibration_not_reliable_for_thresholding:calibration_risk;feature_sign_instability_bounded:feature_stability_risk;provider_source_concentration_disclosed:provider_concentration_risk;selected_score_variant_weak_rank_signal:model_confidence_risk;single_provider_mode_akshare_direct:provider_concentration_risk;target_horizon_calibration_warning:calibration_risk;weak_target_horizon_rank_signal:target_horizon_risk,none,selected_score_variant=raw_score_based_alpha_ranking;selected_target=excess_fwd_3d_return;selection_label=review_only_selected_baseline_weak_but_bounded;calibration_status=PASS_WITH_WARNINGS;feature_stability_status=PASS_WITH_WARNINGS;provider_concentration_status=PASS_WITH_WARNINGS,input_row=66;source=outputs/samples/stage6c_source_backed_engineering_panel_sample.csv;rule_catalog=goal07a_v1;non_actionable=true,review_only=true;diagnostic_only=true;not_a_recommendation=true;not_a_position=true,true,false,false,false,false,false,false,false,false,false
GOAL-07B,review_only,risk_overlay_diagnostic,2024-10-10,000001.SZ,2024-10-09,calibration_risk;feature_stability_risk;market_regime_risk;model_confidence_risk;provider_concentration_risk;target_horizon_risk,HIGH_REVIEW_ONLY_DIAGNOSTIC,HIGH,MEDIUM,model_warning,not_evaluated->model_warning,calibration_warning_minimum_warning_state;weak_rank_signal_model_confidence;single_provider_concentration;feature_instability_downgrades;target_horizon_warning_downgrades;gap_or_volatility_market_warning,calibration_warning_minimum_warning_state@calibration_risk@WARNING;weak_rank_signal_model_confidence@model_confidence_risk@WARNING;single_provider_concentration@provider_concentration_risk@WARNING;feature_instability_downgrades@feature_stability_risk@DEGRADED;target_horizon_warning_downgrades@target_horizon_risk@WARNING;gap_or_volatility_market_warning@market_regime_risk@WARNING,calibration_not_reliable_for_thresholding;feature_sign_instability_bounded;provider_source_concentration_disclosed;selected_score_variant_weak_rank_signal;single_provider_mode_akshare_direct;target_horizon_calibration_warning;weak_target_horizon_rank_signal,calibration_not_reliable_for_thresholding:calibration_risk;feature_sign_instability_bounded:feature_stability_risk;provider_source_concentration_disclosed:provider_concentration_risk;selected_score_variant_weak_rank_signal:model_confidence_risk;single_provider_mode_akshare_direct:provider_concentration_risk;target_horizon_calibration_warning:calibration_risk;weak_target_horizon_rank_signal:target_horizon_risk,none,selected_score_variant=raw_score_based_alpha_ranking;selected_target=excess_fwd_3d_return;selection_label=review_only_selected_baseline_weak_but_bounded;calibration_status=PASS_WITH_WARNINGS;feature_stability_status=PASS_WITH_WARNINGS;provider_concentration_status=PASS_WITH_WARNINGS,input_row=67;source=outputs/samples/stage6c_source_backed_engineering_panel_sample.csv;rule_catalog=goal07a_v1;non_actionable=true,review_only=true;diagnostic_only=true;not_a_recommendation=true;not_a_position=true,true,false,false,false,false,false,false,false,false,false
GOAL-07B,review_only,risk_overlay_diagnostic,2024-10-11,000001.SZ,2024-10-10,calibration_risk;feature_stability_risk;model_confidence_risk;provider_concentration_risk;target_horizon_risk,HIGH_REVIEW_ONLY_DIAGNOSTIC,HIGH,MEDIUM,model_warning,not_evaluated->model_warning,calibration_warning_minimum_warning_state;weak_rank_signal_model_confidence;single_provider_concentration;feature_instability_downgrades;target_horizon_warning_downgrades,calibration_warning_minimum_warning_state@calibration_risk@WARNING;weak_rank_signal_model_confidence@model_confidence_risk@WARNING;single_provider_concentration@provider_concentration_risk@WARNING;feature_instability_downgrades@feature_stability_risk@DEGRADED;target_horizon_warning_downgrades@target_horizon_risk@WARNING,calibration_not_reliable_for_thresholding;feature_sign_instability_bounded;provider_source_concentration_disclosed;selected_score_variant_weak_rank_signal;single_provider_mode_akshare_direct;target_horizon_calibration_warning;weak_target_horizon_rank_signal,calibration_not_reliable_for_thresholding:calibration_risk;feature_sign_instability_bounded:feature_stability_risk;provider_source_concentration_disclosed:provider_concentration_risk;selected_score_variant_weak_rank_signal:model_confidence_risk;single_provider_mode_akshare_direct:provider_concentration_risk;target_horizon_calibration_warning:calibration_risk;weak_target_horizon_rank_signal:target_horizon_risk,none,selected_score_variant=raw_score_based_alpha_ranking;selected_target=excess_fwd_3d_return;selection_label=review_only_selected_baseline_weak_but_bounded;calibration_status=PASS_WITH_WARNINGS;feature_stability_status=PASS_WITH_WARNINGS;provider_concentration_status=PASS_WITH_WARNINGS,input_row=68;source=outputs/samples/stage6c_source_backed_engineering_panel_sample.csv;rule_catalog=goal07a_v1;non_actionable=true,review_only=true;diagnostic_only=true;not_a_recommendation=true;not_a_position=true,true,false,false,false,false,false,false,false,false,false
GOAL-07B,review_only,risk_overlay_diagnostic,2024-10-14,000001.SZ,2024-10-11,calibration_risk;feature_stability_risk;model_confidence_risk;provider_concentration_risk;target_horizon_risk,HIGH_REVIEW_ONLY_DIAGNOSTIC,HIGH,MEDIUM,model_warning,not_evaluated->model_warning,calibration_warning_minimum_warning_state;weak_rank_signal_model_confidence;single_provider_concentration;feature_instability_downgrades;target_horizon_warning_downgrades,calibration_warning_minimum_warning_state@calibration_risk@WARNING;weak_rank_signal_model_confidence@model_confidence_risk@WARNING;single_provider_concentration@provider_concentration_risk@WARNING;feature_instability_downgrades@feature_stability_risk@DEGRADED;target_horizon_warning_downgrades@target_horizon_risk@WARNING,calibration_not_reliable_for_thresholding;feature_sign_instability_bounded;provider_source_concentration_disclosed;selected_score_variant_weak_rank_signal;single_provider_mode_akshare_direct;target_horizon_calibration_warning;weak_target_horizon_rank_signal,calibration_not_reliable_for_thresholding:calibration_risk;feature_sign_instability_bounded:feature_stability_risk;provider_source_concentration_disclosed:provider_concentration_risk;selected_score_variant_weak_rank_signal:model_confidence_risk;single_provider_mode_akshare_direct:provider_concentration_risk;target_horizon_calibration_warning:calibration_risk;weak_target_horizon_rank_signal:target_horizon_risk,none,selected_score_variant=raw_score_based_alpha_ranking;selected_target=excess_fwd_3d_return;selection_label=review_only_selected_baseline_weak_but_bounded;calibration_status=PASS_WITH_WARNINGS;feature_stability_status=PASS_WITH_WARNINGS;provider_concentration_status=PASS_WITH_WARNINGS,input_row=69;source=outputs/samples/stage6c_source_backed_engineering_panel_sample.csv;rule_catalog=goal07a_v1;non_actionable=true,review_only=true;diagnostic_only=true;not_a_recommendation=true;not_a_position=true,true,false,false,false,false,false,false,false,false,false
GOAL-07B,review_only,risk_overlay_diagnostic,2024-10-15,000001.SZ,2024-10-14,calibration_risk;feature_stability_risk;model_confidence_risk;provider_concentration_risk;target_horizon_risk,HIGH_REVIEW_ONLY_DIAGNOSTIC,HIGH,MEDIUM,model_warning,not_evaluated->model_warning,calibration_warning_minimum_warning_state;weak_rank_signal_model_confidence;single_provider_concentration;feature_instability_downgrades;target_horizon_warning_downgrades,calibration_warning_minimum_warning_state@calibration_risk@WARNING;weak_rank_signal_model_confidence@model_confidence_risk@WARNING;single_provider_concentration@provider_concentration_risk@WARNING;feature_instability_downgrades@feature_stability_risk@DEGRADED;target_horizon_warning_downgrades@target_horizon_risk@WARNING,calibration_not_reliable_for_thresholding;feature_sign_instability_bounded;provider_source_concentration_disclosed;selected_score_variant_weak_rank_signal;single_provider_mode_akshare_direct;target_horizon_calibration_warning;weak_target_horizon_rank_signal,calibration_not_reliable_for_thresholding:calibration_risk;feature_sign_instability_bounded:feature_stability_risk;provider_source_concentration_disclosed:provider_concentration_risk;selected_score_variant_weak_rank_signal:model_confidence_risk;single_provider_mode_akshare_direct:provider_concentration_risk;target_horizon_calibration_warning:calibration_risk;weak_target_horizon_rank_signal:target_horizon_risk,none,selected_score_variant=raw_score_based_alpha_ranking;selected_target=excess_fwd_3d_return;selection_label=review_only_selected_baseline_weak_but_bounded;calibration_status=PASS_WITH_WARNINGS;feature_stability_status=PASS_WITH_WARNINGS;provider_concentration_status=PASS_WITH_WARNINGS,input_row=70;source=outputs/samples/stage6c_source_backed_engineering_panel_sample.csv;rule_catalog=goal07a_v1;non_actionable=true,review_only=true;diagnostic_only=true;not_a_recommendation=true;not_a_position=true,true,false,false,false,false,false,false,false,false,false
GOAL-07B,review_only,risk_overlay_diagnostic,2024-10-16,000001.SZ,2024-10-15,calibration_risk;feature_stability_risk;model_confidence_risk;provider_concentration_risk;target_horizon_risk,HIGH_REVIEW_ONLY_DIAGNOSTIC,HIGH,MEDIUM,model_warning,not_evaluated->model_warning,calibration_warning_minimum_warning_state;weak_rank_signal_model_confidence;single_provider_concentration;feature_instability_downgrades;target_horizon_warning_downgrades,calibration_warning_minimum_warning_state@calibration_risk@WARNING;weak_rank_signal_model_confidence@model_confidence_risk@WARNING;single_provider_concentration@provider_concentration_risk@WARNING;feature_instability_downgrades@feature_stability_risk@DEGRADED;target_horizon_warning_downgrades@target_horizon_risk@WARNING,calibration_not_reliable_for_thresholding;feature_sign_instability_bounded;provider_source_concentration_disclosed;selected_score_variant_weak_rank_signal;single_provider_mode_akshare_direct;target_horizon_calibration_warning;weak_target_horizon_rank_signal,calibration_not_reliable_for_thresholding:calibration_risk;feature_sign_instability_bounded:feature_stability_risk;provider_source_concentration_disclosed:provider_concentration_risk;selected_score_variant_weak_rank_signal:model_confidence_risk;single_provider_mode_akshare_direct:provider_concentration_risk;target_horizon_calibration_warning:calibration_risk;weak_target_horizon_rank_signal:target_horizon_risk,none,selected_score_variant=raw_score_based_alpha_ranking;selected_target=excess_fwd_3d_return;selection_label=review_only_selected_baseline_weak_but_bounded;calibration_status=PASS_WITH_WARNINGS;feature_stability_status=PASS_WITH_WARNINGS;provider_concentration_status=PASS_WITH_WARNINGS,input_row=71;source=outputs/samples/stage6c_source_backed_engineering_panel_sample.csv;rule_catalog=goal07a_v1;non_actionable=true,review_only=true;diagnostic_only=true;not_a_recommendation=true;not_a_position=true,true,false,false,false,false,false,false,false,false,false
GOAL-07B,review_only,risk_overlay_diagnostic,2024-10-17,000001.SZ,2024-10-16,calibration_risk;feature_stability_risk;model_confidence_risk;provider_concentration_risk;target_horizon_risk,HIGH_REVIEW_ONLY_DIAGNOSTIC,HIGH,MEDIUM,model_warning,not_evaluated->model_warning,calibration_warning_minimum_warning_state;weak_rank_signal_model_confidence;single_provider_concentration;feature_instability_downgrades;target_horizon_warning_downgrades,calibration_warning_minimum_warning_state@calibration_risk@WARNING;weak_rank_signal_model_confidence@model_confidence_risk@WARNING;single_provider_concentration@provider_concentration_risk@WARNING;feature_instability_downgrades@feature_stability_risk@DEGRADED;target_horizon_warning_downgrades@target_horizon_risk@WARNING,calibration_not_reliable_for_thresholding;feature_sign_instability_bounded;provider_source_concentration_disclosed;selected_score_variant_weak_rank_signal;single_provider_mode_akshare_direct;target_horizon_calibration_warning;weak_target_horizon_rank_signal,calibration_not_reliable_for_thresholding:calibration_risk;feature_sign_instability_bounded:feature_stability_risk;provider_source_concentration_disclosed:provider_concentration_risk;selected_score_variant_weak_rank_signal:model_confidence_risk;single_provider_mode_akshare_direct:provider_concentration_risk;target_horizon_calibration_warning:calibration_risk;weak_target_horizon_rank_signal:target_horizon_risk,none,selected_score_variant=raw_score_based_alpha_ranking;selected_target=excess_fwd_3d_return;selection_label=review_only_selected_baseline_weak_but_bounded;calibration_status=PASS_WITH_WARNINGS;feature_stability_status=PASS_WITH_WARNINGS;provider_concentration_status=PASS_WITH_WARNINGS,input_row=72;source=outputs/samples/stage6c_source_backed_engineering_panel_sample.csv;rule_catalog=goal07a_v1;non_actionable=true,review_only=true;diagnostic_only=true;not_a_recommendation=true;not_a_position=true,true,false,false,false,false,false,false,false,false,false
GOAL-07B,review_only,risk_overlay_diagnostic,2024-10-18,000001.SZ,2024-10-17,calibration_risk;feature_stability_risk;model_confidence_risk;provider_concentration_risk;target_horizon_risk,HIGH_REVIEW_ONLY_DIAGNOSTIC,HIGH,MEDIUM,model_warning,not_evaluated->model_warning,calibration_warning_minimum_warning_state;weak_rank_signal_model_confidence;single_provider_concentration;feature_instability_downgrades;target_horizon_warning_downgrades,calibration_warning_minimum_warning_state@calibration_risk@WARNING;weak_rank_signal_model_confidence@model_confidence_risk@WARNING;single_provider_concentration@provider_concentration_risk@WARNING;feature_instability_downgrades@feature_stability_risk@DEGRADED;target_horizon_warning_downgrades@target_horizon_risk@WARNING,calibration_not_reliable_for_thresholding;feature_sign_instability_bounded;provider_source_concentration_disclosed;selected_score_variant_weak_rank_signal;single_provider_mode_akshare_direct;target_horizon_calibration_warning;weak_target_horizon_rank_signal,calibration_not_reliable_for_thresholding:calibration_risk;feature_sign_instability_bounded:feature_stability_risk;provider_source_concentration_disclosed:provider_concentration_risk;selected_score_variant_weak_rank_signal:model_confidence_risk;single_provider_mode_akshare_direct:provider_concentration_risk;target_horizon_calibration_warning:calibration_risk;weak_target_horizon_rank_signal:target_horizon_risk,none,selected_score_variant=raw_score_based_alpha_ranking;selected_target=excess_fwd_3d_return;selection_label=review_only_selected_baseline_weak_but_bounded;calibration_status=PASS_WITH_WARNINGS;feature_stability_status=PASS_WITH_WARNINGS;provider_concentration_status=PASS_WITH_WARNINGS,input_row=73;source=outputs/samples/stage6c_source_backed_engineering_panel_sample.csv;rule_catalog=goal07a_v1;non_actionable=true,review_only=true;diagnostic_only=true;not_a_recommendation=true;not_a_position=true,true,false,false,false,false,false,false,false,false,false
GOAL-07B,review_only,risk_overlay_diagnostic,2024-10-21,000001.SZ,2024-10-18,calibration_risk;feature_stability_risk;model_confidence_risk;provider_concentration_risk;target_horizon_risk,HIGH_REVIEW_ONLY_DIAGNOSTIC,HIGH,MEDIUM,model_warning,not_evaluated->model_warning,calibration_warning_minimum_warning_state;weak_rank_signal_model_confidence;single_provider_concentration;feature_instability_downgrades;target_horizon_warning_downgrades,calibration_warning_minimum_warning_state@calibration_risk@WARNING;weak_rank_signal_model_confidence@model_confidence_risk@WARNING;single_provider_concentration@provider_concentration_risk@WARNING;feature_instability_downgrades@feature_stability_risk@DEGRADED;target_horizon_warning_downgrades@target_horizon_risk@WARNING,calibration_not_reliable_for_thresholding;feature_sign_instability_bounded;provider_source_concentration_disclosed;selected_score_variant_weak_rank_signal;single_provider_mode_akshare_direct;target_horizon_calibration_warning;weak_target_horizon_rank_signal,calibration_not_reliable_for_thresholding:calibration_risk;feature_sign_instability_bounded:feature_stability_risk;provider_source_concentration_disclosed:provider_concentration_risk;selected_score_variant_weak_rank_signal:model_confidence_risk;single_provider_mode_akshare_direct:provider_concentration_risk;target_horizon_calibration_warning:calibration_risk;weak_target_horizon_rank_signal:target_horizon_risk,none,selected_score_variant=raw_score_based_alpha_ranking;selected_target=excess_fwd_3d_return;selection_label=review_only_selected_baseline_weak_but_bounded;calibration_status=PASS_WITH_WARNINGS;feature_stability_status=PASS_WITH_WARNINGS;provider_concentration_status=PASS_WITH_WARNINGS,input_row=74;source=outputs/samples/stage6c_source_backed_engineering_panel_sample.csv;rule_catalog=goal07a_v1;non_actionable=true,review_only=true;diagnostic_only=true;not_a_recommendation=true;not_a_position=true,true,false,false,false,false,false,false,false,false,false
GOAL-07B,review_only,risk_overlay_diagnostic,2024-10-22,000001.SZ,2024-10-21,calibration_risk;feature_stability_risk;model_confidence_risk;provider_concentration_risk;target_horizon_risk,HIGH_REVIEW_ONLY_DIAGNOSTIC,HIGH,MEDIUM,model_warning,not_evaluated->model_warning,calibration_warning_minimum_warning_state;weak_rank_signal_model_confidence;single_provider_concentration;feature_instability_downgrades;target_horizon_warning_downgrades,calibration_warning_minimum_warning_state@calibration_risk@WARNING;weak_rank_signal_model_confidence@model_confidence_risk@WARNING;single_provider_concentration@provider_concentration_risk@WARNING;feature_instability_downgrades@feature_stability_risk@DEGRADED;target_horizon_warning_downgrades@target_horizon_risk@WARNING,calibration_not_reliable_for_thresholding;feature_sign_instability_bounded;provider_source_concentration_disclosed;selected_score_variant_weak_rank_signal;single_provider_mode_akshare_direct;target_horizon_calibration_warning;weak_target_horizon_rank_signal,calibration_not_reliable_for_thresholding:calibration_risk;feature_sign_instability_bounded:feature_stability_risk;provider_source_concentration_disclosed:provider_concentration_risk;selected_score_variant_weak_rank_signal:model_confidence_risk;single_provider_mode_akshare_direct:provider_concentration_risk;target_horizon_calibration_warning:calibration_risk;weak_target_horizon_rank_signal:target_horizon_risk,none,selected_score_variant=raw_score_based_alpha_ranking;selected_target=excess_fwd_3d_return;selection_label=review_only_selected_baseline_weak_but_bounded;calibration_status=PASS_WITH_WARNINGS;feature_stability_status=PASS_WITH_WARNINGS;provider_concentration_status=PASS_WITH_WARNINGS,input_row=75;source=outputs/samples/stage6c_source_backed_engineering_panel_sample.csv;rule_catalog=goal07a_v1;non_actionable=true,review_only=true;diagnostic_only=true;not_a_recommendation=true;not_a_position=true,true,false,false,false,false,false,false,false,false,false
GOAL-07B,review_only,risk_overlay_diagnostic,2024-10-23,000001.SZ,2024-10-22,calibration_risk;feature_stability_risk;model_confidence_risk;provider_concentration_risk;target_horizon_risk,HIGH_REVIEW_ONLY_DIAGNOSTIC,HIGH,MEDIUM,model_warning,not_evaluated->model_warning,calibration_warning_minimum_warning_state;weak_rank_signal_model_confidence;single_provider_concentration;feature_instability_downgrades;target_horizon_warning_downgrades,calibration_warning_minimum_warning_state@calibration_risk@WARNING;weak_rank_signal_model_confidence@model_confidence_risk@WARNING;single_provider_concentration@provider_concentration_risk@WARNING;feature_instability_downgrades@feature_stability_risk@DEGRADED;target_horizon_warning_downgrades@target_horizon_risk@WARNING,calibration_not_reliable_for_thresholding;feature_sign_instability_bounded;provider_source_concentration_disclosed;selected_score_variant_weak_rank_signal;single_provider_mode_akshare_direct;target_horizon_calibration_warning;weak_target_horizon_rank_signal,calibration_not_reliable_for_thresholding:calibration_risk;feature_sign_instability_bounded:feature_stability_risk;provider_source_concentration_disclosed:provider_concentration_risk;selected_score_variant_weak_rank_signal:model_confidence_risk;single_provider_mode_akshare_direct:provider_concentration_risk;target_horizon_calibration_warning:calibration_risk;weak_target_horizon_rank_signal:target_horizon_risk,none,selected_score_variant=raw_score_based_alpha_ranking;selected_target=excess_fwd_3d_return;selection_label=review_only_selected_baseline_weak_but_bounded;calibration_status=PASS_WITH_WARNINGS;feature_stability_status=PASS_WITH_WARNINGS;provider_concentration_status=PASS_WITH_WARNINGS,input_row=76;source=outputs/samples/stage6c_source_backed_engineering_panel_sample.csv;rule_catalog=goal07a_v1;non_actionable=true,review_only=true;diagnostic_only=true;not_a_recommendation=true;not_a_position=true,true,false,false,false,false,false,false,false,false,false
GOAL-07B,review_only,risk_overlay_diagnostic,2024-10-24,000001.SZ,2024-10-23,calibration_risk;feature_stability_risk;model_confidence_risk;provider_concentration_risk;target_horizon_risk,HIGH_REVIEW_ONLY_DIAGNOSTIC,HIGH,MEDIUM,model_warning,not_evaluated->model_warning,calibration_warning_minimum_warning_state;weak_rank_signal_model_confidence;single_provider_concentration;feature_instability_downgrades;target_horizon_warning_downgrades,calibration_warning_minimum_warning_state@calibration_risk@WARNING;weak_rank_signal_model_confidence@model_confidence_risk@WARNING;single_provider_concentration@provider_concentration_risk@WARNING;feature_instability_downgrades@feature_stability_risk@DEGRADED;target_horizon_warning_downgrades@target_horizon_risk@WARNING,calibration_not_reliable_for_thresholding;feature_sign_instability_bounded;provider_source_concentration_disclosed;selected_score_variant_weak_rank_signal;single_provider_mode_akshare_direct;target_horizon_calibration_warning;weak_target_horizon_rank_signal,calibration_not_reliable_for_thresholding:calibration_risk;feature_sign_instability_bounded:feature_stability_risk;provider_source_concentration_disclosed:provider_concentration_risk;selected_score_variant_weak_rank_signal:model_confidence_risk;single_provider_mode_akshare_direct:provider_concentration_risk;target_horizon_calibration_warning:calibration_risk;weak_target_horizon_rank_signal:target_horizon_risk,none,selected_score_variant=raw_score_based_alpha_ranking;selected_target=excess_fwd_3d_return;selection_label=review_only_selected_baseline_weak_but_bounded;calibration_status=PASS_WITH_WARNINGS;feature_stability_status=PASS_WITH_WARNINGS;provider_concentration_status=PASS_WITH_WARNINGS,input_row=77;source=outputs/samples/stage6c_source_backed_engineering_panel_sample.csv;rule_catalog=goal07a_v1;non_actionable=true,review_only=true;diagnostic_only=true;not_a_recommendation=true;not_a_position=true,true,false,false,false,false,false,false,false,false,false
GOAL-07B,review_only,risk_overlay_diagnostic,2024-10-25,000001.SZ,2024-10-24,calibration_risk;feature_stability_risk;model_confidence_risk;provider_concentration_risk;target_horizon_risk,HIGH_REVIEW_ONLY_DIAGNOSTIC,HIGH,MEDIUM,model_warning,not_evaluated->model_warning,calibration_warning_minimum_warning_state;weak_rank_signal_model_confidence;single_provider_concentration;feature_instability_downgrades;target_horizon_warning_downgrades,calibration_warning_minimum_warning_state@calibration_risk@WARNING;weak_rank_signal_model_confidence@model_confidence_risk@WARNING;single_provider_concentration@provider_concentration_risk@WARNING;feature_instability_downgrades@feature_stability_risk@DEGRADED;target_horizon_warning_downgrades@target_horizon_risk@WARNING,calibration_not_reliable_for_thresholding;feature_sign_instability_bounded;provider_source_concentration_disclosed;selected_score_variant_weak_rank_signal;single_provider_mode_akshare_direct;target_horizon_calibration_warning;weak_target_horizon_rank_signal,calibration_not_reliable_for_thresholding:calibration_risk;feature_sign_instability_bounded:feature_stability_risk;provider_source_concentration_disclosed:provider_concentration_risk;selected_score_variant_weak_rank_signal:model_confidence_risk;single_provider_mode_akshare_direct:provider_concentration_risk;target_horizon_calibration_warning:calibration_risk;weak_target_horizon_rank_signal:target_horizon_risk,none,selected_score_variant=raw_score_based_alpha_ranking;selected_target=excess_fwd_3d_return;selection_label=review_only_selected_baseline_weak_but_bounded;calibration_status=PASS_WITH_WARNINGS;feature_stability_status=PASS_WITH_WARNINGS;provider_concentration_status=PASS_WITH_WARNINGS,input_row=78;source=outputs/samples/stage6c_source_backed_engineering_panel_sample.csv;rule_catalog=goal07a_v1;non_actionable=true,review_only=true;diagnostic_only=true;not_a_recommendation=true;not_a_position=true,true,false,false,false,false,false,false,false,false,false
GOAL-07B,review_only,risk_overlay_diagnostic,2024-10-28,000001.SZ,2024-10-25,calibration_risk;feature_stability_risk;model_confidence_risk;provider_concentration_risk;target_horizon_risk,HIGH_REVIEW_ONLY_DIAGNOSTIC,HIGH,MEDIUM,model_warning,not_evaluated->model_warning,calibration_warning_minimum_warning_state;weak_rank_signal_model_confidence;single_provider_concentration;feature_instability_downgrades;target_horizon_warning_downgrades,calibration_warning_minimum_warning_state@calibration_risk@WARNING;weak_rank_signal_model_confidence@model_confidence_risk@WARNING;single_provider_concentration@provider_concentration_risk@WARNING;feature_instability_downgrades@feature_stability_risk@DEGRADED;target_horizon_warning_downgrades@target_horizon_risk@WARNING,calibration_not_reliable_for_thresholding;feature_sign_instability_bounded;provider_source_concentration_disclosed;selected_score_variant_weak_rank_signal;single_provider_mode_akshare_direct;target_horizon_calibration_warning;weak_target_horizon_rank_signal,calibration_not_reliable_for_thresholding:calibration_risk;feature_sign_instability_bounded:feature_stability_risk;provider_source_concentration_disclosed:provider_concentration_risk;selected_score_variant_weak_rank_signal:model_confidence_risk;single_provider_mode_akshare_direct:provider_concentration_risk;target_horizon_calibration_warning:calibration_risk;weak_target_horizon_rank_signal:target_horizon_risk,none,selected_score_variant=raw_score_based_alpha_ranking;selected_target=excess_fwd_3d_return;selection_label=review_only_selected_baseline_weak_but_bounded;calibration_status=PASS_WITH_WARNINGS;feature_stability_status=PASS_WITH_WARNINGS;provider_concentration_status=PASS_WITH_WARNINGS,input_row=79;source=outputs/samples/stage6c_source_backed_engineering_panel_sample.csv;rule_catalog=goal07a_v1;non_actionable=true,review_only=true;diagnostic_only=true;not_a_recommendation=true;not_a_position=true,true,false,false,false,false,false,false,false,false,false
GOAL-07B,review_only,risk_overlay_diagnostic,2024-10-29,000001.SZ,2024-10-28,calibration_risk;feature_stability_risk;model_confidence_risk;provider_concentration_risk;target_horizon_risk,HIGH_REVIEW_ONLY_DIAGNOSTIC,HIGH,MEDIUM,model_warning,not_evaluated->model_warning,calibration_warning_minimum_warning_state;weak_rank_signal_model_confidence;single_provider_concentration;feature_instability_downgrades;target_horizon_warning_downgrades,calibration_warning_minimum_warning_state@calibration_risk@WARNING;weak_rank_signal_model_confidence@model_confidence_risk@WARNING;single_provider_concentration@provider_concentration_risk@WARNING;feature_instability_downgrades@feature_stability_risk@DEGRADED;target_horizon_warning_downgrades@target_horizon_risk@WARNING,calibration_not_reliable_for_thresholding;feature_sign_instability_bounded;provider_source_concentration_disclosed;selected_score_variant_weak_rank_signal;single_provider_mode_akshare_direct;target_horizon_calibration_warning;weak_target_horizon_rank_signal,calibration_not_reliable_for_thresholding:calibration_risk;feature_sign_instability_bounded:feature_stability_risk;provider_source_concentration_disclosed:provider_concentration_risk;selected_score_variant_weak_rank_signal:model_confidence_risk;single_provider_mode_akshare_direct:provider_concentration_risk;target_horizon_calibration_warning:calibration_risk;weak_target_horizon_rank_signal:target_horizon_risk,none,selected_score_variant=raw_score_based_alpha_ranking;selected_target=excess_fwd_3d_return;selection_label=review_only_selected_baseline_weak_but_bounded;calibration_status=PASS_WITH_WARNINGS;feature_stability_status=PASS_WITH_WARNINGS;provider_concentration_status=PASS_WITH_WARNINGS,input_row=80;source=outputs/samples/stage6c_source_backed_engineering_panel_sample.csv;rule_catalog=goal07a_v1;non_actionable=true,review_only=true;diagnostic_only=true;not_a_recommendation=true;not_a_position=true,true,false,false,false,false,false,false,false,false,false
GOAL-07B,review_only,risk_overlay_diagnostic,2024-10-30,000001.SZ,2024-10-29,calibration_risk;feature_stability_risk;model_confidence_risk;provider_concentration_risk;target_horizon_risk,HIGH_REVIEW_ONLY_DIAGNOSTIC,HIGH,MEDIUM,model_warning,not_evaluated->model_warning,calibration_warning_minimum_warning_state;weak_rank_signal_model_confidence;single_provider_concentration;feature_instability_downgrades;target_horizon_warning_downgrades,calibration_warning_minimum_warning_state@calibration_risk@WARNING;weak_rank_signal_model_confidence@model_confidence_risk@WARNING;single_provider_concentration@provider_concentration_risk@WARNING;feature_instability_downgrades@feature_stability_risk@DEGRADED;target_horizon_warning_downgrades@target_horizon_risk@WARNING,calibration_not_reliable_for_thresholding;feature_sign_instability_bounded;provider_source_concentration_disclosed;selected_score_variant_weak_rank_signal;single_provider_mode_akshare_direct;target_horizon_calibration_warning;weak_target_horizon_rank_signal,calibration_not_reliable_for_thresholding:calibration_risk;feature_sign_instability_bounded:feature_stability_risk;provider_source_concentration_disclosed:provider_concentration_risk;selected_score_variant_weak_rank_signal:model_confidence_risk;single_provider_mode_akshare_direct:provider_concentration_risk;target_horizon_calibration_warning:calibration_risk;weak_target_horizon_rank_signal:target_horizon_risk,none,selected_score_variant=raw_score_based_alpha_ranking;selected_target=excess_fwd_3d_return;selection_label=review_only_selected_baseline_weak_but_bounded;calibration_status=PASS_WITH_WARNINGS;feature_stability_status=PASS_WITH_WARNINGS;provider_concentration_status=PASS_WITH_WARNINGS,input_row=81;source=outputs/samples/stage6c_source_backed_engineering_panel_sample.csv;rule_catalog=goal07a_v1;non_actionable=true,review_only=true;diagnostic_only=true;not_a_recommendation=true;not_a_position=true,true,false,false,false,false,false,false,false,false,false
GOAL-07B,review_only,risk_overlay_diagnostic,2024-10-31,000001.SZ,2024-10-30,calibration_risk;feature_stability_risk;model_confidence_risk;provider_concentration_risk;target_horizon_risk,HIGH_REVIEW_ONLY_DIAGNOSTIC,HIGH,MEDIUM,model_warning,not_evaluated->model_warning,calibration_warning_minimum_warning_state;weak_rank_signal_model_confidence;single_provider_concentration;feature_instability_downgrades;target_horizon_warning_downgrades,calibration_warning_minimum_warning_state@calibration_risk@WARNING;weak_rank_signal_model_confidence@model_confidence_risk@WARNING;single_provider_concentration@provider_concentration_risk@WARNING;feature_instability_downgrades@feature_stability_risk@DEGRADED;target_horizon_warning_downgrades@target_horizon_risk@WARNING,calibration_not_reliable_for_thresholding;feature_sign_instability_bounded;provider_source_concentration_disclosed;selected_score_variant_weak_rank_signal;single_provider_mode_akshare_direct;target_horizon_calibration_warning;weak_target_horizon_rank_signal,calibration_not_reliable_for_thresholding:calibration_risk;feature_sign_instability_bounded:feature_stability_risk;provider_source_concentration_disclosed:provider_concentration_risk;selected_score_variant_weak_rank_signal:model_confidence_risk;single_provider_mode_akshare_direct:provider_concentration_risk;target_horizon_calibration_warning:calibration_risk;weak_target_horizon_rank_signal:target_horizon_risk,none,selected_score_variant=raw_score_based_alpha_ranking;selected_target=excess_fwd_3d_return;selection_label=review_only_selected_baseline_weak_but_bounded;calibration_status=PASS_WITH_WARNINGS;feature_stability_status=PASS_WITH_WARNINGS;provider_concentration_status=PASS_WITH_WARNINGS,input_row=82;source=outputs/samples/stage6c_source_backed_engineering_panel_sample.csv;rule_catalog=goal07a_v1;non_actionable=true,review_only=true;diagnostic_only=true;not_a_recommendation=true;not_a_position=true,true,false,false,false,false,false,false,false,false,false
GOAL-07B,review_only,risk_overlay_diagnostic,2024-11-01,000001.SZ,2024-10-31,calibration_risk;feature_stability_risk;model_confidence_risk;provider_concentration_risk;target_horizon_risk,HIGH_REVIEW_ONLY_DIAGNOSTIC,HIGH,MEDIUM,model_warning,not_evaluated->model_warning,calibration_warning_minimum_warning_state;weak_rank_signal_model_confidence;single_provider_concentration;feature_instability_downgrades;target_horizon_warning_downgrades,calibration_warning_minimum_warning_state@calibration_risk@WARNING;weak_rank_signal_model_confidence@model_confidence_risk@WARNING;single_provider_concentration@provider_concentration_risk@WARNING;feature_instability_downgrades@feature_stability_risk@DEGRADED;target_horizon_warning_downgrades@target_horizon_risk@WARNING,calibration_not_reliable_for_thresholding;feature_sign_instability_bounded;provider_source_concentration_disclosed;selected_score_variant_weak_rank_signal;single_provider_mode_akshare_direct;target_horizon_calibration_warning;weak_target_horizon_rank_signal,calibration_not_reliable_for_thresholding:calibration_risk;feature_sign_instability_bounded:feature_stability_risk;provider_source_concentration_disclosed:provider_concentration_risk;selected_score_variant_weak_rank_signal:model_confidence_risk;single_provider_mode_akshare_direct:provider_concentration_risk;target_horizon_calibration_warning:calibration_risk;weak_target_horizon_rank_signal:target_horizon_risk,none,selected_score_variant=raw_score_based_alpha_ranking;selected_target=excess_fwd_3d_return;selection_label=review_only_selected_baseline_weak_but_bounded;calibration_status=PASS_WITH_WARNINGS;feature_stability_status=PASS_WITH_WARNINGS;provider_concentration_status=PASS_WITH_WARNINGS,input_row=83;source=outputs/samples/stage6c_source_backed_engineering_panel_sample.csv;rule_catalog=goal07a_v1;non_actionable=true,review_only=true;diagnostic_only=true;not_a_recommendation=true;not_a_position=true,true,false,false,false,false,false,false,false,false,false
GOAL-07B,review_only,risk_overlay_diagnostic,2024-11-04,000001.SZ,2024-11-01,calibration_risk;feature_stability_risk;model_confidence_risk;provider_concentration_risk;target_horizon_risk,HIGH_REVIEW_ONLY_DIAGNOSTIC,HIGH,MEDIUM,model_warning,not_evaluated->model_warning,calibration_warning_minimum_warning_state;weak_rank_signal_model_confidence;single_provider_concentration;feature_instability_downgrades;target_horizon_warning_downgrades,calibration_warning_minimum_warning_state@calibration_risk@WARNING;weak_rank_signal_model_confidence@model_confidence_risk@WARNING;single_provider_concentration@provider_concentration_risk@WARNING;feature_instability_downgrades@feature_stability_risk@DEGRADED;target_horizon_warning_downgrades@target_horizon_risk@WARNING,calibration_not_reliable_for_thresholding;feature_sign_instability_bounded;provider_source_concentration_disclosed;selected_score_variant_weak_rank_signal;single_provider_mode_akshare_direct;target_horizon_calibration_warning;weak_target_horizon_rank_signal,calibration_not_reliable_for_thresholding:calibration_risk;feature_sign_instability_bounded:feature_stability_risk;provider_source_concentration_disclosed:provider_concentration_risk;selected_score_variant_weak_rank_signal:model_confidence_risk;single_provider_mode_akshare_direct:provider_concentration_risk;target_horizon_calibration_warning:calibration_risk;weak_target_horizon_rank_signal:target_horizon_risk,none,selected_score_variant=raw_score_based_alpha_ranking;selected_target=excess_fwd_3d_return;selection_label=review_only_selected_baseline_weak_but_bounded;calibration_status=PASS_WITH_WARNINGS;feature_stability_status=PASS_WITH_WARNINGS;provider_concentration_status=PASS_WITH_WARNINGS,input_row=84;source=outputs/samples/stage6c_source_backed_engineering_panel_sample.csv;rule_catalog=goal07a_v1;non_actionable=true,review_only=true;diagnostic_only=true;not_a_recommendation=true;not_a_position=true,true,false,false,false,false,false,false,false,false,false
GOAL-07B,review_only,risk_overlay_diagnostic,2024-11-05,000001.SZ,2024-11-04,calibration_risk;feature_stability_risk;model_confidence_risk;provider_concentration_risk;target_horizon_risk,HIGH_REVIEW_ONLY_DIAGNOSTIC,HIGH,MEDIUM,model_warning,not_evaluated->model_warning,calibration_warning_minimum_warning_state;weak_rank_signal_model_confidence;single_provider_concentration;feature_instability_downgrades;target_horizon_warning_downgrades,calibration_warning_minimum_warning_state@calibration_risk@WARNING;weak_rank_signal_model_confidence@model_confidence_risk@WARNING;single_provider_concentration@provider_concentration_risk@WARNING;feature_instability_downgrades@feature_stability_risk@DEGRADED;target_horizon_warning_downgrades@target_horizon_risk@WARNING,calibration_not_reliable_for_thresholding;feature_sign_instability_bounded;provider_source_concentration_disclosed;selected_score_variant_weak_rank_signal;single_provider_mode_akshare_direct;target_horizon_calibration_warning;weak_target_horizon_rank_signal,calibration_not_reliable_for_thresholding:calibration_risk;feature_sign_instability_bounded:feature_stability_risk;provider_source_concentration_disclosed:provider_concentration_risk;selected_score_variant_weak_rank_signal:model_confidence_risk;single_provider_mode_akshare_direct:provider_concentration_risk;target_horizon_calibration_warning:calibration_risk;weak_target_horizon_rank_signal:target_horizon_risk,none,selected_score_variant=raw_score_based_alpha_ranking;selected_target=excess_fwd_3d_return;selection_label=review_only_selected_baseline_weak_but_bounded;calibration_status=PASS_WITH_WARNINGS;feature_stability_status=PASS_WITH_WARNINGS;provider_concentration_status=PASS_WITH_WARNINGS,input_row=85;source=outputs/samples/stage6c_source_backed_engineering_panel_sample.csv;rule_catalog=goal07a_v1;non_actionable=true,review_only=true;diagnostic_only=true;not_a_recommendation=true;not_a_position=true,true,false,false,false,false,false,false,false,false,false
GOAL-07B,review_only,risk_overlay_diagnostic,2024-11-06,000001.SZ,2024-11-05,calibration_risk;feature_stability_risk;model_confidence_risk;provider_concentration_risk;target_horizon_risk,HIGH_REVIEW_ONLY_DIAGNOSTIC,HIGH,MEDIUM,model_warning,not_evaluated->model_warning,calibration_warning_minimum_warning_state;weak_rank_signal_model_confidence;single_provider_concentration;feature_instability_downgrades;target_horizon_warning_downgrades,calibration_warning_minimum_warning_state@calibration_risk@WARNING;weak_rank_signal_model_confidence@model_confidence_risk@WARNING;single_provider_concentration@provider_concentration_risk@WARNING;feature_instability_downgrades@feature_stability_risk@DEGRADED;target_horizon_warning_downgrades@target_horizon_risk@WARNING,calibration_not_reliable_for_thresholding;feature_sign_instability_bounded;provider_source_concentration_disclosed;selected_score_variant_weak_rank_signal;single_provider_mode_akshare_direct;target_horizon_calibration_warning;weak_target_horizon_rank_signal,calibration_not_reliable_for_thresholding:calibration_risk;feature_sign_instability_bounded:feature_stability_risk;provider_source_concentration_disclosed:provider_concentration_risk;selected_score_variant_weak_rank_signal:model_confidence_risk;single_provider_mode_akshare_direct:provider_concentration_risk;target_horizon_calibration_warning:calibration_risk;weak_target_horizon_rank_signal:target_horizon_risk,none,selected_score_variant=raw_score_based_alpha_ranking;selected_target=excess_fwd_3d_return;selection_label=review_only_selected_baseline_weak_but_bounded;calibration_status=PASS_WITH_WARNINGS;feature_stability_status=PASS_WITH_WARNINGS;provider_concentration_status=PASS_WITH_WARNINGS,input_row=86;source=outputs/samples/stage6c_source_backed_engineering_panel_sample.csv;rule_catalog=goal07a_v1;non_actionable=true,review_only=true;diagnostic_only=true;not_a_recommendation=true;not_a_position=true,true,false,false,false,false,false,false,false,false,false
GOAL-07B,review_only,risk_overlay_diagnostic,2024-11-07,000001.SZ,2024-11-06,calibration_risk;feature_stability_risk;model_confidence_risk;provider_concentration_risk;target_horizon_risk,HIGH_REVIEW_ONLY_DIAGNOSTIC,HIGH,MEDIUM,model_warning,not_evaluated->model_warning,calibration_warning_minimum_warning_state;weak_rank_signal_model_confidence;single_provider_concentration;feature_instability_downgrades;target_horizon_warning_downgrades,calibration_warning_minimum_warning_state@calibration_risk@WARNING;weak_rank_signal_model_confidence@model_confidence_risk@WARNING;single_provider_concentration@provider_concentration_risk@WARNING;feature_instability_downgrades@feature_stability_risk@DEGRADED;target_horizon_warning_downgrades@target_horizon_risk@WARNING,calibration_not_reliable_for_thresholding;feature_sign_instability_bounded;provider_source_concentration_disclosed;selected_score_variant_weak_rank_signal;single_provider_mode_akshare_direct;target_horizon_calibration_warning;weak_target_horizon_rank_signal,calibration_not_reliable_for_thresholding:calibration_risk;feature_sign_instability_bounded:feature_stability_risk;provider_source_concentration_disclosed:provider_concentration_risk;selected_score_variant_weak_rank_signal:model_confidence_risk;single_provider_mode_akshare_direct:provider_concentration_risk;target_horizon_calibration_warning:calibration_risk;weak_target_horizon_rank_signal:target_horizon_risk,none,selected_score_variant=raw_score_based_alpha_ranking;selected_target=excess_fwd_3d_return;selection_label=review_only_selected_baseline_weak_but_bounded;calibration_status=PASS_WITH_WARNINGS;feature_stability_status=PASS_WITH_WARNINGS;provider_concentration_status=PASS_WITH_WARNINGS,input_row=87;source=outputs/samples/stage6c_source_backed_engineering_panel_sample.csv;rule_catalog=goal07a_v1;non_actionable=true,review_only=true;diagnostic_only=true;not_a_recommendation=true;not_a_position=true,true,false,false,false,false,false,false,false,false,false
GOAL-07B,review_only,risk_overlay_diagnostic,2024-11-08,000001.SZ,2024-11-07,calibration_risk;feature_stability_risk;model_confidence_risk;provider_concentration_risk;target_horizon_risk,HIGH_REVIEW_ONLY_DIAGNOSTIC,HIGH,MEDIUM,model_warning,not_evaluated->model_warning,calibration_warning_minimum_warning_state;weak_rank_signal_model_confidence;single_provider_concentration;feature_instability_downgrades;target_horizon_warning_downgrades,calibration_warning_minimum_warning_state@calibration_risk@WARNING;weak_rank_signal_model_confidence@model_confidence_risk@WARNING;single_provider_concentration@provider_concentration_risk@WARNING;feature_instability_downgrades@feature_stability_risk@DEGRADED;target_horizon_warning_downgrades@target_horizon_risk@WARNING,calibration_not_reliable_for_thresholding;feature_sign_instability_bounded;provider_source_concentration_disclosed;selected_score_variant_weak_rank_signal;single_provider_mode_akshare_direct;target_horizon_calibration_warning;weak_target_horizon_rank_signal,calibration_not_reliable_for_thresholding:calibration_risk;feature_sign_instability_bounded:feature_stability_risk;provider_source_concentration_disclosed:provider_concentration_risk;selected_score_variant_weak_rank_signal:model_confidence_risk;single_provider_mode_akshare_direct:provider_concentration_risk;target_horizon_calibration_warning:calibration_risk;weak_target_horizon_rank_signal:target_horizon_risk,none,selected_score_variant=raw_score_based_alpha_ranking;selected_target=excess_fwd_3d_return;selection_label=review_only_selected_baseline_weak_but_bounded;calibration_status=PASS_WITH_WARNINGS;feature_stability_status=PASS_WITH_WARNINGS;provider_concentration_status=PASS_WITH_WARNINGS,input_row=88;source=outputs/samples/stage6c_source_backed_engineering_panel_sample.csv;rule_catalog=goal07a_v1;non_actionable=true,review_only=true;diagnostic_only=true;not_a_recommendation=true;not_a_position=true,true,false,false,false,false,false,false,false,false,false
GOAL-07B,review_only,risk_overlay_diagnostic,2024-11-11,000001.SZ,2024-11-08,calibration_risk;feature_stability_risk;model_confidence_risk;provider_concentration_risk;target_horizon_risk,HIGH_REVIEW_ONLY_DIAGNOSTIC,HIGH,MEDIUM,model_warning,not_evaluated->model_warning,calibration_warning_minimum_warning_state;weak_rank_signal_model_confidence;single_provider_concentration;feature_instability_downgrades;target_horizon_warning_downgrades,calibration_warning_minimum_warning_state@calibration_risk@WARNING;weak_rank_signal_model_confidence@model_confidence_risk@WARNING;single_provider_concentration@provider_concentration_risk@WARNING;feature_instability_downgrades@feature_stability_risk@DEGRADED;target_horizon_warning_downgrades@target_horizon_risk@WARNING,calibration_not_reliable_for_thresholding;feature_sign_instability_bounded;provider_source_concentration_disclosed;selected_score_variant_weak_rank_signal;single_provider_mode_akshare_direct;target_horizon_calibration_warning;weak_target_horizon_rank_signal,calibration_not_reliable_for_thresholding:calibration_risk;feature_sign_instability_bounded:feature_stability_risk;provider_source_concentration_disclosed:provider_concentration_risk;selected_score_variant_weak_rank_signal:model_confidence_risk;single_provider_mode_akshare_direct:provider_concentration_risk;target_horizon_calibration_warning:calibration_risk;weak_target_horizon_rank_signal:target_horizon_risk,none,selected_score_variant=raw_score_based_alpha_ranking;selected_target=excess_fwd_3d_return;selection_label=review_only_selected_baseline_weak_but_bounded;calibration_status=PASS_WITH_WARNINGS;feature_stability_status=PASS_WITH_WARNINGS;provider_concentration_status=PASS_WITH_WARNINGS,input_row=89;source=outputs/samples/stage6c_source_backed_engineering_panel_sample.csv;rule_catalog=goal07a_v1;non_actionable=true,review_only=true;diagnostic_only=true;not_a_recommendation=true;not_a_position=true,true,false,false,false,false,false,false,false,false,false
GOAL-07B,review_only,risk_overlay_diagnostic,2024-11-12,000001.SZ,2024-11-11,calibration_risk;feature_stability_risk;model_confidence_risk;provider_concentration_risk;target_horizon_risk,HIGH_REVIEW_ONLY_DIAGNOSTIC,HIGH,MEDIUM,model_warning,not_evaluated->model_warning,calibration_warning_minimum_warning_state;weak_rank_signal_model_confidence;single_provider_concentration;feature_instability_downgrades;target_horizon_warning_downgrades,calibration_warning_minimum_warning_state@calibration_risk@WARNING;weak_rank_signal_model_confidence@model_confidence_risk@WARNING;single_provider_concentration@provider_concentration_risk@WARNING;feature_instability_downgrades@feature_stability_risk@DEGRADED;target_horizon_warning_downgrades@target_horizon_risk@WARNING,calibration_not_reliable_for_thresholding;feature_sign_instability_bounded;provider_source_concentration_disclosed;selected_score_variant_weak_rank_signal;single_provider_mode_akshare_direct;target_horizon_calibration_warning;weak_target_horizon_rank_signal,calibration_not_reliable_for_thresholding:calibration_risk;feature_sign_instability_bounded:feature_stability_risk;provider_source_concentration_disclosed:provider_concentration_risk;selected_score_variant_weak_rank_signal:model_confidence_risk;single_provider_mode_akshare_direct:provider_concentration_risk;target_horizon_calibration_warning:calibration_risk;weak_target_horizon_rank_signal:target_horizon_risk,none,selected_score_variant=raw_score_based_alpha_ranking;selected_target=excess_fwd_3d_return;selection_label=review_only_selected_baseline_weak_but_bounded;calibration_status=PASS_WITH_WARNINGS;feature_stability_status=PASS_WITH_WARNINGS;provider_concentration_status=PASS_WITH_WARNINGS,input_row=90;source=outputs/samples/stage6c_source_backed_engineering_panel_sample.csv;rule_catalog=goal07a_v1;non_actionable=true,review_only=true;diagnostic_only=true;not_a_recommendation=true;not_a_position=true,true,false,false,false,false,false,false,false,false,false
GOAL-07B,review_only,risk_overlay_diagnostic,2024-11-13,000001.SZ,2024-11-12,calibration_risk;feature_stability_risk;model_confidence_risk;provider_concentration_risk;target_horizon_risk,HIGH_REVIEW_ONLY_DIAGNOSTIC,HIGH,MEDIUM,model_warning,not_evaluated->model_warning,calibration_warning_minimum_warning_state;weak_rank_signal_model_confidence;single_provider_concentration;feature_instability_downgrades;target_horizon_warning_downgrades,calibration_warning_minimum_warning_state@calibration_risk@WARNING;weak_rank_signal_model_confidence@model_confidence_risk@WARNING;single_provider_concentration@provider_concentration_risk@WARNING;feature_instability_downgrades@feature_stability_risk@DEGRADED;target_horizon_warning_downgrades@target_horizon_risk@WARNING,calibration_not_reliable_for_thresholding;feature_sign_instability_bounded;provider_source_concentration_disclosed;selected_score_variant_weak_rank_signal;single_provider_mode_akshare_direct;target_horizon_calibration_warning;weak_target_horizon_rank_signal,calibration_not_reliable_for_thresholding:calibration_risk;feature_sign_instability_bounded:feature_stability_risk;provider_source_concentration_disclosed:provider_concentration_risk;selected_score_variant_weak_rank_signal:model_confidence_risk;single_provider_mode_akshare_direct:provider_concentration_risk;target_horizon_calibration_warning:calibration_risk;weak_target_horizon_rank_signal:target_horizon_risk,none,selected_score_variant=raw_score_based_alpha_ranking;selected_target=excess_fwd_3d_return;selection_label=review_only_selected_baseline_weak_but_bounded;calibration_status=PASS_WITH_WARNINGS;feature_stability_status=PASS_WITH_WARNINGS;provider_concentration_status=PASS_WITH_WARNINGS,input_row=91;source=outputs/samples/stage6c_source_backed_engineering_panel_sample.csv;rule_catalog=goal07a_v1;non_actionable=true,review_only=true;diagnostic_only=true;not_a_recommendation=true;not_a_position=true,true,false,false,false,false,false,false,false,false,false
GOAL-07B,review_only,risk_overlay_diagnostic,2024-11-14,000001.SZ,2024-11-13,calibration_risk;feature_stability_risk;model_confidence_risk;provider_concentration_risk;target_horizon_risk,HIGH_REVIEW_ONLY_DIAGNOSTIC,HIGH,MEDIUM,model_warning,not_evaluated->model_warning,calibration_warning_minimum_warning_state;weak_rank_signal_model_confidence;single_provider_concentration;feature_instability_downgrades;target_horizon_warning_downgrades,calibration_warning_minimum_warning_state@calibration_risk@WARNING;weak_rank_signal_model_confidence@model_confidence_risk@WARNING;single_provider_concentration@provider_concentration_risk@WARNING;feature_instability_downgrades@feature_stability_risk@DEGRADED;target_horizon_warning_downgrades@target_horizon_risk@WARNING,calibration_not_reliable_for_thresholding;feature_sign_instability_bounded;provider_source_concentration_disclosed;selected_score_variant_weak_rank_signal;single_provider_mode_akshare_direct;target_horizon_calibration_warning;weak_target_horizon_rank_signal,calibration_not_reliable_for_thresholding:calibration_risk;feature_sign_instability_bounded:feature_stability_risk;provider_source_concentration_disclosed:provider_concentration_risk;selected_score_variant_weak_rank_signal:model_confidence_risk;single_provider_mode_akshare_direct:provider_concentration_risk;target_horizon_calibration_warning:calibration_risk;weak_target_horizon_rank_signal:target_horizon_risk,none,selected_score_variant=raw_score_based_alpha_ranking;selected_target=excess_fwd_3d_return;selection_label=review_only_selected_baseline_weak_but_bounded;calibration_status=PASS_WITH_WARNINGS;feature_stability_status=PASS_WITH_WARNINGS;provider_concentration_status=PASS_WITH_WARNINGS,input_row=92;source=outputs/samples/stage6c_source_backed_engineering_panel_sample.csv;rule_catalog=goal07a_v1;non_actionable=true,review_only=true;diagnostic_only=true;not_a_recommendation=true;not_a_position=true,true,false,false,false,false,false,false,false,false,false
GOAL-07B,review_only,risk_overlay_diagnostic,2024-11-15,000001.SZ,2024-11-14,calibration_risk;feature_stability_risk;model_confidence_risk;provider_concentration_risk;target_horizon_risk,HIGH_REVIEW_ONLY_DIAGNOSTIC,HIGH,MEDIUM,model_warning,not_evaluated->model_warning,calibration_warning_minimum_warning_state;weak_rank_signal_model_confidence;single_provider_concentration;feature_instability_downgrades;target_horizon_warning_downgrades,calibration_warning_minimum_warning_state@calibration_risk@WARNING;weak_rank_signal_model_confidence@model_confidence_risk@WARNING;single_provider_concentration@provider_concentration_risk@WARNING;feature_instability_downgrades@feature_stability_risk@DEGRADED;target_horizon_warning_downgrades@target_horizon_risk@WARNING,calibration_not_reliable_for_thresholding;feature_sign_instability_bounded;provider_source_concentration_disclosed;selected_score_variant_weak_rank_signal;single_provider_mode_akshare_direct;target_horizon_calibration_warning;weak_target_horizon_rank_signal,calibration_not_reliable_for_thresholding:calibration_risk;feature_sign_instability_bounded:feature_stability_risk;provider_source_concentration_disclosed:provider_concentration_risk;selected_score_variant_weak_rank_signal:model_confidence_risk;single_provider_mode_akshare_direct:provider_concentration_risk;target_horizon_calibration_warning:calibration_risk;weak_target_horizon_rank_signal:target_horizon_risk,none,selected_score_variant=raw_score_based_alpha_ranking;selected_target=excess_fwd_3d_return;selection_label=review_only_selected_baseline_weak_but_bounded;calibration_status=PASS_WITH_WARNINGS;feature_stability_status=PASS_WITH_WARNINGS;provider_concentration_status=PASS_WITH_WARNINGS,input_row=93;source=outputs/samples/stage6c_source_backed_engineering_panel_sample.csv;rule_catalog=goal07a_v1;non_actionable=true,review_only=true;diagnostic_only=true;not_a_recommendation=true;not_a_position=true,true,false,false,false,false,false,false,false,false,false
GOAL-07B,review_only,risk_overlay_diagnostic,2024-11-18,000001.SZ,2024-11-15,calibration_risk;feature_stability_risk;model_confidence_risk;provider_concentration_risk;target_horizon_risk,HIGH_REVIEW_ONLY_DIAGNOSTIC,HIGH,MEDIUM,model_warning,not_evaluated->model_warning,calibration_warning_minimum_warning_state;weak_rank_signal_model_confidence;single_provider_concentration;feature_instability_downgrades;target_horizon_warning_downgrades,calibration_warning_minimum_warning_state@calibration_risk@WARNING;weak_rank_signal_model_confidence@model_confidence_risk@WARNING;single_provider_concentration@provider_concentration_risk@WARNING;feature_instability_downgrades@feature_stability_risk@DEGRADED;target_horizon_warning_downgrades@target_horizon_risk@WARNING,calibration_not_reliable_for_thresholding;feature_sign_instability_bounded;provider_source_concentration_disclosed;selected_score_variant_weak_rank_signal;single_provider_mode_akshare_direct;target_horizon_calibration_warning;weak_target_horizon_rank_signal,calibration_not_reliable_for_thresholding:calibration_risk;feature_sign_instability_bounded:feature_stability_risk;provider_source_concentration_disclosed:provider_concentration_risk;selected_score_variant_weak_rank_signal:model_confidence_risk;single_provider_mode_akshare_direct:provider_concentration_risk;target_horizon_calibration_warning:calibration_risk;weak_target_horizon_rank_signal:target_horizon_risk,none,selected_score_variant=raw_score_based_alpha_ranking;selected_target=excess_fwd_3d_return;selection_label=review_only_selected_baseline_weak_but_bounded;calibration_status=PASS_WITH_WARNINGS;feature_stability_status=PASS_WITH_WARNINGS;provider_concentration_status=PASS_WITH_WARNINGS,input_row=94;source=outputs/samples/stage6c_source_backed_engineering_panel_sample.csv;rule_catalog=goal07a_v1;non_actionable=true,review_only=true;diagnostic_only=true;not_a_recommendation=true;not_a_position=true,true,false,false,false,false,false,false,false,false,false
GOAL-07B,review_only,risk_overlay_diagnostic,2024-11-19,000001.SZ,2024-11-18,calibration_risk;feature_stability_risk;model_confidence_risk;provider_concentration_risk;target_horizon_risk,HIGH_REVIEW_ONLY_DIAGNOSTIC,HIGH,MEDIUM,model_warning,not_evaluated->model_warning,calibration_warning_minimum_warning_state;weak_rank_signal_model_confidence;single_provider_concentration;feature_instability_downgrades;target_horizon_warning_downgrades,calibration_warning_minimum_warning_state@calibration_risk@WARNING;weak_rank_signal_model_confidence@model_confidence_risk@WARNING;single_provider_concentration@provider_concentration_risk@WARNING;feature_instability_downgrades@feature_stability_risk@DEGRADED;target_horizon_warning_downgrades@target_horizon_risk@WARNING,calibration_not_reliable_for_thresholding;feature_sign_instability_bounded;provider_source_concentration_disclosed;selected_score_variant_weak_rank_signal;single_provider_mode_akshare_direct;target_horizon_calibration_warning;weak_target_horizon_rank_signal,calibration_not_reliable_for_thresholding:calibration_risk;feature_sign_instability_bounded:feature_stability_risk;provider_source_concentration_disclosed:provider_concentration_risk;selected_score_variant_weak_rank_signal:model_confidence_risk;single_provider_mode_akshare_direct:provider_concentration_risk;target_horizon_calibration_warning:calibration_risk;weak_target_horizon_rank_signal:target_horizon_risk,none,selected_score_variant=raw_score_based_alpha_ranking;selected_target=excess_fwd_3d_return;selection_label=review_only_selected_baseline_weak_but_bounded;calibration_status=PASS_WITH_WARNINGS;feature_stability_status=PASS_WITH_WARNINGS;provider_concentration_status=PASS_WITH_WARNINGS,input_row=95;source=outputs/samples/stage6c_source_backed_engineering_panel_sample.csv;rule_catalog=goal07a_v1;non_actionable=true,review_only=true;diagnostic_only=true;not_a_recommendation=true;not_a_position=true,true,false,false,false,false,false,false,false,false,false
GOAL-07B,review_only,risk_overlay_diagnostic,2024-11-20,000001.SZ,2024-11-19,calibration_risk;feature_stability_risk;model_confidence_risk;provider_concentration_risk;target_horizon_risk,HIGH_REVIEW_ONLY_DIAGNOSTIC,HIGH,MEDIUM,model_warning,not_evaluated->model_warning,calibration_warning_minimum_warning_state;weak_rank_signal_model_confidence;single_provider_concentration;feature_instability_downgrades;target_horizon_warning_downgrades,calibration_warning_minimum_warning_state@calibration_risk@WARNING;weak_rank_signal_model_confidence@model_confidence_risk@WARNING;single_provider_concentration@provider_concentration_risk@WARNING;feature_instability_downgrades@feature_stability_risk@DEGRADED;target_horizon_warning_downgrades@target_horizon_risk@WARNING,calibration_not_reliable_for_thresholding;feature_sign_instability_bounded;provider_source_concentration_disclosed;selected_score_variant_weak_rank_signal;single_provider_mode_akshare_direct;target_horizon_calibration_warning;weak_target_horizon_rank_signal,calibration_not_reliable_for_thresholding:calibration_risk;feature_sign_instability_bounded:feature_stability_risk;provider_source_concentration_disclosed:provider_concentration_risk;selected_score_variant_weak_rank_signal:model_confidence_risk;single_provider_mode_akshare_direct:provider_concentration_risk;target_horizon_calibration_warning:calibration_risk;weak_target_horizon_rank_signal:target_horizon_risk,none,selected_score_variant=raw_score_based_alpha_ranking;selected_target=excess_fwd_3d_return;selection_label=review_only_selected_baseline_weak_but_bounded;calibration_status=PASS_WITH_WARNINGS;feature_stability_status=PASS_WITH_WARNINGS;provider_concentration_status=PASS_WITH_WARNINGS,input_row=96;source=outputs/samples/stage6c_source_backed_engineering_panel_sample.csv;rule_catalog=goal07a_v1;non_actionable=true,review_only=true;diagnostic_only=true;not_a_recommendation=true;not_a_position=true,true,false,false,false,false,false,false,false,false,false
GOAL-07B,review_only,risk_overlay_diagnostic,2024-11-21,000001.SZ,2024-11-20,calibration_risk;feature_stability_risk;model_confidence_risk;provider_concentration_risk;target_horizon_risk,HIGH_REVIEW_ONLY_DIAGNOSTIC,HIGH,MEDIUM,model_warning,not_evaluated->model_warning,calibration_warning_minimum_warning_state;weak_rank_signal_model_confidence;single_provider_concentration;feature_instability_downgrades;target_horizon_warning_downgrades,calibration_warning_minimum_warning_state@calibration_risk@WARNING;weak_rank_signal_model_confidence@model_confidence_risk@WARNING;single_provider_concentration@provider_concentration_risk@WARNING;feature_instability_downgrades@feature_stability_risk@DEGRADED;target_horizon_warning_downgrades@target_horizon_risk@WARNING,calibration_not_reliable_for_thresholding;feature_sign_instability_bounded;provider_source_concentration_disclosed;selected_score_variant_weak_rank_signal;single_provider_mode_akshare_direct;target_horizon_calibration_warning;weak_target_horizon_rank_signal,calibration_not_reliable_for_thresholding:calibration_risk;feature_sign_instability_bounded:feature_stability_risk;provider_source_concentration_disclosed:provider_concentration_risk;selected_score_variant_weak_rank_signal:model_confidence_risk;single_provider_mode_akshare_direct:provider_concentration_risk;target_horizon_calibration_warning:calibration_risk;weak_target_horizon_rank_signal:target_horizon_risk,none,selected_score_variant=raw_score_based_alpha_ranking;selected_target=excess_fwd_3d_return;selection_label=review_only_selected_baseline_weak_but_bounded;calibration_status=PASS_WITH_WARNINGS;feature_stability_status=PASS_WITH_WARNINGS;provider_concentration_status=PASS_WITH_WARNINGS,input_row=97;source=outputs/samples/stage6c_source_backed_engineering_panel_sample.csv;rule_catalog=goal07a_v1;non_actionable=true,review_only=true;diagnostic_only=true;not_a_recommendation=true;not_a_position=true,true,false,false,false,false,false,false,false,false,false
GOAL-07B,review_only,risk_overlay_diagnostic,2024-11-22,000001.SZ,2024-11-21,calibration_risk;feature_stability_risk;model_confidence_risk;provider_concentration_risk;target_horizon_risk,HIGH_REVIEW_ONLY_DIAGNOSTIC,HIGH,MEDIUM,model_warning,not_evaluated->model_warning,calibration_warning_minimum_warning_state;weak_rank_signal_model_confidence;single_provider_concentration;feature_instability_downgrades;target_horizon_warning_downgrades,calibration_warning_minimum_warning_state@calibration_risk@WARNING;weak_rank_signal_model_confidence@model_confidence_risk@WARNING;single_provider_concentration@provider_concentration_risk@WARNING;feature_instability_downgrades@feature_stability_risk@DEGRADED;target_horizon_warning_downgrades@target_horizon_risk@WARNING,calibration_not_reliable_for_thresholding;feature_sign_instability_bounded;provider_source_concentration_disclosed;selected_score_variant_weak_rank_signal;single_provider_mode_akshare_direct;target_horizon_calibration_warning;weak_target_horizon_rank_signal,calibration_not_reliable_for_thresholding:calibration_risk;feature_sign_instability_bounded:feature_stability_risk;provider_source_concentration_disclosed:provider_concentration_risk;selected_score_variant_weak_rank_signal:model_confidence_risk;single_provider_mode_akshare_direct:provider_concentration_risk;target_horizon_calibration_warning:calibration_risk;weak_target_horizon_rank_signal:target_horizon_risk,none,selected_score_variant=raw_score_based_alpha_ranking;selected_target=excess_fwd_3d_return;selection_label=review_only_selected_baseline_weak_but_bounded;calibration_status=PASS_WITH_WARNINGS;feature_stability_status=PASS_WITH_WARNINGS;provider_concentration_status=PASS_WITH_WARNINGS,input_row=98;source=outputs/samples/stage6c_source_backed_engineering_panel_sample.csv;rule_catalog=goal07a_v1;non_actionable=true,review_only=true;diagnostic_only=true;not_a_recommendation=true;not_a_position=true,true,false,false,false,false,false,false,false,false,false
GOAL-07B,review_only,risk_overlay_diagnostic,2024-11-25,000001.SZ,2024-11-22,calibration_risk;feature_stability_risk;model_confidence_risk;provider_concentration_risk;target_horizon_risk,HIGH_REVIEW_ONLY_DIAGNOSTIC,HIGH,MEDIUM,model_warning,not_evaluated->model_warning,calibration_warning_minimum_warning_state;weak_rank_signal_model_confidence;single_provider_concentration;feature_instability_downgrades;target_horizon_warning_downgrades,calibration_warning_minimum_warning_state@calibration_risk@WARNING;weak_rank_signal_model_confidence@model_confidence_risk@WARNING;single_provider_concentration@provider_concentration_risk@WARNING;feature_instability_downgrades@feature_stability_risk@DEGRADED;target_horizon_warning_downgrades@target_horizon_risk@WARNING,calibration_not_reliable_for_thresholding;feature_sign_instability_bounded;provider_source_concentration_disclosed;selected_score_variant_weak_rank_signal;single_provider_mode_akshare_direct;target_horizon_calibration_warning;weak_target_horizon_rank_signal,calibration_not_reliable_for_thresholding:calibration_risk;feature_sign_instability_bounded:feature_stability_risk;provider_source_concentration_disclosed:provider_concentration_risk;selected_score_variant_weak_rank_signal:model_confidence_risk;single_provider_mode_akshare_direct:provider_concentration_risk;target_horizon_calibration_warning:calibration_risk;weak_target_horizon_rank_signal:target_horizon_risk,none,selected_score_variant=raw_score_based_alpha_ranking;selected_target=excess_fwd_3d_return;selection_label=review_only_selected_baseline_weak_but_bounded;calibration_status=PASS_WITH_WARNINGS;feature_stability_status=PASS_WITH_WARNINGS;provider_concentration_status=PASS_WITH_WARNINGS,input_row=99;source=outputs/samples/stage6c_source_backed_engineering_panel_sample.csv;rule_catalog=goal07a_v1;non_actionable=true,review_only=true;diagnostic_only=true;not_a_recommendation=true;not_a_position=true,true,false,false,false,false,false,false,false,false,false
GOAL-07B,review_only,risk_overlay_diagnostic,2024-11-26,000001.SZ,2024-11-25,calibration_risk;feature_stability_risk;model_confidence_risk;provider_concentration_risk;target_horizon_risk,HIGH_REVIEW_ONLY_DIAGNOSTIC,HIGH,MEDIUM,model_warning,not_evaluated->model_warning,calibration_warning_minimum_warning_state;weak_rank_signal_model_confidence;single_provider_concentration;feature_instability_downgrades;target_horizon_warning_downgrades,calibration_warning_minimum_warning_state@calibration_risk@WARNING;weak_rank_signal_model_confidence@model_confidence_risk@WARNING;single_provider_concentration@provider_concentration_risk@WARNING;feature_instability_downgrades@feature_stability_risk@DEGRADED;target_horizon_warning_downgrades@target_horizon_risk@WARNING,calibration_not_reliable_for_thresholding;feature_sign_instability_bounded;provider_source_concentration_disclosed;selected_score_variant_weak_rank_signal;single_provider_mode_akshare_direct;target_horizon_calibration_warning;weak_target_horizon_rank_signal,calibration_not_reliable_for_thresholding:calibration_risk;feature_sign_instability_bounded:feature_stability_risk;provider_source_concentration_disclosed:provider_concentration_risk;selected_score_variant_weak_rank_signal:model_confidence_risk;single_provider_mode_akshare_direct:provider_concentration_risk;target_horizon_calibration_warning:calibration_risk;weak_target_horizon_rank_signal:target_horizon_risk,none,selected_score_variant=raw_score_based_alpha_ranking;selected_target=excess_fwd_3d_return;selection_label=review_only_selected_baseline_weak_but_bounded;calibration_status=PASS_WITH_WARNINGS;feature_stability_status=PASS_WITH_WARNINGS;provider_concentration_status=PASS_WITH_WARNINGS,input_row=100;source=outputs/samples/stage6c_source_backed_engineering_panel_sample.csv;rule_catalog=goal07a_v1;non_actionable=true,review_only=true;diagnostic_only=true;not_a_recommendation=true;not_a_position=true,true,false,false,false,false,false,false,false,false,false
