trade_date,symbol,source_goal,source_goal08b_mode,source_goal07b_mode,recommendation_diagnostic_label,recommendation_actionability_status,recommendation_actionability_blocked,risk_severity,risk_state,risk_warning_codes,propagated_warning_codes,position_band_diagnostic_label,position_band_status,position_actionability_status,position_actionability_blocked,blocked_reason_codes,contract_version,diagnostic_mode,deterministic_rule_trace,non_actionable_disclaimer
2024-06-17,000001.SZ,GOAL-08B,review_only,review_only,blocked_high_risk,never_actionable,true,HIGH,model_warning,calibration_not_reliable_for_thresholding;feature_sign_instability_bounded;provider_source_concentration_disclosed;selected_score_variant_weak_rank_signal;single_provider_mode_akshare_direct;target_horizon_calibration_warning;weak_target_horizon_rank_signal,calibration_not_reliable_for_thresholding;feature_sign_instability_bounded;provider_source_concentration_disclosed;selected_score_variant_weak_rank_signal;single_provider_mode_akshare_direct;target_horizon_calibration_warning;weak_target_horizon_rank_signal,blocked_high_risk,diagnostic_blocked_no_position_instruction,never_actionable,true,calibration_warning_blocks_position_band;future_position_diagnostics_non_actionable_policy;high_risk_severity_blocks_position_band;inherited_recommendation_never_actionable;provider_concentration_warning_disclosed;review_only_non_actionable_policy;weak_rank_signal_blocks_position_band,goal09_review_only_position_band_diagnostics_v1,review_only,source_goal=GOAL-08B;source_mode=review_only;source_goal07b_mode=review_only;risk_severity=HIGH;recommendation_actionability_status=never_actionable;position_band_diagnostic_label=blocked_high_risk;blocked_reason_codes=calibration_warning_blocks_position_band;future_position_diagnostics_non_actionable_policy;high_risk_severity_blocks_position_band;inherited_recommendation_never_actionable;provider_concentration_warning_disclosed;review_only_non_actionable_policy;weak_rank_signal_blocks_position_band,diagnostic_only_not_investment_advice_not_position_instruction_not_trade_instruction
2024-06-18,000001.SZ,GOAL-08B,review_only,review_only,blocked_high_risk,never_actionable,true,HIGH,model_warning,calibration_not_reliable_for_thresholding;feature_sign_instability_bounded;provider_source_concentration_disclosed;selected_score_variant_weak_rank_signal;single_provider_mode_akshare_direct;target_horizon_calibration_warning;weak_target_horizon_rank_signal,calibration_not_reliable_for_thresholding;feature_sign_instability_bounded;provider_source_concentration_disclosed;selected_score_variant_weak_rank_signal;single_provider_mode_akshare_direct;target_horizon_calibration_warning;weak_target_horizon_rank_signal,blocked_high_risk,diagnostic_blocked_no_position_instruction,never_actionable,true,calibration_warning_blocks_position_band;future_position_diagnostics_non_actionable_policy;high_risk_severity_blocks_position_band;inherited_recommendation_never_actionable;provider_concentration_warning_disclosed;review_only_non_actionable_policy;weak_rank_signal_blocks_position_band,goal09_review_only_position_band_diagnostics_v1,review_only,source_goal=GOAL-08B;source_mode=review_only;source_goal07b_mode=review_only;risk_severity=HIGH;recommendation_actionability_status=never_actionable;position_band_diagnostic_label=blocked_high_risk;blocked_reason_codes=calibration_warning_blocks_position_band;future_position_diagnostics_non_actionable_policy;high_risk_severity_blocks_position_band;inherited_recommendation_never_actionable;provider_concentration_warning_disclosed;review_only_non_actionable_policy;weak_rank_signal_blocks_position_band,diagnostic_only_not_investment_advice_not_position_instruction_not_trade_instruction
2024-06-19,000001.SZ,GOAL-08B,review_only,review_only,blocked_high_risk,never_actionable,true,HIGH,model_warning,calibration_not_reliable_for_thresholding;feature_sign_instability_bounded;provider_source_concentration_disclosed;selected_score_variant_weak_rank_signal;single_provider_mode_akshare_direct;target_horizon_calibration_warning;weak_target_horizon_rank_signal,calibration_not_reliable_for_thresholding;feature_sign_instability_bounded;provider_source_concentration_disclosed;selected_score_variant_weak_rank_signal;single_provider_mode_akshare_direct;target_horizon_calibration_warning;weak_target_horizon_rank_signal,blocked_high_risk,diagnostic_blocked_no_position_instruction,never_actionable,true,calibration_warning_blocks_position_band;future_position_diagnostics_non_actionable_policy;high_risk_severity_blocks_position_band;inherited_recommendation_never_actionable;provider_concentration_warning_disclosed;review_only_non_actionable_policy;weak_rank_signal_blocks_position_band,goal09_review_only_position_band_diagnostics_v1,review_only,source_goal=GOAL-08B;source_mode=review_only;source_goal07b_mode=review_only;risk_severity=HIGH;recommendation_actionability_status=never_actionable;position_band_diagnostic_label=blocked_high_risk;blocked_reason_codes=calibration_warning_blocks_position_band;future_position_diagnostics_non_actionable_policy;high_risk_severity_blocks_position_band;inherited_recommendation_never_actionable;provider_concentration_warning_disclosed;review_only_non_actionable_policy;weak_rank_signal_blocks_position_band,diagnostic_only_not_investment_advice_not_position_instruction_not_trade_instruction
2024-06-20,000001.SZ,GOAL-08B,review_only,review_only,blocked_high_risk,never_actionable,true,HIGH,model_warning,calibration_not_reliable_for_thresholding;feature_sign_instability_bounded;provider_source_concentration_disclosed;selected_score_variant_weak_rank_signal;single_provider_mode_akshare_direct;target_horizon_calibration_warning;weak_target_horizon_rank_signal,calibration_not_reliable_for_thresholding;feature_sign_instability_bounded;provider_source_concentration_disclosed;selected_score_variant_weak_rank_signal;single_provider_mode_akshare_direct;target_horizon_calibration_warning;weak_target_horizon_rank_signal,blocked_high_risk,diagnostic_blocked_no_position_instruction,never_actionable,true,calibration_warning_blocks_position_band;future_position_diagnostics_non_actionable_policy;high_risk_severity_blocks_position_band;inherited_recommendation_never_actionable;provider_concentration_warning_disclosed;review_only_non_actionable_policy;weak_rank_signal_blocks_position_band,goal09_review_only_position_band_diagnostics_v1,review_only,source_goal=GOAL-08B;source_mode=review_only;source_goal07b_mode=review_only;risk_severity=HIGH;recommendation_actionability_status=never_actionable;position_band_diagnostic_label=blocked_high_risk;blocked_reason_codes=calibration_warning_blocks_position_band;future_position_diagnostics_non_actionable_policy;high_risk_severity_blocks_position_band;inherited_recommendation_never_actionable;provider_concentration_warning_disclosed;review_only_non_actionable_policy;weak_rank_signal_blocks_position_band,diagnostic_only_not_investment_advice_not_position_instruction_not_trade_instruction
2024-06-21,000001.SZ,GOAL-08B,review_only,review_only,blocked_high_risk,never_actionable,true,HIGH,model_warning,calibration_not_reliable_for_thresholding;feature_sign_instability_bounded;provider_source_concentration_disclosed;selected_score_variant_weak_rank_signal;single_provider_mode_akshare_direct;target_horizon_calibration_warning;weak_target_horizon_rank_signal,calibration_not_reliable_for_thresholding;feature_sign_instability_bounded;provider_source_concentration_disclosed;selected_score_variant_weak_rank_signal;single_provider_mode_akshare_direct;target_horizon_calibration_warning;weak_target_horizon_rank_signal,blocked_high_risk,diagnostic_blocked_no_position_instruction,never_actionable,true,calibration_warning_blocks_position_band;future_position_diagnostics_non_actionable_policy;high_risk_severity_blocks_position_band;inherited_recommendation_never_actionable;provider_concentration_warning_disclosed;review_only_non_actionable_policy;weak_rank_signal_blocks_position_band,goal09_review_only_position_band_diagnostics_v1,review_only,source_goal=GOAL-08B;source_mode=review_only;source_goal07b_mode=review_only;risk_severity=HIGH;recommendation_actionability_status=never_actionable;position_band_diagnostic_label=blocked_high_risk;blocked_reason_codes=calibration_warning_blocks_position_band;future_position_diagnostics_non_actionable_policy;high_risk_severity_blocks_position_band;inherited_recommendation_never_actionable;provider_concentration_warning_disclosed;review_only_non_actionable_policy;weak_rank_signal_blocks_position_band,diagnostic_only_not_investment_advice_not_position_instruction_not_trade_instruction
2024-06-24,000001.SZ,GOAL-08B,review_only,review_only,blocked_high_risk,never_actionable,true,HIGH,model_warning,calibration_not_reliable_for_thresholding;feature_sign_instability_bounded;provider_source_concentration_disclosed;selected_score_variant_weak_rank_signal;single_provider_mode_akshare_direct;target_horizon_calibration_warning;weak_target_horizon_rank_signal,calibration_not_reliable_for_thresholding;feature_sign_instability_bounded;provider_source_concentration_disclosed;selected_score_variant_weak_rank_signal;single_provider_mode_akshare_direct;target_horizon_calibration_warning;weak_target_horizon_rank_signal,blocked_high_risk,diagnostic_blocked_no_position_instruction,never_actionable,true,calibration_warning_blocks_position_band;future_position_diagnostics_non_actionable_policy;high_risk_severity_blocks_position_band;inherited_recommendation_never_actionable;provider_concentration_warning_disclosed;review_only_non_actionable_policy;weak_rank_signal_blocks_position_band,goal09_review_only_position_band_diagnostics_v1,review_only,source_goal=GOAL-08B;source_mode=review_only;source_goal07b_mode=review_only;risk_severity=HIGH;recommendation_actionability_status=never_actionable;position_band_diagnostic_label=blocked_high_risk;blocked_reason_codes=calibration_warning_blocks_position_band;future_position_diagnostics_non_actionable_policy;high_risk_severity_blocks_position_band;inherited_recommendation_never_actionable;provider_concentration_warning_disclosed;review_only_non_actionable_policy;weak_rank_signal_blocks_position_band,diagnostic_only_not_investment_advice_not_position_instruction_not_trade_instruction
2024-06-25,000001.SZ,GOAL-08B,review_only,review_only,blocked_high_risk,never_actionable,true,HIGH,model_warning,calibration_not_reliable_for_thresholding;feature_sign_instability_bounded;provider_source_concentration_disclosed;selected_score_variant_weak_rank_signal;single_provider_mode_akshare_direct;target_horizon_calibration_warning;weak_target_horizon_rank_signal,calibration_not_reliable_for_thresholding;feature_sign_instability_bounded;provider_source_concentration_disclosed;selected_score_variant_weak_rank_signal;single_provider_mode_akshare_direct;target_horizon_calibration_warning;weak_target_horizon_rank_signal,blocked_high_risk,diagnostic_blocked_no_position_instruction,never_actionable,true,calibration_warning_blocks_position_band;future_position_diagnostics_non_actionable_policy;high_risk_severity_blocks_position_band;inherited_recommendation_never_actionable;provider_concentration_warning_disclosed;review_only_non_actionable_policy;weak_rank_signal_blocks_position_band,goal09_review_only_position_band_diagnostics_v1,review_only,source_goal=GOAL-08B;source_mode=review_only;source_goal07b_mode=review_only;risk_severity=HIGH;recommendation_actionability_status=never_actionable;position_band_diagnostic_label=blocked_high_risk;blocked_reason_codes=calibration_warning_blocks_position_band;future_position_diagnostics_non_actionable_policy;high_risk_severity_blocks_position_band;inherited_recommendation_never_actionable;provider_concentration_warning_disclosed;review_only_non_actionable_policy;weak_rank_signal_blocks_position_band,diagnostic_only_not_investment_advice_not_position_instruction_not_trade_instruction
2024-06-26,000001.SZ,GOAL-08B,review_only,review_only,blocked_high_risk,never_actionable,true,HIGH,model_warning,calibration_not_reliable_for_thresholding;feature_sign_instability_bounded;provider_source_concentration_disclosed;selected_score_variant_weak_rank_signal;single_provider_mode_akshare_direct;target_horizon_calibration_warning;weak_target_horizon_rank_signal,calibration_not_reliable_for_thresholding;feature_sign_instability_bounded;provider_source_concentration_disclosed;selected_score_variant_weak_rank_signal;single_provider_mode_akshare_direct;target_horizon_calibration_warning;weak_target_horizon_rank_signal,blocked_high_risk,diagnostic_blocked_no_position_instruction,never_actionable,true,calibration_warning_blocks_position_band;future_position_diagnostics_non_actionable_policy;high_risk_severity_blocks_position_band;inherited_recommendation_never_actionable;provider_concentration_warning_disclosed;review_only_non_actionable_policy;weak_rank_signal_blocks_position_band,goal09_review_only_position_band_diagnostics_v1,review_only,source_goal=GOAL-08B;source_mode=review_only;source_goal07b_mode=review_only;risk_severity=HIGH;recommendation_actionability_status=never_actionable;position_band_diagnostic_label=blocked_high_risk;blocked_reason_codes=calibration_warning_blocks_position_band;future_position_diagnostics_non_actionable_policy;high_risk_severity_blocks_position_band;inherited_recommendation_never_actionable;provider_concentration_warning_disclosed;review_only_non_actionable_policy;weak_rank_signal_blocks_position_band,diagnostic_only_not_investment_advice_not_position_instruction_not_trade_instruction
2024-06-27,000001.SZ,GOAL-08B,review_only,review_only,blocked_high_risk,never_actionable,true,HIGH,model_warning,calibration_not_reliable_for_thresholding;feature_sign_instability_bounded;provider_source_concentration_disclosed;selected_score_variant_weak_rank_signal;single_provider_mode_akshare_direct;target_horizon_calibration_warning;weak_target_horizon_rank_signal,calibration_not_reliable_for_thresholding;feature_sign_instability_bounded;provider_source_concentration_disclosed;selected_score_variant_weak_rank_signal;single_provider_mode_akshare_direct;target_horizon_calibration_warning;weak_target_horizon_rank_signal,blocked_high_risk,diagnostic_blocked_no_position_instruction,never_actionable,true,calibration_warning_blocks_position_band;future_position_diagnostics_non_actionable_policy;high_risk_severity_blocks_position_band;inherited_recommendation_never_actionable;provider_concentration_warning_disclosed;review_only_non_actionable_policy;weak_rank_signal_blocks_position_band,goal09_review_only_position_band_diagnostics_v1,review_only,source_goal=GOAL-08B;source_mode=review_only;source_goal07b_mode=review_only;risk_severity=HIGH;recommendation_actionability_status=never_actionable;position_band_diagnostic_label=blocked_high_risk;blocked_reason_codes=calibration_warning_blocks_position_band;future_position_diagnostics_non_actionable_policy;high_risk_severity_blocks_position_band;inherited_recommendation_never_actionable;provider_concentration_warning_disclosed;review_only_non_actionable_policy;weak_rank_signal_blocks_position_band,diagnostic_only_not_investment_advice_not_position_instruction_not_trade_instruction
2024-06-28,000001.SZ,GOAL-08B,review_only,review_only,blocked_high_risk,never_actionable,true,HIGH,model_warning,calibration_not_reliable_for_thresholding;feature_sign_instability_bounded;provider_source_concentration_disclosed;selected_score_variant_weak_rank_signal;single_provider_mode_akshare_direct;target_horizon_calibration_warning;weak_target_horizon_rank_signal,calibration_not_reliable_for_thresholding;feature_sign_instability_bounded;provider_source_concentration_disclosed;selected_score_variant_weak_rank_signal;single_provider_mode_akshare_direct;target_horizon_calibration_warning;weak_target_horizon_rank_signal,blocked_high_risk,diagnostic_blocked_no_position_instruction,never_actionable,true,calibration_warning_blocks_position_band;future_position_diagnostics_non_actionable_policy;high_risk_severity_blocks_position_band;inherited_recommendation_never_actionable;provider_concentration_warning_disclosed;review_only_non_actionable_policy;weak_rank_signal_blocks_position_band,goal09_review_only_position_band_diagnostics_v1,review_only,source_goal=GOAL-08B;source_mode=review_only;source_goal07b_mode=review_only;risk_severity=HIGH;recommendation_actionability_status=never_actionable;position_band_diagnostic_label=blocked_high_risk;blocked_reason_codes=calibration_warning_blocks_position_band;future_position_diagnostics_non_actionable_policy;high_risk_severity_blocks_position_band;inherited_recommendation_never_actionable;provider_concentration_warning_disclosed;review_only_non_actionable_policy;weak_rank_signal_blocks_position_band,diagnostic_only_not_investment_advice_not_position_instruction_not_trade_instruction
2024-07-01,000001.SZ,GOAL-08B,review_only,review_only,blocked_high_risk,never_actionable,true,HIGH,model_warning,calibration_not_reliable_for_thresholding;feature_sign_instability_bounded;provider_source_concentration_disclosed;selected_score_variant_weak_rank_signal;single_provider_mode_akshare_direct;target_horizon_calibration_warning;weak_target_horizon_rank_signal,calibration_not_reliable_for_thresholding;feature_sign_instability_bounded;provider_source_concentration_disclosed;selected_score_variant_weak_rank_signal;single_provider_mode_akshare_direct;target_horizon_calibration_warning;weak_target_horizon_rank_signal,blocked_high_risk,diagnostic_blocked_no_position_instruction,never_actionable,true,calibration_warning_blocks_position_band;future_position_diagnostics_non_actionable_policy;high_risk_severity_blocks_position_band;inherited_recommendation_never_actionable;provider_concentration_warning_disclosed;review_only_non_actionable_policy;weak_rank_signal_blocks_position_band,goal09_review_only_position_band_diagnostics_v1,review_only,source_goal=GOAL-08B;source_mode=review_only;source_goal07b_mode=review_only;risk_severity=HIGH;recommendation_actionability_status=never_actionable;position_band_diagnostic_label=blocked_high_risk;blocked_reason_codes=calibration_warning_blocks_position_band;future_position_diagnostics_non_actionable_policy;high_risk_severity_blocks_position_band;inherited_recommendation_never_actionable;provider_concentration_warning_disclosed;review_only_non_actionable_policy;weak_rank_signal_blocks_position_band,diagnostic_only_not_investment_advice_not_position_instruction_not_trade_instruction
2024-07-02,000001.SZ,GOAL-08B,review_only,review_only,blocked_high_risk,never_actionable,true,HIGH,model_warning,calibration_not_reliable_for_thresholding;feature_sign_instability_bounded;provider_source_concentration_disclosed;selected_score_variant_weak_rank_signal;single_provider_mode_akshare_direct;target_horizon_calibration_warning;weak_target_horizon_rank_signal,calibration_not_reliable_for_thresholding;feature_sign_instability_bounded;provider_source_concentration_disclosed;selected_score_variant_weak_rank_signal;single_provider_mode_akshare_direct;target_horizon_calibration_warning;weak_target_horizon_rank_signal,blocked_high_risk,diagnostic_blocked_no_position_instruction,never_actionable,true,calibration_warning_blocks_position_band;future_position_diagnostics_non_actionable_policy;high_risk_severity_blocks_position_band;inherited_recommendation_never_actionable;provider_concentration_warning_disclosed;review_only_non_actionable_policy;weak_rank_signal_blocks_position_band,goal09_review_only_position_band_diagnostics_v1,review_only,source_goal=GOAL-08B;source_mode=review_only;source_goal07b_mode=review_only;risk_severity=HIGH;recommendation_actionability_status=never_actionable;position_band_diagnostic_label=blocked_high_risk;blocked_reason_codes=calibration_warning_blocks_position_band;future_position_diagnostics_non_actionable_policy;high_risk_severity_blocks_position_band;inherited_recommendation_never_actionable;provider_concentration_warning_disclosed;review_only_non_actionable_policy;weak_rank_signal_blocks_position_band,diagnostic_only_not_investment_advice_not_position_instruction_not_trade_instruction
2024-07-03,000001.SZ,GOAL-08B,review_only,review_only,blocked_high_risk,never_actionable,true,HIGH,model_warning,calibration_not_reliable_for_thresholding;feature_sign_instability_bounded;provider_source_concentration_disclosed;selected_score_variant_weak_rank_signal;single_provider_mode_akshare_direct;target_horizon_calibration_warning;weak_target_horizon_rank_signal,calibration_not_reliable_for_thresholding;feature_sign_instability_bounded;provider_source_concentration_disclosed;selected_score_variant_weak_rank_signal;single_provider_mode_akshare_direct;target_horizon_calibration_warning;weak_target_horizon_rank_signal,blocked_high_risk,diagnostic_blocked_no_position_instruction,never_actionable,true,calibration_warning_blocks_position_band;future_position_diagnostics_non_actionable_policy;high_risk_severity_blocks_position_band;inherited_recommendation_never_actionable;provider_concentration_warning_disclosed;review_only_non_actionable_policy;weak_rank_signal_blocks_position_band,goal09_review_only_position_band_diagnostics_v1,review_only,source_goal=GOAL-08B;source_mode=review_only;source_goal07b_mode=review_only;risk_severity=HIGH;recommendation_actionability_status=never_actionable;position_band_diagnostic_label=blocked_high_risk;blocked_reason_codes=calibration_warning_blocks_position_band;future_position_diagnostics_non_actionable_policy;high_risk_severity_blocks_position_band;inherited_recommendation_never_actionable;provider_concentration_warning_disclosed;review_only_non_actionable_policy;weak_rank_signal_blocks_position_band,diagnostic_only_not_investment_advice_not_position_instruction_not_trade_instruction
2024-07-04,000001.SZ,GOAL-08B,review_only,review_only,blocked_high_risk,never_actionable,true,HIGH,model_warning,calibration_not_reliable_for_thresholding;feature_sign_instability_bounded;provider_source_concentration_disclosed;selected_score_variant_weak_rank_signal;single_provider_mode_akshare_direct;target_horizon_calibration_warning;weak_target_horizon_rank_signal,calibration_not_reliable_for_thresholding;feature_sign_instability_bounded;provider_source_concentration_disclosed;selected_score_variant_weak_rank_signal;single_provider_mode_akshare_direct;target_horizon_calibration_warning;weak_target_horizon_rank_signal,blocked_high_risk,diagnostic_blocked_no_position_instruction,never_actionable,true,calibration_warning_blocks_position_band;future_position_diagnostics_non_actionable_policy;high_risk_severity_blocks_position_band;inherited_recommendation_never_actionable;provider_concentration_warning_disclosed;review_only_non_actionable_policy;weak_rank_signal_blocks_position_band,goal09_review_only_position_band_diagnostics_v1,review_only,source_goal=GOAL-08B;source_mode=review_only;source_goal07b_mode=review_only;risk_severity=HIGH;recommendation_actionability_status=never_actionable;position_band_diagnostic_label=blocked_high_risk;blocked_reason_codes=calibration_warning_blocks_position_band;future_position_diagnostics_non_actionable_policy;high_risk_severity_blocks_position_band;inherited_recommendation_never_actionable;provider_concentration_warning_disclosed;review_only_non_actionable_policy;weak_rank_signal_blocks_position_band,diagnostic_only_not_investment_advice_not_position_instruction_not_trade_instruction
2024-07-05,000001.SZ,GOAL-08B,review_only,review_only,blocked_high_risk,never_actionable,true,HIGH,model_warning,calibration_not_reliable_for_thresholding;feature_sign_instability_bounded;provider_source_concentration_disclosed;selected_score_variant_weak_rank_signal;single_provider_mode_akshare_direct;target_horizon_calibration_warning;weak_target_horizon_rank_signal,calibration_not_reliable_for_thresholding;feature_sign_instability_bounded;provider_source_concentration_disclosed;selected_score_variant_weak_rank_signal;single_provider_mode_akshare_direct;target_horizon_calibration_warning;weak_target_horizon_rank_signal,blocked_high_risk,diagnostic_blocked_no_position_instruction,never_actionable,true,calibration_warning_blocks_position_band;future_position_diagnostics_non_actionable_policy;high_risk_severity_blocks_position_band;inherited_recommendation_never_actionable;provider_concentration_warning_disclosed;review_only_non_actionable_policy;weak_rank_signal_blocks_position_band,goal09_review_only_position_band_diagnostics_v1,review_only,source_goal=GOAL-08B;source_mode=review_only;source_goal07b_mode=review_only;risk_severity=HIGH;recommendation_actionability_status=never_actionable;position_band_diagnostic_label=blocked_high_risk;blocked_reason_codes=calibration_warning_blocks_position_band;future_position_diagnostics_non_actionable_policy;high_risk_severity_blocks_position_band;inherited_recommendation_never_actionable;provider_concentration_warning_disclosed;review_only_non_actionable_policy;weak_rank_signal_blocks_position_band,diagnostic_only_not_investment_advice_not_position_instruction_not_trade_instruction
2024-07-08,000001.SZ,GOAL-08B,review_only,review_only,blocked_high_risk,never_actionable,true,HIGH,model_warning,calibration_not_reliable_for_thresholding;feature_sign_instability_bounded;provider_source_concentration_disclosed;selected_score_variant_weak_rank_signal;single_provider_mode_akshare_direct;target_horizon_calibration_warning;weak_target_horizon_rank_signal,calibration_not_reliable_for_thresholding;feature_sign_instability_bounded;provider_source_concentration_disclosed;selected_score_variant_weak_rank_signal;single_provider_mode_akshare_direct;target_horizon_calibration_warning;weak_target_horizon_rank_signal,blocked_high_risk,diagnostic_blocked_no_position_instruction,never_actionable,true,calibration_warning_blocks_position_band;future_position_diagnostics_non_actionable_policy;high_risk_severity_blocks_position_band;inherited_recommendation_never_actionable;provider_concentration_warning_disclosed;review_only_non_actionable_policy;weak_rank_signal_blocks_position_band,goal09_review_only_position_band_diagnostics_v1,review_only,source_goal=GOAL-08B;source_mode=review_only;source_goal07b_mode=review_only;risk_severity=HIGH;recommendation_actionability_status=never_actionable;position_band_diagnostic_label=blocked_high_risk;blocked_reason_codes=calibration_warning_blocks_position_band;future_position_diagnostics_non_actionable_policy;high_risk_severity_blocks_position_band;inherited_recommendation_never_actionable;provider_concentration_warning_disclosed;review_only_non_actionable_policy;weak_rank_signal_blocks_position_band,diagnostic_only_not_investment_advice_not_position_instruction_not_trade_instruction
2024-07-09,000001.SZ,GOAL-08B,review_only,review_only,blocked_high_risk,never_actionable,true,HIGH,model_warning,calibration_not_reliable_for_thresholding;feature_sign_instability_bounded;provider_source_concentration_disclosed;selected_score_variant_weak_rank_signal;single_provider_mode_akshare_direct;target_horizon_calibration_warning;weak_target_horizon_rank_signal,calibration_not_reliable_for_thresholding;feature_sign_instability_bounded;provider_source_concentration_disclosed;selected_score_variant_weak_rank_signal;single_provider_mode_akshare_direct;target_horizon_calibration_warning;weak_target_horizon_rank_signal,blocked_high_risk,diagnostic_blocked_no_position_instruction,never_actionable,true,calibration_warning_blocks_position_band;future_position_diagnostics_non_actionable_policy;high_risk_severity_blocks_position_band;inherited_recommendation_never_actionable;provider_concentration_warning_disclosed;review_only_non_actionable_policy;weak_rank_signal_blocks_position_band,goal09_review_only_position_band_diagnostics_v1,review_only,source_goal=GOAL-08B;source_mode=review_only;source_goal07b_mode=review_only;risk_severity=HIGH;recommendation_actionability_status=never_actionable;position_band_diagnostic_label=blocked_high_risk;blocked_reason_codes=calibration_warning_blocks_position_band;future_position_diagnostics_non_actionable_policy;high_risk_severity_blocks_position_band;inherited_recommendation_never_actionable;provider_concentration_warning_disclosed;review_only_non_actionable_policy;weak_rank_signal_blocks_position_band,diagnostic_only_not_investment_advice_not_position_instruction_not_trade_instruction
2024-07-10,000001.SZ,GOAL-08B,review_only,review_only,blocked_high_risk,never_actionable,true,HIGH,model_warning,calibration_not_reliable_for_thresholding;feature_sign_instability_bounded;provider_source_concentration_disclosed;selected_score_variant_weak_rank_signal;single_provider_mode_akshare_direct;target_horizon_calibration_warning;weak_target_horizon_rank_signal,calibration_not_reliable_for_thresholding;feature_sign_instability_bounded;provider_source_concentration_disclosed;selected_score_variant_weak_rank_signal;single_provider_mode_akshare_direct;target_horizon_calibration_warning;weak_target_horizon_rank_signal,blocked_high_risk,diagnostic_blocked_no_position_instruction,never_actionable,true,calibration_warning_blocks_position_band;future_position_diagnostics_non_actionable_policy;high_risk_severity_blocks_position_band;inherited_recommendation_never_actionable;provider_concentration_warning_disclosed;review_only_non_actionable_policy;weak_rank_signal_blocks_position_band,goal09_review_only_position_band_diagnostics_v1,review_only,source_goal=GOAL-08B;source_mode=review_only;source_goal07b_mode=review_only;risk_severity=HIGH;recommendation_actionability_status=never_actionable;position_band_diagnostic_label=blocked_high_risk;blocked_reason_codes=calibration_warning_blocks_position_band;future_position_diagnostics_non_actionable_policy;high_risk_severity_blocks_position_band;inherited_recommendation_never_actionable;provider_concentration_warning_disclosed;review_only_non_actionable_policy;weak_rank_signal_blocks_position_band,diagnostic_only_not_investment_advice_not_position_instruction_not_trade_instruction
2024-07-11,000001.SZ,GOAL-08B,review_only,review_only,blocked_high_risk,never_actionable,true,HIGH,model_warning,calibration_not_reliable_for_thresholding;feature_sign_instability_bounded;provider_source_concentration_disclosed;selected_score_variant_weak_rank_signal;single_provider_mode_akshare_direct;target_horizon_calibration_warning;weak_target_horizon_rank_signal,calibration_not_reliable_for_thresholding;feature_sign_instability_bounded;provider_source_concentration_disclosed;selected_score_variant_weak_rank_signal;single_provider_mode_akshare_direct;target_horizon_calibration_warning;weak_target_horizon_rank_signal,blocked_high_risk,diagnostic_blocked_no_position_instruction,never_actionable,true,calibration_warning_blocks_position_band;future_position_diagnostics_non_actionable_policy;high_risk_severity_blocks_position_band;inherited_recommendation_never_actionable;provider_concentration_warning_disclosed;review_only_non_actionable_policy;weak_rank_signal_blocks_position_band,goal09_review_only_position_band_diagnostics_v1,review_only,source_goal=GOAL-08B;source_mode=review_only;source_goal07b_mode=review_only;risk_severity=HIGH;recommendation_actionability_status=never_actionable;position_band_diagnostic_label=blocked_high_risk;blocked_reason_codes=calibration_warning_blocks_position_band;future_position_diagnostics_non_actionable_policy;high_risk_severity_blocks_position_band;inherited_recommendation_never_actionable;provider_concentration_warning_disclosed;review_only_non_actionable_policy;weak_rank_signal_blocks_position_band,diagnostic_only_not_investment_advice_not_position_instruction_not_trade_instruction
2024-07-12,000001.SZ,GOAL-08B,review_only,review_only,blocked_high_risk,never_actionable,true,HIGH,model_warning,calibration_not_reliable_for_thresholding;feature_sign_instability_bounded;provider_source_concentration_disclosed;selected_score_variant_weak_rank_signal;single_provider_mode_akshare_direct;target_horizon_calibration_warning;weak_target_horizon_rank_signal,calibration_not_reliable_for_thresholding;feature_sign_instability_bounded;provider_source_concentration_disclosed;selected_score_variant_weak_rank_signal;single_provider_mode_akshare_direct;target_horizon_calibration_warning;weak_target_horizon_rank_signal,blocked_high_risk,diagnostic_blocked_no_position_instruction,never_actionable,true,calibration_warning_blocks_position_band;future_position_diagnostics_non_actionable_policy;high_risk_severity_blocks_position_band;inherited_recommendation_never_actionable;provider_concentration_warning_disclosed;review_only_non_actionable_policy;weak_rank_signal_blocks_position_band,goal09_review_only_position_band_diagnostics_v1,review_only,source_goal=GOAL-08B;source_mode=review_only;source_goal07b_mode=review_only;risk_severity=HIGH;recommendation_actionability_status=never_actionable;position_band_diagnostic_label=blocked_high_risk;blocked_reason_codes=calibration_warning_blocks_position_band;future_position_diagnostics_non_actionable_policy;high_risk_severity_blocks_position_band;inherited_recommendation_never_actionable;provider_concentration_warning_disclosed;review_only_non_actionable_policy;weak_rank_signal_blocks_position_band,diagnostic_only_not_investment_advice_not_position_instruction_not_trade_instruction
2024-07-15,000001.SZ,GOAL-08B,review_only,review_only,blocked_high_risk,never_actionable,true,HIGH,model_warning,calibration_not_reliable_for_thresholding;feature_sign_instability_bounded;provider_source_concentration_disclosed;selected_score_variant_weak_rank_signal;single_provider_mode_akshare_direct;target_horizon_calibration_warning;weak_target_horizon_rank_signal,calibration_not_reliable_for_thresholding;feature_sign_instability_bounded;provider_source_concentration_disclosed;selected_score_variant_weak_rank_signal;single_provider_mode_akshare_direct;target_horizon_calibration_warning;weak_target_horizon_rank_signal,blocked_high_risk,diagnostic_blocked_no_position_instruction,never_actionable,true,calibration_warning_blocks_position_band;future_position_diagnostics_non_actionable_policy;high_risk_severity_blocks_position_band;inherited_recommendation_never_actionable;provider_concentration_warning_disclosed;review_only_non_actionable_policy;weak_rank_signal_blocks_position_band,goal09_review_only_position_band_diagnostics_v1,review_only,source_goal=GOAL-08B;source_mode=review_only;source_goal07b_mode=review_only;risk_severity=HIGH;recommendation_actionability_status=never_actionable;position_band_diagnostic_label=blocked_high_risk;blocked_reason_codes=calibration_warning_blocks_position_band;future_position_diagnostics_non_actionable_policy;high_risk_severity_blocks_position_band;inherited_recommendation_never_actionable;provider_concentration_warning_disclosed;review_only_non_actionable_policy;weak_rank_signal_blocks_position_band,diagnostic_only_not_investment_advice_not_position_instruction_not_trade_instruction
2024-07-16,000001.SZ,GOAL-08B,review_only,review_only,blocked_high_risk,never_actionable,true,HIGH,model_warning,calibration_not_reliable_for_thresholding;feature_sign_instability_bounded;provider_source_concentration_disclosed;selected_score_variant_weak_rank_signal;single_provider_mode_akshare_direct;target_horizon_calibration_warning;weak_target_horizon_rank_signal,calibration_not_reliable_for_thresholding;feature_sign_instability_bounded;provider_source_concentration_disclosed;selected_score_variant_weak_rank_signal;single_provider_mode_akshare_direct;target_horizon_calibration_warning;weak_target_horizon_rank_signal,blocked_high_risk,diagnostic_blocked_no_position_instruction,never_actionable,true,calibration_warning_blocks_position_band;future_position_diagnostics_non_actionable_policy;high_risk_severity_blocks_position_band;inherited_recommendation_never_actionable;provider_concentration_warning_disclosed;review_only_non_actionable_policy;weak_rank_signal_blocks_position_band,goal09_review_only_position_band_diagnostics_v1,review_only,source_goal=GOAL-08B;source_mode=review_only;source_goal07b_mode=review_only;risk_severity=HIGH;recommendation_actionability_status=never_actionable;position_band_diagnostic_label=blocked_high_risk;blocked_reason_codes=calibration_warning_blocks_position_band;future_position_diagnostics_non_actionable_policy;high_risk_severity_blocks_position_band;inherited_recommendation_never_actionable;provider_concentration_warning_disclosed;review_only_non_actionable_policy;weak_rank_signal_blocks_position_band,diagnostic_only_not_investment_advice_not_position_instruction_not_trade_instruction
2024-07-17,000001.SZ,GOAL-08B,review_only,review_only,blocked_high_risk,never_actionable,true,HIGH,model_warning,calibration_not_reliable_for_thresholding;feature_sign_instability_bounded;provider_source_concentration_disclosed;selected_score_variant_weak_rank_signal;single_provider_mode_akshare_direct;target_horizon_calibration_warning;weak_target_horizon_rank_signal,calibration_not_reliable_for_thresholding;feature_sign_instability_bounded;provider_source_concentration_disclosed;selected_score_variant_weak_rank_signal;single_provider_mode_akshare_direct;target_horizon_calibration_warning;weak_target_horizon_rank_signal,blocked_high_risk,diagnostic_blocked_no_position_instruction,never_actionable,true,calibration_warning_blocks_position_band;future_position_diagnostics_non_actionable_policy;high_risk_severity_blocks_position_band;inherited_recommendation_never_actionable;provider_concentration_warning_disclosed;review_only_non_actionable_policy;weak_rank_signal_blocks_position_band,goal09_review_only_position_band_diagnostics_v1,review_only,source_goal=GOAL-08B;source_mode=review_only;source_goal07b_mode=review_only;risk_severity=HIGH;recommendation_actionability_status=never_actionable;position_band_diagnostic_label=blocked_high_risk;blocked_reason_codes=calibration_warning_blocks_position_band;future_position_diagnostics_non_actionable_policy;high_risk_severity_blocks_position_band;inherited_recommendation_never_actionable;provider_concentration_warning_disclosed;review_only_non_actionable_policy;weak_rank_signal_blocks_position_band,diagnostic_only_not_investment_advice_not_position_instruction_not_trade_instruction
2024-07-18,000001.SZ,GOAL-08B,review_only,review_only,blocked_high_risk,never_actionable,true,HIGH,model_warning,calibration_not_reliable_for_thresholding;feature_sign_instability_bounded;provider_source_concentration_disclosed;selected_score_variant_weak_rank_signal;single_provider_mode_akshare_direct;target_horizon_calibration_warning;weak_target_horizon_rank_signal,calibration_not_reliable_for_thresholding;feature_sign_instability_bounded;provider_source_concentration_disclosed;selected_score_variant_weak_rank_signal;single_provider_mode_akshare_direct;target_horizon_calibration_warning;weak_target_horizon_rank_signal,blocked_high_risk,diagnostic_blocked_no_position_instruction,never_actionable,true,calibration_warning_blocks_position_band;future_position_diagnostics_non_actionable_policy;high_risk_severity_blocks_position_band;inherited_recommendation_never_actionable;provider_concentration_warning_disclosed;review_only_non_actionable_policy;weak_rank_signal_blocks_position_band,goal09_review_only_position_band_diagnostics_v1,review_only,source_goal=GOAL-08B;source_mode=review_only;source_goal07b_mode=review_only;risk_severity=HIGH;recommendation_actionability_status=never_actionable;position_band_diagnostic_label=blocked_high_risk;blocked_reason_codes=calibration_warning_blocks_position_band;future_position_diagnostics_non_actionable_policy;high_risk_severity_blocks_position_band;inherited_recommendation_never_actionable;provider_concentration_warning_disclosed;review_only_non_actionable_policy;weak_rank_signal_blocks_position_band,diagnostic_only_not_investment_advice_not_position_instruction_not_trade_instruction
2024-07-19,000001.SZ,GOAL-08B,review_only,review_only,blocked_high_risk,never_actionable,true,HIGH,model_warning,calibration_not_reliable_for_thresholding;feature_sign_instability_bounded;provider_source_concentration_disclosed;selected_score_variant_weak_rank_signal;single_provider_mode_akshare_direct;target_horizon_calibration_warning;weak_target_horizon_rank_signal,calibration_not_reliable_for_thresholding;feature_sign_instability_bounded;provider_source_concentration_disclosed;selected_score_variant_weak_rank_signal;single_provider_mode_akshare_direct;target_horizon_calibration_warning;weak_target_horizon_rank_signal,blocked_high_risk,diagnostic_blocked_no_position_instruction,never_actionable,true,calibration_warning_blocks_position_band;future_position_diagnostics_non_actionable_policy;high_risk_severity_blocks_position_band;inherited_recommendation_never_actionable;provider_concentration_warning_disclosed;review_only_non_actionable_policy;weak_rank_signal_blocks_position_band,goal09_review_only_position_band_diagnostics_v1,review_only,source_goal=GOAL-08B;source_mode=review_only;source_goal07b_mode=review_only;risk_severity=HIGH;recommendation_actionability_status=never_actionable;position_band_diagnostic_label=blocked_high_risk;blocked_reason_codes=calibration_warning_blocks_position_band;future_position_diagnostics_non_actionable_policy;high_risk_severity_blocks_position_band;inherited_recommendation_never_actionable;provider_concentration_warning_disclosed;review_only_non_actionable_policy;weak_rank_signal_blocks_position_band,diagnostic_only_not_investment_advice_not_position_instruction_not_trade_instruction
2024-07-22,000001.SZ,GOAL-08B,review_only,review_only,blocked_high_risk,never_actionable,true,HIGH,model_warning,calibration_not_reliable_for_thresholding;feature_sign_instability_bounded;provider_source_concentration_disclosed;selected_score_variant_weak_rank_signal;single_provider_mode_akshare_direct;target_horizon_calibration_warning;weak_target_horizon_rank_signal,calibration_not_reliable_for_thresholding;feature_sign_instability_bounded;provider_source_concentration_disclosed;selected_score_variant_weak_rank_signal;single_provider_mode_akshare_direct;target_horizon_calibration_warning;weak_target_horizon_rank_signal,blocked_high_risk,diagnostic_blocked_no_position_instruction,never_actionable,true,calibration_warning_blocks_position_band;future_position_diagnostics_non_actionable_policy;high_risk_severity_blocks_position_band;inherited_recommendation_never_actionable;provider_concentration_warning_disclosed;review_only_non_actionable_policy;weak_rank_signal_blocks_position_band,goal09_review_only_position_band_diagnostics_v1,review_only,source_goal=GOAL-08B;source_mode=review_only;source_goal07b_mode=review_only;risk_severity=HIGH;recommendation_actionability_status=never_actionable;position_band_diagnostic_label=blocked_high_risk;blocked_reason_codes=calibration_warning_blocks_position_band;future_position_diagnostics_non_actionable_policy;high_risk_severity_blocks_position_band;inherited_recommendation_never_actionable;provider_concentration_warning_disclosed;review_only_non_actionable_policy;weak_rank_signal_blocks_position_band,diagnostic_only_not_investment_advice_not_position_instruction_not_trade_instruction
2024-07-23,000001.SZ,GOAL-08B,review_only,review_only,blocked_high_risk,never_actionable,true,HIGH,model_warning,calibration_not_reliable_for_thresholding;feature_sign_instability_bounded;provider_source_concentration_disclosed;selected_score_variant_weak_rank_signal;single_provider_mode_akshare_direct;target_horizon_calibration_warning;weak_target_horizon_rank_signal,calibration_not_reliable_for_thresholding;feature_sign_instability_bounded;provider_source_concentration_disclosed;selected_score_variant_weak_rank_signal;single_provider_mode_akshare_direct;target_horizon_calibration_warning;weak_target_horizon_rank_signal,blocked_high_risk,diagnostic_blocked_no_position_instruction,never_actionable,true,calibration_warning_blocks_position_band;future_position_diagnostics_non_actionable_policy;high_risk_severity_blocks_position_band;inherited_recommendation_never_actionable;provider_concentration_warning_disclosed;review_only_non_actionable_policy;weak_rank_signal_blocks_position_band,goal09_review_only_position_band_diagnostics_v1,review_only,source_goal=GOAL-08B;source_mode=review_only;source_goal07b_mode=review_only;risk_severity=HIGH;recommendation_actionability_status=never_actionable;position_band_diagnostic_label=blocked_high_risk;blocked_reason_codes=calibration_warning_blocks_position_band;future_position_diagnostics_non_actionable_policy;high_risk_severity_blocks_position_band;inherited_recommendation_never_actionable;provider_concentration_warning_disclosed;review_only_non_actionable_policy;weak_rank_signal_blocks_position_band,diagnostic_only_not_investment_advice_not_position_instruction_not_trade_instruction
2024-07-24,000001.SZ,GOAL-08B,review_only,review_only,blocked_high_risk,never_actionable,true,HIGH,model_warning,calibration_not_reliable_for_thresholding;feature_sign_instability_bounded;provider_source_concentration_disclosed;selected_score_variant_weak_rank_signal;single_provider_mode_akshare_direct;target_horizon_calibration_warning;weak_target_horizon_rank_signal,calibration_not_reliable_for_thresholding;feature_sign_instability_bounded;provider_source_concentration_disclosed;selected_score_variant_weak_rank_signal;single_provider_mode_akshare_direct;target_horizon_calibration_warning;weak_target_horizon_rank_signal,blocked_high_risk,diagnostic_blocked_no_position_instruction,never_actionable,true,calibration_warning_blocks_position_band;future_position_diagnostics_non_actionable_policy;high_risk_severity_blocks_position_band;inherited_recommendation_never_actionable;provider_concentration_warning_disclosed;review_only_non_actionable_policy;weak_rank_signal_blocks_position_band,goal09_review_only_position_band_diagnostics_v1,review_only,source_goal=GOAL-08B;source_mode=review_only;source_goal07b_mode=review_only;risk_severity=HIGH;recommendation_actionability_status=never_actionable;position_band_diagnostic_label=blocked_high_risk;blocked_reason_codes=calibration_warning_blocks_position_band;future_position_diagnostics_non_actionable_policy;high_risk_severity_blocks_position_band;inherited_recommendation_never_actionable;provider_concentration_warning_disclosed;review_only_non_actionable_policy;weak_rank_signal_blocks_position_band,diagnostic_only_not_investment_advice_not_position_instruction_not_trade_instruction
2024-07-25,000001.SZ,GOAL-08B,review_only,review_only,blocked_high_risk,never_actionable,true,HIGH,model_warning,calibration_not_reliable_for_thresholding;feature_sign_instability_bounded;provider_source_concentration_disclosed;selected_score_variant_weak_rank_signal;single_provider_mode_akshare_direct;target_horizon_calibration_warning;weak_target_horizon_rank_signal,calibration_not_reliable_for_thresholding;feature_sign_instability_bounded;provider_source_concentration_disclosed;selected_score_variant_weak_rank_signal;single_provider_mode_akshare_direct;target_horizon_calibration_warning;weak_target_horizon_rank_signal,blocked_high_risk,diagnostic_blocked_no_position_instruction,never_actionable,true,calibration_warning_blocks_position_band;future_position_diagnostics_non_actionable_policy;high_risk_severity_blocks_position_band;inherited_recommendation_never_actionable;provider_concentration_warning_disclosed;review_only_non_actionable_policy;weak_rank_signal_blocks_position_band,goal09_review_only_position_band_diagnostics_v1,review_only,source_goal=GOAL-08B;source_mode=review_only;source_goal07b_mode=review_only;risk_severity=HIGH;recommendation_actionability_status=never_actionable;position_band_diagnostic_label=blocked_high_risk;blocked_reason_codes=calibration_warning_blocks_position_band;future_position_diagnostics_non_actionable_policy;high_risk_severity_blocks_position_band;inherited_recommendation_never_actionable;provider_concentration_warning_disclosed;review_only_non_actionable_policy;weak_rank_signal_blocks_position_band,diagnostic_only_not_investment_advice_not_position_instruction_not_trade_instruction
2024-07-26,000001.SZ,GOAL-08B,review_only,review_only,blocked_high_risk,never_actionable,true,HIGH,model_warning,calibration_not_reliable_for_thresholding;feature_sign_instability_bounded;provider_source_concentration_disclosed;selected_score_variant_weak_rank_signal;single_provider_mode_akshare_direct;target_horizon_calibration_warning;weak_target_horizon_rank_signal,calibration_not_reliable_for_thresholding;feature_sign_instability_bounded;provider_source_concentration_disclosed;selected_score_variant_weak_rank_signal;single_provider_mode_akshare_direct;target_horizon_calibration_warning;weak_target_horizon_rank_signal,blocked_high_risk,diagnostic_blocked_no_position_instruction,never_actionable,true,calibration_warning_blocks_position_band;future_position_diagnostics_non_actionable_policy;high_risk_severity_blocks_position_band;inherited_recommendation_never_actionable;provider_concentration_warning_disclosed;review_only_non_actionable_policy;weak_rank_signal_blocks_position_band,goal09_review_only_position_band_diagnostics_v1,review_only,source_goal=GOAL-08B;source_mode=review_only;source_goal07b_mode=review_only;risk_severity=HIGH;recommendation_actionability_status=never_actionable;position_band_diagnostic_label=blocked_high_risk;blocked_reason_codes=calibration_warning_blocks_position_band;future_position_diagnostics_non_actionable_policy;high_risk_severity_blocks_position_band;inherited_recommendation_never_actionable;provider_concentration_warning_disclosed;review_only_non_actionable_policy;weak_rank_signal_blocks_position_band,diagnostic_only_not_investment_advice_not_position_instruction_not_trade_instruction
2024-07-29,000001.SZ,GOAL-08B,review_only,review_only,blocked_high_risk,never_actionable,true,HIGH,model_warning,calibration_not_reliable_for_thresholding;feature_sign_instability_bounded;provider_source_concentration_disclosed;selected_score_variant_weak_rank_signal;single_provider_mode_akshare_direct;target_horizon_calibration_warning;weak_target_horizon_rank_signal,calibration_not_reliable_for_thresholding;feature_sign_instability_bounded;provider_source_concentration_disclosed;selected_score_variant_weak_rank_signal;single_provider_mode_akshare_direct;target_horizon_calibration_warning;weak_target_horizon_rank_signal,blocked_high_risk,diagnostic_blocked_no_position_instruction,never_actionable,true,calibration_warning_blocks_position_band;future_position_diagnostics_non_actionable_policy;high_risk_severity_blocks_position_band;inherited_recommendation_never_actionable;provider_concentration_warning_disclosed;review_only_non_actionable_policy;weak_rank_signal_blocks_position_band,goal09_review_only_position_band_diagnostics_v1,review_only,source_goal=GOAL-08B;source_mode=review_only;source_goal07b_mode=review_only;risk_severity=HIGH;recommendation_actionability_status=never_actionable;position_band_diagnostic_label=blocked_high_risk;blocked_reason_codes=calibration_warning_blocks_position_band;future_position_diagnostics_non_actionable_policy;high_risk_severity_blocks_position_band;inherited_recommendation_never_actionable;provider_concentration_warning_disclosed;review_only_non_actionable_policy;weak_rank_signal_blocks_position_band,diagnostic_only_not_investment_advice_not_position_instruction_not_trade_instruction
2024-07-30,000001.SZ,GOAL-08B,review_only,review_only,blocked_high_risk,never_actionable,true,HIGH,model_warning,calibration_not_reliable_for_thresholding;feature_sign_instability_bounded;provider_source_concentration_disclosed;selected_score_variant_weak_rank_signal;single_provider_mode_akshare_direct;target_horizon_calibration_warning;weak_target_horizon_rank_signal,calibration_not_reliable_for_thresholding;feature_sign_instability_bounded;provider_source_concentration_disclosed;selected_score_variant_weak_rank_signal;single_provider_mode_akshare_direct;target_horizon_calibration_warning;weak_target_horizon_rank_signal,blocked_high_risk,diagnostic_blocked_no_position_instruction,never_actionable,true,calibration_warning_blocks_position_band;future_position_diagnostics_non_actionable_policy;high_risk_severity_blocks_position_band;inherited_recommendation_never_actionable;provider_concentration_warning_disclosed;review_only_non_actionable_policy;weak_rank_signal_blocks_position_band,goal09_review_only_position_band_diagnostics_v1,review_only,source_goal=GOAL-08B;source_mode=review_only;source_goal07b_mode=review_only;risk_severity=HIGH;recommendation_actionability_status=never_actionable;position_band_diagnostic_label=blocked_high_risk;blocked_reason_codes=calibration_warning_blocks_position_band;future_position_diagnostics_non_actionable_policy;high_risk_severity_blocks_position_band;inherited_recommendation_never_actionable;provider_concentration_warning_disclosed;review_only_non_actionable_policy;weak_rank_signal_blocks_position_band,diagnostic_only_not_investment_advice_not_position_instruction_not_trade_instruction
2024-07-31,000001.SZ,GOAL-08B,review_only,review_only,blocked_high_risk,never_actionable,true,HIGH,model_warning,calibration_not_reliable_for_thresholding;feature_sign_instability_bounded;provider_source_concentration_disclosed;selected_score_variant_weak_rank_signal;single_provider_mode_akshare_direct;target_horizon_calibration_warning;weak_target_horizon_rank_signal,calibration_not_reliable_for_thresholding;feature_sign_instability_bounded;provider_source_concentration_disclosed;selected_score_variant_weak_rank_signal;single_provider_mode_akshare_direct;target_horizon_calibration_warning;weak_target_horizon_rank_signal,blocked_high_risk,diagnostic_blocked_no_position_instruction,never_actionable,true,calibration_warning_blocks_position_band;future_position_diagnostics_non_actionable_policy;high_risk_severity_blocks_position_band;inherited_recommendation_never_actionable;provider_concentration_warning_disclosed;review_only_non_actionable_policy;weak_rank_signal_blocks_position_band,goal09_review_only_position_band_diagnostics_v1,review_only,source_goal=GOAL-08B;source_mode=review_only;source_goal07b_mode=review_only;risk_severity=HIGH;recommendation_actionability_status=never_actionable;position_band_diagnostic_label=blocked_high_risk;blocked_reason_codes=calibration_warning_blocks_position_band;future_position_diagnostics_non_actionable_policy;high_risk_severity_blocks_position_band;inherited_recommendation_never_actionable;provider_concentration_warning_disclosed;review_only_non_actionable_policy;weak_rank_signal_blocks_position_band,diagnostic_only_not_investment_advice_not_position_instruction_not_trade_instruction
2024-08-01,000001.SZ,GOAL-08B,review_only,review_only,blocked_high_risk,never_actionable,true,HIGH,model_warning,calibration_not_reliable_for_thresholding;feature_sign_instability_bounded;provider_source_concentration_disclosed;selected_score_variant_weak_rank_signal;single_provider_mode_akshare_direct;target_horizon_calibration_warning;weak_target_horizon_rank_signal,calibration_not_reliable_for_thresholding;feature_sign_instability_bounded;provider_source_concentration_disclosed;selected_score_variant_weak_rank_signal;single_provider_mode_akshare_direct;target_horizon_calibration_warning;weak_target_horizon_rank_signal,blocked_high_risk,diagnostic_blocked_no_position_instruction,never_actionable,true,calibration_warning_blocks_position_band;future_position_diagnostics_non_actionable_policy;high_risk_severity_blocks_position_band;inherited_recommendation_never_actionable;provider_concentration_warning_disclosed;review_only_non_actionable_policy;weak_rank_signal_blocks_position_band,goal09_review_only_position_band_diagnostics_v1,review_only,source_goal=GOAL-08B;source_mode=review_only;source_goal07b_mode=review_only;risk_severity=HIGH;recommendation_actionability_status=never_actionable;position_band_diagnostic_label=blocked_high_risk;blocked_reason_codes=calibration_warning_blocks_position_band;future_position_diagnostics_non_actionable_policy;high_risk_severity_blocks_position_band;inherited_recommendation_never_actionable;provider_concentration_warning_disclosed;review_only_non_actionable_policy;weak_rank_signal_blocks_position_band,diagnostic_only_not_investment_advice_not_position_instruction_not_trade_instruction
2024-08-02,000001.SZ,GOAL-08B,review_only,review_only,blocked_high_risk,never_actionable,true,HIGH,model_warning,calibration_not_reliable_for_thresholding;feature_sign_instability_bounded;provider_source_concentration_disclosed;selected_score_variant_weak_rank_signal;single_provider_mode_akshare_direct;target_horizon_calibration_warning;weak_target_horizon_rank_signal,calibration_not_reliable_for_thresholding;feature_sign_instability_bounded;provider_source_concentration_disclosed;selected_score_variant_weak_rank_signal;single_provider_mode_akshare_direct;target_horizon_calibration_warning;weak_target_horizon_rank_signal,blocked_high_risk,diagnostic_blocked_no_position_instruction,never_actionable,true,calibration_warning_blocks_position_band;future_position_diagnostics_non_actionable_policy;high_risk_severity_blocks_position_band;inherited_recommendation_never_actionable;provider_concentration_warning_disclosed;review_only_non_actionable_policy;weak_rank_signal_blocks_position_band,goal09_review_only_position_band_diagnostics_v1,review_only,source_goal=GOAL-08B;source_mode=review_only;source_goal07b_mode=review_only;risk_severity=HIGH;recommendation_actionability_status=never_actionable;position_band_diagnostic_label=blocked_high_risk;blocked_reason_codes=calibration_warning_blocks_position_band;future_position_diagnostics_non_actionable_policy;high_risk_severity_blocks_position_band;inherited_recommendation_never_actionable;provider_concentration_warning_disclosed;review_only_non_actionable_policy;weak_rank_signal_blocks_position_band,diagnostic_only_not_investment_advice_not_position_instruction_not_trade_instruction
2024-08-05,000001.SZ,GOAL-08B,review_only,review_only,blocked_high_risk,never_actionable,true,HIGH,model_warning,calibration_not_reliable_for_thresholding;feature_sign_instability_bounded;provider_source_concentration_disclosed;selected_score_variant_weak_rank_signal;single_provider_mode_akshare_direct;target_horizon_calibration_warning;weak_target_horizon_rank_signal,calibration_not_reliable_for_thresholding;feature_sign_instability_bounded;provider_source_concentration_disclosed;selected_score_variant_weak_rank_signal;single_provider_mode_akshare_direct;target_horizon_calibration_warning;weak_target_horizon_rank_signal,blocked_high_risk,diagnostic_blocked_no_position_instruction,never_actionable,true,calibration_warning_blocks_position_band;future_position_diagnostics_non_actionable_policy;high_risk_severity_blocks_position_band;inherited_recommendation_never_actionable;provider_concentration_warning_disclosed;review_only_non_actionable_policy;weak_rank_signal_blocks_position_band,goal09_review_only_position_band_diagnostics_v1,review_only,source_goal=GOAL-08B;source_mode=review_only;source_goal07b_mode=review_only;risk_severity=HIGH;recommendation_actionability_status=never_actionable;position_band_diagnostic_label=blocked_high_risk;blocked_reason_codes=calibration_warning_blocks_position_band;future_position_diagnostics_non_actionable_policy;high_risk_severity_blocks_position_band;inherited_recommendation_never_actionable;provider_concentration_warning_disclosed;review_only_non_actionable_policy;weak_rank_signal_blocks_position_band,diagnostic_only_not_investment_advice_not_position_instruction_not_trade_instruction
2024-08-06,000001.SZ,GOAL-08B,review_only,review_only,blocked_high_risk,never_actionable,true,HIGH,model_warning,calibration_not_reliable_for_thresholding;feature_sign_instability_bounded;provider_source_concentration_disclosed;selected_score_variant_weak_rank_signal;single_provider_mode_akshare_direct;target_horizon_calibration_warning;weak_target_horizon_rank_signal,calibration_not_reliable_for_thresholding;feature_sign_instability_bounded;provider_source_concentration_disclosed;selected_score_variant_weak_rank_signal;single_provider_mode_akshare_direct;target_horizon_calibration_warning;weak_target_horizon_rank_signal,blocked_high_risk,diagnostic_blocked_no_position_instruction,never_actionable,true,calibration_warning_blocks_position_band;future_position_diagnostics_non_actionable_policy;high_risk_severity_blocks_position_band;inherited_recommendation_never_actionable;provider_concentration_warning_disclosed;review_only_non_actionable_policy;weak_rank_signal_blocks_position_band,goal09_review_only_position_band_diagnostics_v1,review_only,source_goal=GOAL-08B;source_mode=review_only;source_goal07b_mode=review_only;risk_severity=HIGH;recommendation_actionability_status=never_actionable;position_band_diagnostic_label=blocked_high_risk;blocked_reason_codes=calibration_warning_blocks_position_band;future_position_diagnostics_non_actionable_policy;high_risk_severity_blocks_position_band;inherited_recommendation_never_actionable;provider_concentration_warning_disclosed;review_only_non_actionable_policy;weak_rank_signal_blocks_position_band,diagnostic_only_not_investment_advice_not_position_instruction_not_trade_instruction
2024-08-07,000001.SZ,GOAL-08B,review_only,review_only,blocked_high_risk,never_actionable,true,HIGH,model_warning,calibration_not_reliable_for_thresholding;feature_sign_instability_bounded;provider_source_concentration_disclosed;selected_score_variant_weak_rank_signal;single_provider_mode_akshare_direct;target_horizon_calibration_warning;weak_target_horizon_rank_signal,calibration_not_reliable_for_thresholding;feature_sign_instability_bounded;provider_source_concentration_disclosed;selected_score_variant_weak_rank_signal;single_provider_mode_akshare_direct;target_horizon_calibration_warning;weak_target_horizon_rank_signal,blocked_high_risk,diagnostic_blocked_no_position_instruction,never_actionable,true,calibration_warning_blocks_position_band;future_position_diagnostics_non_actionable_policy;high_risk_severity_blocks_position_band;inherited_recommendation_never_actionable;provider_concentration_warning_disclosed;review_only_non_actionable_policy;weak_rank_signal_blocks_position_band,goal09_review_only_position_band_diagnostics_v1,review_only,source_goal=GOAL-08B;source_mode=review_only;source_goal07b_mode=review_only;risk_severity=HIGH;recommendation_actionability_status=never_actionable;position_band_diagnostic_label=blocked_high_risk;blocked_reason_codes=calibration_warning_blocks_position_band;future_position_diagnostics_non_actionable_policy;high_risk_severity_blocks_position_band;inherited_recommendation_never_actionable;provider_concentration_warning_disclosed;review_only_non_actionable_policy;weak_rank_signal_blocks_position_band,diagnostic_only_not_investment_advice_not_position_instruction_not_trade_instruction
2024-08-08,000001.SZ,GOAL-08B,review_only,review_only,blocked_high_risk,never_actionable,true,HIGH,model_warning,calibration_not_reliable_for_thresholding;feature_sign_instability_bounded;provider_source_concentration_disclosed;selected_score_variant_weak_rank_signal;single_provider_mode_akshare_direct;target_horizon_calibration_warning;weak_target_horizon_rank_signal,calibration_not_reliable_for_thresholding;feature_sign_instability_bounded;provider_source_concentration_disclosed;selected_score_variant_weak_rank_signal;single_provider_mode_akshare_direct;target_horizon_calibration_warning;weak_target_horizon_rank_signal,blocked_high_risk,diagnostic_blocked_no_position_instruction,never_actionable,true,calibration_warning_blocks_position_band;future_position_diagnostics_non_actionable_policy;high_risk_severity_blocks_position_band;inherited_recommendation_never_actionable;provider_concentration_warning_disclosed;review_only_non_actionable_policy;weak_rank_signal_blocks_position_band,goal09_review_only_position_band_diagnostics_v1,review_only,source_goal=GOAL-08B;source_mode=review_only;source_goal07b_mode=review_only;risk_severity=HIGH;recommendation_actionability_status=never_actionable;position_band_diagnostic_label=blocked_high_risk;blocked_reason_codes=calibration_warning_blocks_position_band;future_position_diagnostics_non_actionable_policy;high_risk_severity_blocks_position_band;inherited_recommendation_never_actionable;provider_concentration_warning_disclosed;review_only_non_actionable_policy;weak_rank_signal_blocks_position_band,diagnostic_only_not_investment_advice_not_position_instruction_not_trade_instruction
2024-08-09,000001.SZ,GOAL-08B,review_only,review_only,blocked_high_risk,never_actionable,true,HIGH,model_warning,calibration_not_reliable_for_thresholding;feature_sign_instability_bounded;provider_source_concentration_disclosed;selected_score_variant_weak_rank_signal;single_provider_mode_akshare_direct;target_horizon_calibration_warning;weak_target_horizon_rank_signal,calibration_not_reliable_for_thresholding;feature_sign_instability_bounded;provider_source_concentration_disclosed;selected_score_variant_weak_rank_signal;single_provider_mode_akshare_direct;target_horizon_calibration_warning;weak_target_horizon_rank_signal,blocked_high_risk,diagnostic_blocked_no_position_instruction,never_actionable,true,calibration_warning_blocks_position_band;future_position_diagnostics_non_actionable_policy;high_risk_severity_blocks_position_band;inherited_recommendation_never_actionable;provider_concentration_warning_disclosed;review_only_non_actionable_policy;weak_rank_signal_blocks_position_band,goal09_review_only_position_band_diagnostics_v1,review_only,source_goal=GOAL-08B;source_mode=review_only;source_goal07b_mode=review_only;risk_severity=HIGH;recommendation_actionability_status=never_actionable;position_band_diagnostic_label=blocked_high_risk;blocked_reason_codes=calibration_warning_blocks_position_band;future_position_diagnostics_non_actionable_policy;high_risk_severity_blocks_position_band;inherited_recommendation_never_actionable;provider_concentration_warning_disclosed;review_only_non_actionable_policy;weak_rank_signal_blocks_position_band,diagnostic_only_not_investment_advice_not_position_instruction_not_trade_instruction
2024-08-12,000001.SZ,GOAL-08B,review_only,review_only,blocked_high_risk,never_actionable,true,HIGH,model_warning,calibration_not_reliable_for_thresholding;feature_sign_instability_bounded;provider_source_concentration_disclosed;selected_score_variant_weak_rank_signal;single_provider_mode_akshare_direct;target_horizon_calibration_warning;weak_target_horizon_rank_signal,calibration_not_reliable_for_thresholding;feature_sign_instability_bounded;provider_source_concentration_disclosed;selected_score_variant_weak_rank_signal;single_provider_mode_akshare_direct;target_horizon_calibration_warning;weak_target_horizon_rank_signal,blocked_high_risk,diagnostic_blocked_no_position_instruction,never_actionable,true,calibration_warning_blocks_position_band;future_position_diagnostics_non_actionable_policy;high_risk_severity_blocks_position_band;inherited_recommendation_never_actionable;provider_concentration_warning_disclosed;review_only_non_actionable_policy;weak_rank_signal_blocks_position_band,goal09_review_only_position_band_diagnostics_v1,review_only,source_goal=GOAL-08B;source_mode=review_only;source_goal07b_mode=review_only;risk_severity=HIGH;recommendation_actionability_status=never_actionable;position_band_diagnostic_label=blocked_high_risk;blocked_reason_codes=calibration_warning_blocks_position_band;future_position_diagnostics_non_actionable_policy;high_risk_severity_blocks_position_band;inherited_recommendation_never_actionable;provider_concentration_warning_disclosed;review_only_non_actionable_policy;weak_rank_signal_blocks_position_band,diagnostic_only_not_investment_advice_not_position_instruction_not_trade_instruction
2024-08-13,000001.SZ,GOAL-08B,review_only,review_only,blocked_high_risk,never_actionable,true,HIGH,model_warning,calibration_not_reliable_for_thresholding;feature_sign_instability_bounded;provider_source_concentration_disclosed;selected_score_variant_weak_rank_signal;single_provider_mode_akshare_direct;target_horizon_calibration_warning;weak_target_horizon_rank_signal,calibration_not_reliable_for_thresholding;feature_sign_instability_bounded;provider_source_concentration_disclosed;selected_score_variant_weak_rank_signal;single_provider_mode_akshare_direct;target_horizon_calibration_warning;weak_target_horizon_rank_signal,blocked_high_risk,diagnostic_blocked_no_position_instruction,never_actionable,true,calibration_warning_blocks_position_band;future_position_diagnostics_non_actionable_policy;high_risk_severity_blocks_position_band;inherited_recommendation_never_actionable;provider_concentration_warning_disclosed;review_only_non_actionable_policy;weak_rank_signal_blocks_position_band,goal09_review_only_position_band_diagnostics_v1,review_only,source_goal=GOAL-08B;source_mode=review_only;source_goal07b_mode=review_only;risk_severity=HIGH;recommendation_actionability_status=never_actionable;position_band_diagnostic_label=blocked_high_risk;blocked_reason_codes=calibration_warning_blocks_position_band;future_position_diagnostics_non_actionable_policy;high_risk_severity_blocks_position_band;inherited_recommendation_never_actionable;provider_concentration_warning_disclosed;review_only_non_actionable_policy;weak_rank_signal_blocks_position_band,diagnostic_only_not_investment_advice_not_position_instruction_not_trade_instruction
2024-08-14,000001.SZ,GOAL-08B,review_only,review_only,blocked_high_risk,never_actionable,true,HIGH,model_warning,calibration_not_reliable_for_thresholding;feature_sign_instability_bounded;provider_source_concentration_disclosed;selected_score_variant_weak_rank_signal;single_provider_mode_akshare_direct;target_horizon_calibration_warning;weak_target_horizon_rank_signal,calibration_not_reliable_for_thresholding;feature_sign_instability_bounded;provider_source_concentration_disclosed;selected_score_variant_weak_rank_signal;single_provider_mode_akshare_direct;target_horizon_calibration_warning;weak_target_horizon_rank_signal,blocked_high_risk,diagnostic_blocked_no_position_instruction,never_actionable,true,calibration_warning_blocks_position_band;future_position_diagnostics_non_actionable_policy;high_risk_severity_blocks_position_band;inherited_recommendation_never_actionable;provider_concentration_warning_disclosed;review_only_non_actionable_policy;weak_rank_signal_blocks_position_band,goal09_review_only_position_band_diagnostics_v1,review_only,source_goal=GOAL-08B;source_mode=review_only;source_goal07b_mode=review_only;risk_severity=HIGH;recommendation_actionability_status=never_actionable;position_band_diagnostic_label=blocked_high_risk;blocked_reason_codes=calibration_warning_blocks_position_band;future_position_diagnostics_non_actionable_policy;high_risk_severity_blocks_position_band;inherited_recommendation_never_actionable;provider_concentration_warning_disclosed;review_only_non_actionable_policy;weak_rank_signal_blocks_position_band,diagnostic_only_not_investment_advice_not_position_instruction_not_trade_instruction
2024-08-15,000001.SZ,GOAL-08B,review_only,review_only,blocked_high_risk,never_actionable,true,HIGH,model_warning,calibration_not_reliable_for_thresholding;feature_sign_instability_bounded;provider_source_concentration_disclosed;selected_score_variant_weak_rank_signal;single_provider_mode_akshare_direct;target_horizon_calibration_warning;weak_target_horizon_rank_signal,calibration_not_reliable_for_thresholding;feature_sign_instability_bounded;provider_source_concentration_disclosed;selected_score_variant_weak_rank_signal;single_provider_mode_akshare_direct;target_horizon_calibration_warning;weak_target_horizon_rank_signal,blocked_high_risk,diagnostic_blocked_no_position_instruction,never_actionable,true,calibration_warning_blocks_position_band;future_position_diagnostics_non_actionable_policy;high_risk_severity_blocks_position_band;inherited_recommendation_never_actionable;provider_concentration_warning_disclosed;review_only_non_actionable_policy;weak_rank_signal_blocks_position_band,goal09_review_only_position_band_diagnostics_v1,review_only,source_goal=GOAL-08B;source_mode=review_only;source_goal07b_mode=review_only;risk_severity=HIGH;recommendation_actionability_status=never_actionable;position_band_diagnostic_label=blocked_high_risk;blocked_reason_codes=calibration_warning_blocks_position_band;future_position_diagnostics_non_actionable_policy;high_risk_severity_blocks_position_band;inherited_recommendation_never_actionable;provider_concentration_warning_disclosed;review_only_non_actionable_policy;weak_rank_signal_blocks_position_band,diagnostic_only_not_investment_advice_not_position_instruction_not_trade_instruction
2024-08-16,000001.SZ,GOAL-08B,review_only,review_only,blocked_high_risk,never_actionable,true,HIGH,model_warning,calibration_not_reliable_for_thresholding;feature_sign_instability_bounded;provider_source_concentration_disclosed;selected_score_variant_weak_rank_signal;single_provider_mode_akshare_direct;target_horizon_calibration_warning;weak_target_horizon_rank_signal,calibration_not_reliable_for_thresholding;feature_sign_instability_bounded;provider_source_concentration_disclosed;selected_score_variant_weak_rank_signal;single_provider_mode_akshare_direct;target_horizon_calibration_warning;weak_target_horizon_rank_signal,blocked_high_risk,diagnostic_blocked_no_position_instruction,never_actionable,true,calibration_warning_blocks_position_band;future_position_diagnostics_non_actionable_policy;high_risk_severity_blocks_position_band;inherited_recommendation_never_actionable;provider_concentration_warning_disclosed;review_only_non_actionable_policy;weak_rank_signal_blocks_position_band,goal09_review_only_position_band_diagnostics_v1,review_only,source_goal=GOAL-08B;source_mode=review_only;source_goal07b_mode=review_only;risk_severity=HIGH;recommendation_actionability_status=never_actionable;position_band_diagnostic_label=blocked_high_risk;blocked_reason_codes=calibration_warning_blocks_position_band;future_position_diagnostics_non_actionable_policy;high_risk_severity_blocks_position_band;inherited_recommendation_never_actionable;provider_concentration_warning_disclosed;review_only_non_actionable_policy;weak_rank_signal_blocks_position_band,diagnostic_only_not_investment_advice_not_position_instruction_not_trade_instruction
2024-08-19,000001.SZ,GOAL-08B,review_only,review_only,blocked_high_risk,never_actionable,true,HIGH,model_warning,calibration_not_reliable_for_thresholding;feature_sign_instability_bounded;provider_source_concentration_disclosed;selected_score_variant_weak_rank_signal;single_provider_mode_akshare_direct;target_horizon_calibration_warning;weak_target_horizon_rank_signal,calibration_not_reliable_for_thresholding;feature_sign_instability_bounded;provider_source_concentration_disclosed;selected_score_variant_weak_rank_signal;single_provider_mode_akshare_direct;target_horizon_calibration_warning;weak_target_horizon_rank_signal,blocked_high_risk,diagnostic_blocked_no_position_instruction,never_actionable,true,calibration_warning_blocks_position_band;future_position_diagnostics_non_actionable_policy;high_risk_severity_blocks_position_band;inherited_recommendation_never_actionable;provider_concentration_warning_disclosed;review_only_non_actionable_policy;weak_rank_signal_blocks_position_band,goal09_review_only_position_band_diagnostics_v1,review_only,source_goal=GOAL-08B;source_mode=review_only;source_goal07b_mode=review_only;risk_severity=HIGH;recommendation_actionability_status=never_actionable;position_band_diagnostic_label=blocked_high_risk;blocked_reason_codes=calibration_warning_blocks_position_band;future_position_diagnostics_non_actionable_policy;high_risk_severity_blocks_position_band;inherited_recommendation_never_actionable;provider_concentration_warning_disclosed;review_only_non_actionable_policy;weak_rank_signal_blocks_position_band,diagnostic_only_not_investment_advice_not_position_instruction_not_trade_instruction
2024-08-20,000001.SZ,GOAL-08B,review_only,review_only,blocked_high_risk,never_actionable,true,HIGH,model_warning,calibration_not_reliable_for_thresholding;feature_sign_instability_bounded;provider_source_concentration_disclosed;selected_score_variant_weak_rank_signal;single_provider_mode_akshare_direct;target_horizon_calibration_warning;weak_target_horizon_rank_signal,calibration_not_reliable_for_thresholding;feature_sign_instability_bounded;provider_source_concentration_disclosed;selected_score_variant_weak_rank_signal;single_provider_mode_akshare_direct;target_horizon_calibration_warning;weak_target_horizon_rank_signal,blocked_high_risk,diagnostic_blocked_no_position_instruction,never_actionable,true,calibration_warning_blocks_position_band;future_position_diagnostics_non_actionable_policy;high_risk_severity_blocks_position_band;inherited_recommendation_never_actionable;provider_concentration_warning_disclosed;review_only_non_actionable_policy;weak_rank_signal_blocks_position_band,goal09_review_only_position_band_diagnostics_v1,review_only,source_goal=GOAL-08B;source_mode=review_only;source_goal07b_mode=review_only;risk_severity=HIGH;recommendation_actionability_status=never_actionable;position_band_diagnostic_label=blocked_high_risk;blocked_reason_codes=calibration_warning_blocks_position_band;future_position_diagnostics_non_actionable_policy;high_risk_severity_blocks_position_band;inherited_recommendation_never_actionable;provider_concentration_warning_disclosed;review_only_non_actionable_policy;weak_rank_signal_blocks_position_band,diagnostic_only_not_investment_advice_not_position_instruction_not_trade_instruction
2024-08-21,000001.SZ,GOAL-08B,review_only,review_only,blocked_high_risk,never_actionable,true,HIGH,model_warning,calibration_not_reliable_for_thresholding;feature_sign_instability_bounded;provider_source_concentration_disclosed;selected_score_variant_weak_rank_signal;single_provider_mode_akshare_direct;target_horizon_calibration_warning;weak_target_horizon_rank_signal,calibration_not_reliable_for_thresholding;feature_sign_instability_bounded;provider_source_concentration_disclosed;selected_score_variant_weak_rank_signal;single_provider_mode_akshare_direct;target_horizon_calibration_warning;weak_target_horizon_rank_signal,blocked_high_risk,diagnostic_blocked_no_position_instruction,never_actionable,true,calibration_warning_blocks_position_band;future_position_diagnostics_non_actionable_policy;high_risk_severity_blocks_position_band;inherited_recommendation_never_actionable;provider_concentration_warning_disclosed;review_only_non_actionable_policy;weak_rank_signal_blocks_position_band,goal09_review_only_position_band_diagnostics_v1,review_only,source_goal=GOAL-08B;source_mode=review_only;source_goal07b_mode=review_only;risk_severity=HIGH;recommendation_actionability_status=never_actionable;position_band_diagnostic_label=blocked_high_risk;blocked_reason_codes=calibration_warning_blocks_position_band;future_position_diagnostics_non_actionable_policy;high_risk_severity_blocks_position_band;inherited_recommendation_never_actionable;provider_concentration_warning_disclosed;review_only_non_actionable_policy;weak_rank_signal_blocks_position_band,diagnostic_only_not_investment_advice_not_position_instruction_not_trade_instruction
2024-09-05,000001.SZ,GOAL-08B,review_only,review_only,blocked_high_risk,never_actionable,true,HIGH,model_warning,calibration_not_reliable_for_thresholding;feature_sign_instability_bounded;provider_source_concentration_disclosed;selected_score_variant_weak_rank_signal;single_provider_mode_akshare_direct;target_horizon_calibration_warning;weak_target_horizon_rank_signal,calibration_not_reliable_for_thresholding;feature_sign_instability_bounded;provider_source_concentration_disclosed;selected_score_variant_weak_rank_signal;single_provider_mode_akshare_direct;target_horizon_calibration_warning;weak_target_horizon_rank_signal,blocked_high_risk,diagnostic_blocked_no_position_instruction,never_actionable,true,calibration_warning_blocks_position_band;future_position_diagnostics_non_actionable_policy;high_risk_severity_blocks_position_band;inherited_recommendation_never_actionable;provider_concentration_warning_disclosed;review_only_non_actionable_policy;weak_rank_signal_blocks_position_band,goal09_review_only_position_band_diagnostics_v1,review_only,source_goal=GOAL-08B;source_mode=review_only;source_goal07b_mode=review_only;risk_severity=HIGH;recommendation_actionability_status=never_actionable;position_band_diagnostic_label=blocked_high_risk;blocked_reason_codes=calibration_warning_blocks_position_band;future_position_diagnostics_non_actionable_policy;high_risk_severity_blocks_position_band;inherited_recommendation_never_actionable;provider_concentration_warning_disclosed;review_only_non_actionable_policy;weak_rank_signal_blocks_position_band,diagnostic_only_not_investment_advice_not_position_instruction_not_trade_instruction
2024-09-06,000001.SZ,GOAL-08B,review_only,review_only,blocked_high_risk,never_actionable,true,HIGH,model_warning,calibration_not_reliable_for_thresholding;feature_sign_instability_bounded;provider_source_concentration_disclosed;selected_score_variant_weak_rank_signal;single_provider_mode_akshare_direct;target_horizon_calibration_warning;weak_target_horizon_rank_signal,calibration_not_reliable_for_thresholding;feature_sign_instability_bounded;provider_source_concentration_disclosed;selected_score_variant_weak_rank_signal;single_provider_mode_akshare_direct;target_horizon_calibration_warning;weak_target_horizon_rank_signal,blocked_high_risk,diagnostic_blocked_no_position_instruction,never_actionable,true,calibration_warning_blocks_position_band;future_position_diagnostics_non_actionable_policy;high_risk_severity_blocks_position_band;inherited_recommendation_never_actionable;provider_concentration_warning_disclosed;review_only_non_actionable_policy;weak_rank_signal_blocks_position_band,goal09_review_only_position_band_diagnostics_v1,review_only,source_goal=GOAL-08B;source_mode=review_only;source_goal07b_mode=review_only;risk_severity=HIGH;recommendation_actionability_status=never_actionable;position_band_diagnostic_label=blocked_high_risk;blocked_reason_codes=calibration_warning_blocks_position_band;future_position_diagnostics_non_actionable_policy;high_risk_severity_blocks_position_band;inherited_recommendation_never_actionable;provider_concentration_warning_disclosed;review_only_non_actionable_policy;weak_rank_signal_blocks_position_band,diagnostic_only_not_investment_advice_not_position_instruction_not_trade_instruction
2024-09-09,000001.SZ,GOAL-08B,review_only,review_only,blocked_high_risk,never_actionable,true,HIGH,model_warning,calibration_not_reliable_for_thresholding;feature_sign_instability_bounded;provider_source_concentration_disclosed;selected_score_variant_weak_rank_signal;single_provider_mode_akshare_direct;target_horizon_calibration_warning;weak_target_horizon_rank_signal,calibration_not_reliable_for_thresholding;feature_sign_instability_bounded;provider_source_concentration_disclosed;selected_score_variant_weak_rank_signal;single_provider_mode_akshare_direct;target_horizon_calibration_warning;weak_target_horizon_rank_signal,blocked_high_risk,diagnostic_blocked_no_position_instruction,never_actionable,true,calibration_warning_blocks_position_band;future_position_diagnostics_non_actionable_policy;high_risk_severity_blocks_position_band;inherited_recommendation_never_actionable;provider_concentration_warning_disclosed;review_only_non_actionable_policy;weak_rank_signal_blocks_position_band,goal09_review_only_position_band_diagnostics_v1,review_only,source_goal=GOAL-08B;source_mode=review_only;source_goal07b_mode=review_only;risk_severity=HIGH;recommendation_actionability_status=never_actionable;position_band_diagnostic_label=blocked_high_risk;blocked_reason_codes=calibration_warning_blocks_position_band;future_position_diagnostics_non_actionable_policy;high_risk_severity_blocks_position_band;inherited_recommendation_never_actionable;provider_concentration_warning_disclosed;review_only_non_actionable_policy;weak_rank_signal_blocks_position_band,diagnostic_only_not_investment_advice_not_position_instruction_not_trade_instruction
2024-09-10,000001.SZ,GOAL-08B,review_only,review_only,blocked_high_risk,never_actionable,true,HIGH,model_warning,calibration_not_reliable_for_thresholding;feature_sign_instability_bounded;provider_source_concentration_disclosed;selected_score_variant_weak_rank_signal;single_provider_mode_akshare_direct;target_horizon_calibration_warning;weak_target_horizon_rank_signal,calibration_not_reliable_for_thresholding;feature_sign_instability_bounded;provider_source_concentration_disclosed;selected_score_variant_weak_rank_signal;single_provider_mode_akshare_direct;target_horizon_calibration_warning;weak_target_horizon_rank_signal,blocked_high_risk,diagnostic_blocked_no_position_instruction,never_actionable,true,calibration_warning_blocks_position_band;future_position_diagnostics_non_actionable_policy;high_risk_severity_blocks_position_band;inherited_recommendation_never_actionable;provider_concentration_warning_disclosed;review_only_non_actionable_policy;weak_rank_signal_blocks_position_band,goal09_review_only_position_band_diagnostics_v1,review_only,source_goal=GOAL-08B;source_mode=review_only;source_goal07b_mode=review_only;risk_severity=HIGH;recommendation_actionability_status=never_actionable;position_band_diagnostic_label=blocked_high_risk;blocked_reason_codes=calibration_warning_blocks_position_band;future_position_diagnostics_non_actionable_policy;high_risk_severity_blocks_position_band;inherited_recommendation_never_actionable;provider_concentration_warning_disclosed;review_only_non_actionable_policy;weak_rank_signal_blocks_position_band,diagnostic_only_not_investment_advice_not_position_instruction_not_trade_instruction
2024-09-11,000001.SZ,GOAL-08B,review_only,review_only,blocked_high_risk,never_actionable,true,HIGH,model_warning,calibration_not_reliable_for_thresholding;feature_sign_instability_bounded;provider_source_concentration_disclosed;selected_score_variant_weak_rank_signal;single_provider_mode_akshare_direct;target_horizon_calibration_warning;weak_target_horizon_rank_signal,calibration_not_reliable_for_thresholding;feature_sign_instability_bounded;provider_source_concentration_disclosed;selected_score_variant_weak_rank_signal;single_provider_mode_akshare_direct;target_horizon_calibration_warning;weak_target_horizon_rank_signal,blocked_high_risk,diagnostic_blocked_no_position_instruction,never_actionable,true,calibration_warning_blocks_position_band;future_position_diagnostics_non_actionable_policy;high_risk_severity_blocks_position_band;inherited_recommendation_never_actionable;provider_concentration_warning_disclosed;review_only_non_actionable_policy;weak_rank_signal_blocks_position_band,goal09_review_only_position_band_diagnostics_v1,review_only,source_goal=GOAL-08B;source_mode=review_only;source_goal07b_mode=review_only;risk_severity=HIGH;recommendation_actionability_status=never_actionable;position_band_diagnostic_label=blocked_high_risk;blocked_reason_codes=calibration_warning_blocks_position_band;future_position_diagnostics_non_actionable_policy;high_risk_severity_blocks_position_band;inherited_recommendation_never_actionable;provider_concentration_warning_disclosed;review_only_non_actionable_policy;weak_rank_signal_blocks_position_band,diagnostic_only_not_investment_advice_not_position_instruction_not_trade_instruction
2024-09-12,000001.SZ,GOAL-08B,review_only,review_only,blocked_high_risk,never_actionable,true,HIGH,model_warning,calibration_not_reliable_for_thresholding;feature_sign_instability_bounded;provider_source_concentration_disclosed;selected_score_variant_weak_rank_signal;single_provider_mode_akshare_direct;target_horizon_calibration_warning;weak_target_horizon_rank_signal,calibration_not_reliable_for_thresholding;feature_sign_instability_bounded;provider_source_concentration_disclosed;selected_score_variant_weak_rank_signal;single_provider_mode_akshare_direct;target_horizon_calibration_warning;weak_target_horizon_rank_signal,blocked_high_risk,diagnostic_blocked_no_position_instruction,never_actionable,true,calibration_warning_blocks_position_band;future_position_diagnostics_non_actionable_policy;high_risk_severity_blocks_position_band;inherited_recommendation_never_actionable;provider_concentration_warning_disclosed;review_only_non_actionable_policy;weak_rank_signal_blocks_position_band,goal09_review_only_position_band_diagnostics_v1,review_only,source_goal=GOAL-08B;source_mode=review_only;source_goal07b_mode=review_only;risk_severity=HIGH;recommendation_actionability_status=never_actionable;position_band_diagnostic_label=blocked_high_risk;blocked_reason_codes=calibration_warning_blocks_position_band;future_position_diagnostics_non_actionable_policy;high_risk_severity_blocks_position_band;inherited_recommendation_never_actionable;provider_concentration_warning_disclosed;review_only_non_actionable_policy;weak_rank_signal_blocks_position_band,diagnostic_only_not_investment_advice_not_position_instruction_not_trade_instruction
2024-09-13,000001.SZ,GOAL-08B,review_only,review_only,blocked_high_risk,never_actionable,true,HIGH,model_warning,calibration_not_reliable_for_thresholding;feature_sign_instability_bounded;provider_source_concentration_disclosed;selected_score_variant_weak_rank_signal;single_provider_mode_akshare_direct;target_horizon_calibration_warning;weak_target_horizon_rank_signal,calibration_not_reliable_for_thresholding;feature_sign_instability_bounded;provider_source_concentration_disclosed;selected_score_variant_weak_rank_signal;single_provider_mode_akshare_direct;target_horizon_calibration_warning;weak_target_horizon_rank_signal,blocked_high_risk,diagnostic_blocked_no_position_instruction,never_actionable,true,calibration_warning_blocks_position_band;future_position_diagnostics_non_actionable_policy;high_risk_severity_blocks_position_band;inherited_recommendation_never_actionable;provider_concentration_warning_disclosed;review_only_non_actionable_policy;weak_rank_signal_blocks_position_band,goal09_review_only_position_band_diagnostics_v1,review_only,source_goal=GOAL-08B;source_mode=review_only;source_goal07b_mode=review_only;risk_severity=HIGH;recommendation_actionability_status=never_actionable;position_band_diagnostic_label=blocked_high_risk;blocked_reason_codes=calibration_warning_blocks_position_band;future_position_diagnostics_non_actionable_policy;high_risk_severity_blocks_position_band;inherited_recommendation_never_actionable;provider_concentration_warning_disclosed;review_only_non_actionable_policy;weak_rank_signal_blocks_position_band,diagnostic_only_not_investment_advice_not_position_instruction_not_trade_instruction
2024-09-18,000001.SZ,GOAL-08B,review_only,review_only,blocked_high_risk,never_actionable,true,HIGH,model_warning,calibration_not_reliable_for_thresholding;feature_sign_instability_bounded;provider_source_concentration_disclosed;selected_score_variant_weak_rank_signal;single_provider_mode_akshare_direct;target_horizon_calibration_warning;weak_target_horizon_rank_signal,calibration_not_reliable_for_thresholding;feature_sign_instability_bounded;provider_source_concentration_disclosed;selected_score_variant_weak_rank_signal;single_provider_mode_akshare_direct;target_horizon_calibration_warning;weak_target_horizon_rank_signal,blocked_high_risk,diagnostic_blocked_no_position_instruction,never_actionable,true,calibration_warning_blocks_position_band;future_position_diagnostics_non_actionable_policy;high_risk_severity_blocks_position_band;inherited_recommendation_never_actionable;provider_concentration_warning_disclosed;review_only_non_actionable_policy;weak_rank_signal_blocks_position_band,goal09_review_only_position_band_diagnostics_v1,review_only,source_goal=GOAL-08B;source_mode=review_only;source_goal07b_mode=review_only;risk_severity=HIGH;recommendation_actionability_status=never_actionable;position_band_diagnostic_label=blocked_high_risk;blocked_reason_codes=calibration_warning_blocks_position_band;future_position_diagnostics_non_actionable_policy;high_risk_severity_blocks_position_band;inherited_recommendation_never_actionable;provider_concentration_warning_disclosed;review_only_non_actionable_policy;weak_rank_signal_blocks_position_band,diagnostic_only_not_investment_advice_not_position_instruction_not_trade_instruction
2024-09-19,000001.SZ,GOAL-08B,review_only,review_only,blocked_high_risk,never_actionable,true,HIGH,model_warning,calibration_not_reliable_for_thresholding;feature_sign_instability_bounded;provider_source_concentration_disclosed;selected_score_variant_weak_rank_signal;single_provider_mode_akshare_direct;target_horizon_calibration_warning;weak_target_horizon_rank_signal,calibration_not_reliable_for_thresholding;feature_sign_instability_bounded;provider_source_concentration_disclosed;selected_score_variant_weak_rank_signal;single_provider_mode_akshare_direct;target_horizon_calibration_warning;weak_target_horizon_rank_signal,blocked_high_risk,diagnostic_blocked_no_position_instruction,never_actionable,true,calibration_warning_blocks_position_band;future_position_diagnostics_non_actionable_policy;high_risk_severity_blocks_position_band;inherited_recommendation_never_actionable;provider_concentration_warning_disclosed;review_only_non_actionable_policy;weak_rank_signal_blocks_position_band,goal09_review_only_position_band_diagnostics_v1,review_only,source_goal=GOAL-08B;source_mode=review_only;source_goal07b_mode=review_only;risk_severity=HIGH;recommendation_actionability_status=never_actionable;position_band_diagnostic_label=blocked_high_risk;blocked_reason_codes=calibration_warning_blocks_position_band;future_position_diagnostics_non_actionable_policy;high_risk_severity_blocks_position_band;inherited_recommendation_never_actionable;provider_concentration_warning_disclosed;review_only_non_actionable_policy;weak_rank_signal_blocks_position_band,diagnostic_only_not_investment_advice_not_position_instruction_not_trade_instruction
2024-09-20,000001.SZ,GOAL-08B,review_only,review_only,blocked_high_risk,never_actionable,true,HIGH,model_warning,calibration_not_reliable_for_thresholding;feature_sign_instability_bounded;provider_source_concentration_disclosed;selected_score_variant_weak_rank_signal;single_provider_mode_akshare_direct;target_horizon_calibration_warning;weak_target_horizon_rank_signal,calibration_not_reliable_for_thresholding;feature_sign_instability_bounded;provider_source_concentration_disclosed;selected_score_variant_weak_rank_signal;single_provider_mode_akshare_direct;target_horizon_calibration_warning;weak_target_horizon_rank_signal,blocked_high_risk,diagnostic_blocked_no_position_instruction,never_actionable,true,calibration_warning_blocks_position_band;future_position_diagnostics_non_actionable_policy;high_risk_severity_blocks_position_band;inherited_recommendation_never_actionable;provider_concentration_warning_disclosed;review_only_non_actionable_policy;weak_rank_signal_blocks_position_band,goal09_review_only_position_band_diagnostics_v1,review_only,source_goal=GOAL-08B;source_mode=review_only;source_goal07b_mode=review_only;risk_severity=HIGH;recommendation_actionability_status=never_actionable;position_band_diagnostic_label=blocked_high_risk;blocked_reason_codes=calibration_warning_blocks_position_band;future_position_diagnostics_non_actionable_policy;high_risk_severity_blocks_position_band;inherited_recommendation_never_actionable;provider_concentration_warning_disclosed;review_only_non_actionable_policy;weak_rank_signal_blocks_position_band,diagnostic_only_not_investment_advice_not_position_instruction_not_trade_instruction
2024-09-23,000001.SZ,GOAL-08B,review_only,review_only,blocked_high_risk,never_actionable,true,HIGH,model_warning,calibration_not_reliable_for_thresholding;feature_sign_instability_bounded;provider_source_concentration_disclosed;selected_score_variant_weak_rank_signal;single_provider_mode_akshare_direct;target_horizon_calibration_warning;weak_target_horizon_rank_signal,calibration_not_reliable_for_thresholding;feature_sign_instability_bounded;provider_source_concentration_disclosed;selected_score_variant_weak_rank_signal;single_provider_mode_akshare_direct;target_horizon_calibration_warning;weak_target_horizon_rank_signal,blocked_high_risk,diagnostic_blocked_no_position_instruction,never_actionable,true,calibration_warning_blocks_position_band;future_position_diagnostics_non_actionable_policy;high_risk_severity_blocks_position_band;inherited_recommendation_never_actionable;provider_concentration_warning_disclosed;review_only_non_actionable_policy;weak_rank_signal_blocks_position_band,goal09_review_only_position_band_diagnostics_v1,review_only,source_goal=GOAL-08B;source_mode=review_only;source_goal07b_mode=review_only;risk_severity=HIGH;recommendation_actionability_status=never_actionable;position_band_diagnostic_label=blocked_high_risk;blocked_reason_codes=calibration_warning_blocks_position_band;future_position_diagnostics_non_actionable_policy;high_risk_severity_blocks_position_band;inherited_recommendation_never_actionable;provider_concentration_warning_disclosed;review_only_non_actionable_policy;weak_rank_signal_blocks_position_band,diagnostic_only_not_investment_advice_not_position_instruction_not_trade_instruction
2024-09-24,000001.SZ,GOAL-08B,review_only,review_only,blocked_high_risk,never_actionable,true,HIGH,model_warning,calibration_not_reliable_for_thresholding;feature_sign_instability_bounded;provider_source_concentration_disclosed;selected_score_variant_weak_rank_signal;single_provider_mode_akshare_direct;target_horizon_calibration_warning;weak_target_horizon_rank_signal,calibration_not_reliable_for_thresholding;feature_sign_instability_bounded;provider_source_concentration_disclosed;selected_score_variant_weak_rank_signal;single_provider_mode_akshare_direct;target_horizon_calibration_warning;weak_target_horizon_rank_signal,blocked_high_risk,diagnostic_blocked_no_position_instruction,never_actionable,true,calibration_warning_blocks_position_band;future_position_diagnostics_non_actionable_policy;high_risk_severity_blocks_position_band;inherited_recommendation_never_actionable;provider_concentration_warning_disclosed;review_only_non_actionable_policy;weak_rank_signal_blocks_position_band,goal09_review_only_position_band_diagnostics_v1,review_only,source_goal=GOAL-08B;source_mode=review_only;source_goal07b_mode=review_only;risk_severity=HIGH;recommendation_actionability_status=never_actionable;position_band_diagnostic_label=blocked_high_risk;blocked_reason_codes=calibration_warning_blocks_position_band;future_position_diagnostics_non_actionable_policy;high_risk_severity_blocks_position_band;inherited_recommendation_never_actionable;provider_concentration_warning_disclosed;review_only_non_actionable_policy;weak_rank_signal_blocks_position_band,diagnostic_only_not_investment_advice_not_position_instruction_not_trade_instruction
2024-09-25,000001.SZ,GOAL-08B,review_only,review_only,blocked_high_risk,never_actionable,true,HIGH,model_warning,calibration_not_reliable_for_thresholding;feature_sign_instability_bounded;provider_source_concentration_disclosed;selected_score_variant_weak_rank_signal;single_provider_mode_akshare_direct;target_horizon_calibration_warning;weak_target_horizon_rank_signal,calibration_not_reliable_for_thresholding;feature_sign_instability_bounded;provider_source_concentration_disclosed;selected_score_variant_weak_rank_signal;single_provider_mode_akshare_direct;target_horizon_calibration_warning;weak_target_horizon_rank_signal,blocked_high_risk,diagnostic_blocked_no_position_instruction,never_actionable,true,calibration_warning_blocks_position_band;future_position_diagnostics_non_actionable_policy;high_risk_severity_blocks_position_band;inherited_recommendation_never_actionable;provider_concentration_warning_disclosed;review_only_non_actionable_policy;weak_rank_signal_blocks_position_band,goal09_review_only_position_band_diagnostics_v1,review_only,source_goal=GOAL-08B;source_mode=review_only;source_goal07b_mode=review_only;risk_severity=HIGH;recommendation_actionability_status=never_actionable;position_band_diagnostic_label=blocked_high_risk;blocked_reason_codes=calibration_warning_blocks_position_band;future_position_diagnostics_non_actionable_policy;high_risk_severity_blocks_position_band;inherited_recommendation_never_actionable;provider_concentration_warning_disclosed;review_only_non_actionable_policy;weak_rank_signal_blocks_position_band,diagnostic_only_not_investment_advice_not_position_instruction_not_trade_instruction
2024-09-26,000001.SZ,GOAL-08B,review_only,review_only,blocked_high_risk,never_actionable,true,HIGH,model_warning,calibration_not_reliable_for_thresholding;feature_sign_instability_bounded;provider_source_concentration_disclosed;selected_score_variant_weak_rank_signal;single_provider_mode_akshare_direct;target_horizon_calibration_warning;weak_target_horizon_rank_signal,calibration_not_reliable_for_thresholding;feature_sign_instability_bounded;provider_source_concentration_disclosed;selected_score_variant_weak_rank_signal;single_provider_mode_akshare_direct;target_horizon_calibration_warning;weak_target_horizon_rank_signal,blocked_high_risk,diagnostic_blocked_no_position_instruction,never_actionable,true,calibration_warning_blocks_position_band;future_position_diagnostics_non_actionable_policy;high_risk_severity_blocks_position_band;inherited_recommendation_never_actionable;provider_concentration_warning_disclosed;review_only_non_actionable_policy;weak_rank_signal_blocks_position_band,goal09_review_only_position_band_diagnostics_v1,review_only,source_goal=GOAL-08B;source_mode=review_only;source_goal07b_mode=review_only;risk_severity=HIGH;recommendation_actionability_status=never_actionable;position_band_diagnostic_label=blocked_high_risk;blocked_reason_codes=calibration_warning_blocks_position_band;future_position_diagnostics_non_actionable_policy;high_risk_severity_blocks_position_band;inherited_recommendation_never_actionable;provider_concentration_warning_disclosed;review_only_non_actionable_policy;weak_rank_signal_blocks_position_band,diagnostic_only_not_investment_advice_not_position_instruction_not_trade_instruction
2024-09-27,000001.SZ,GOAL-08B,review_only,review_only,blocked_high_risk,never_actionable,true,HIGH,model_warning,calibration_not_reliable_for_thresholding;feature_sign_instability_bounded;provider_source_concentration_disclosed;selected_score_variant_weak_rank_signal;single_provider_mode_akshare_direct;target_horizon_calibration_warning;weak_target_horizon_rank_signal,calibration_not_reliable_for_thresholding;feature_sign_instability_bounded;provider_source_concentration_disclosed;selected_score_variant_weak_rank_signal;single_provider_mode_akshare_direct;target_horizon_calibration_warning;weak_target_horizon_rank_signal,blocked_high_risk,diagnostic_blocked_no_position_instruction,never_actionable,true,calibration_warning_blocks_position_band;future_position_diagnostics_non_actionable_policy;high_risk_severity_blocks_position_band;inherited_recommendation_never_actionable;provider_concentration_warning_disclosed;review_only_non_actionable_policy;weak_rank_signal_blocks_position_band,goal09_review_only_position_band_diagnostics_v1,review_only,source_goal=GOAL-08B;source_mode=review_only;source_goal07b_mode=review_only;risk_severity=HIGH;recommendation_actionability_status=never_actionable;position_band_diagnostic_label=blocked_high_risk;blocked_reason_codes=calibration_warning_blocks_position_band;future_position_diagnostics_non_actionable_policy;high_risk_severity_blocks_position_band;inherited_recommendation_never_actionable;provider_concentration_warning_disclosed;review_only_non_actionable_policy;weak_rank_signal_blocks_position_band,diagnostic_only_not_investment_advice_not_position_instruction_not_trade_instruction
2024-09-30,000001.SZ,GOAL-08B,review_only,review_only,blocked_high_risk,never_actionable,true,HIGH,model_warning,calibration_not_reliable_for_thresholding;feature_sign_instability_bounded;provider_source_concentration_disclosed;selected_score_variant_weak_rank_signal;single_provider_mode_akshare_direct;target_horizon_calibration_warning;weak_target_horizon_rank_signal,calibration_not_reliable_for_thresholding;feature_sign_instability_bounded;provider_source_concentration_disclosed;selected_score_variant_weak_rank_signal;single_provider_mode_akshare_direct;target_horizon_calibration_warning;weak_target_horizon_rank_signal,blocked_high_risk,diagnostic_blocked_no_position_instruction,never_actionable,true,calibration_warning_blocks_position_band;future_position_diagnostics_non_actionable_policy;high_risk_severity_blocks_position_band;inherited_recommendation_never_actionable;provider_concentration_warning_disclosed;review_only_non_actionable_policy;weak_rank_signal_blocks_position_band,goal09_review_only_position_band_diagnostics_v1,review_only,source_goal=GOAL-08B;source_mode=review_only;source_goal07b_mode=review_only;risk_severity=HIGH;recommendation_actionability_status=never_actionable;position_band_diagnostic_label=blocked_high_risk;blocked_reason_codes=calibration_warning_blocks_position_band;future_position_diagnostics_non_actionable_policy;high_risk_severity_blocks_position_band;inherited_recommendation_never_actionable;provider_concentration_warning_disclosed;review_only_non_actionable_policy;weak_rank_signal_blocks_position_band,diagnostic_only_not_investment_advice_not_position_instruction_not_trade_instruction
2024-10-08,000001.SZ,GOAL-08B,review_only,review_only,blocked_high_risk,never_actionable,true,HIGH,model_warning,calibration_not_reliable_for_thresholding;feature_sign_instability_bounded;provider_source_concentration_disclosed;selected_score_variant_weak_rank_signal;single_provider_mode_akshare_direct;target_horizon_calibration_warning;weak_target_horizon_rank_signal,calibration_not_reliable_for_thresholding;feature_sign_instability_bounded;provider_source_concentration_disclosed;selected_score_variant_weak_rank_signal;single_provider_mode_akshare_direct;target_horizon_calibration_warning;weak_target_horizon_rank_signal,blocked_high_risk,diagnostic_blocked_no_position_instruction,never_actionable,true,calibration_warning_blocks_position_band;future_position_diagnostics_non_actionable_policy;high_risk_severity_blocks_position_band;inherited_recommendation_never_actionable;provider_concentration_warning_disclosed;review_only_non_actionable_policy;weak_rank_signal_blocks_position_band,goal09_review_only_position_band_diagnostics_v1,review_only,source_goal=GOAL-08B;source_mode=review_only;source_goal07b_mode=review_only;risk_severity=HIGH;recommendation_actionability_status=never_actionable;position_band_diagnostic_label=blocked_high_risk;blocked_reason_codes=calibration_warning_blocks_position_band;future_position_diagnostics_non_actionable_policy;high_risk_severity_blocks_position_band;inherited_recommendation_never_actionable;provider_concentration_warning_disclosed;review_only_non_actionable_policy;weak_rank_signal_blocks_position_band,diagnostic_only_not_investment_advice_not_position_instruction_not_trade_instruction
2024-10-09,000001.SZ,GOAL-08B,review_only,review_only,blocked_high_risk,never_actionable,true,HIGH,model_warning,calibration_not_reliable_for_thresholding;feature_sign_instability_bounded;provider_source_concentration_disclosed;selected_score_variant_weak_rank_signal;single_provider_mode_akshare_direct;target_horizon_calibration_warning;weak_target_horizon_rank_signal,calibration_not_reliable_for_thresholding;feature_sign_instability_bounded;provider_source_concentration_disclosed;selected_score_variant_weak_rank_signal;single_provider_mode_akshare_direct;target_horizon_calibration_warning;weak_target_horizon_rank_signal,blocked_high_risk,diagnostic_blocked_no_position_instruction,never_actionable,true,calibration_warning_blocks_position_band;future_position_diagnostics_non_actionable_policy;high_risk_severity_blocks_position_band;inherited_recommendation_never_actionable;provider_concentration_warning_disclosed;review_only_non_actionable_policy;weak_rank_signal_blocks_position_band,goal09_review_only_position_band_diagnostics_v1,review_only,source_goal=GOAL-08B;source_mode=review_only;source_goal07b_mode=review_only;risk_severity=HIGH;recommendation_actionability_status=never_actionable;position_band_diagnostic_label=blocked_high_risk;blocked_reason_codes=calibration_warning_blocks_position_band;future_position_diagnostics_non_actionable_policy;high_risk_severity_blocks_position_band;inherited_recommendation_never_actionable;provider_concentration_warning_disclosed;review_only_non_actionable_policy;weak_rank_signal_blocks_position_band,diagnostic_only_not_investment_advice_not_position_instruction_not_trade_instruction
2024-10-10,000001.SZ,GOAL-08B,review_only,review_only,blocked_high_risk,never_actionable,true,HIGH,model_warning,calibration_not_reliable_for_thresholding;feature_sign_instability_bounded;provider_source_concentration_disclosed;selected_score_variant_weak_rank_signal;single_provider_mode_akshare_direct;target_horizon_calibration_warning;weak_target_horizon_rank_signal,calibration_not_reliable_for_thresholding;feature_sign_instability_bounded;provider_source_concentration_disclosed;selected_score_variant_weak_rank_signal;single_provider_mode_akshare_direct;target_horizon_calibration_warning;weak_target_horizon_rank_signal,blocked_high_risk,diagnostic_blocked_no_position_instruction,never_actionable,true,calibration_warning_blocks_position_band;future_position_diagnostics_non_actionable_policy;high_risk_severity_blocks_position_band;inherited_recommendation_never_actionable;provider_concentration_warning_disclosed;review_only_non_actionable_policy;weak_rank_signal_blocks_position_band,goal09_review_only_position_band_diagnostics_v1,review_only,source_goal=GOAL-08B;source_mode=review_only;source_goal07b_mode=review_only;risk_severity=HIGH;recommendation_actionability_status=never_actionable;position_band_diagnostic_label=blocked_high_risk;blocked_reason_codes=calibration_warning_blocks_position_band;future_position_diagnostics_non_actionable_policy;high_risk_severity_blocks_position_band;inherited_recommendation_never_actionable;provider_concentration_warning_disclosed;review_only_non_actionable_policy;weak_rank_signal_blocks_position_band,diagnostic_only_not_investment_advice_not_position_instruction_not_trade_instruction
2024-10-11,000001.SZ,GOAL-08B,review_only,review_only,blocked_high_risk,never_actionable,true,HIGH,model_warning,calibration_not_reliable_for_thresholding;feature_sign_instability_bounded;provider_source_concentration_disclosed;selected_score_variant_weak_rank_signal;single_provider_mode_akshare_direct;target_horizon_calibration_warning;weak_target_horizon_rank_signal,calibration_not_reliable_for_thresholding;feature_sign_instability_bounded;provider_source_concentration_disclosed;selected_score_variant_weak_rank_signal;single_provider_mode_akshare_direct;target_horizon_calibration_warning;weak_target_horizon_rank_signal,blocked_high_risk,diagnostic_blocked_no_position_instruction,never_actionable,true,calibration_warning_blocks_position_band;future_position_diagnostics_non_actionable_policy;high_risk_severity_blocks_position_band;inherited_recommendation_never_actionable;provider_concentration_warning_disclosed;review_only_non_actionable_policy;weak_rank_signal_blocks_position_band,goal09_review_only_position_band_diagnostics_v1,review_only,source_goal=GOAL-08B;source_mode=review_only;source_goal07b_mode=review_only;risk_severity=HIGH;recommendation_actionability_status=never_actionable;position_band_diagnostic_label=blocked_high_risk;blocked_reason_codes=calibration_warning_blocks_position_band;future_position_diagnostics_non_actionable_policy;high_risk_severity_blocks_position_band;inherited_recommendation_never_actionable;provider_concentration_warning_disclosed;review_only_non_actionable_policy;weak_rank_signal_blocks_position_band,diagnostic_only_not_investment_advice_not_position_instruction_not_trade_instruction
2024-10-14,000001.SZ,GOAL-08B,review_only,review_only,blocked_high_risk,never_actionable,true,HIGH,model_warning,calibration_not_reliable_for_thresholding;feature_sign_instability_bounded;provider_source_concentration_disclosed;selected_score_variant_weak_rank_signal;single_provider_mode_akshare_direct;target_horizon_calibration_warning;weak_target_horizon_rank_signal,calibration_not_reliable_for_thresholding;feature_sign_instability_bounded;provider_source_concentration_disclosed;selected_score_variant_weak_rank_signal;single_provider_mode_akshare_direct;target_horizon_calibration_warning;weak_target_horizon_rank_signal,blocked_high_risk,diagnostic_blocked_no_position_instruction,never_actionable,true,calibration_warning_blocks_position_band;future_position_diagnostics_non_actionable_policy;high_risk_severity_blocks_position_band;inherited_recommendation_never_actionable;provider_concentration_warning_disclosed;review_only_non_actionable_policy;weak_rank_signal_blocks_position_band,goal09_review_only_position_band_diagnostics_v1,review_only,source_goal=GOAL-08B;source_mode=review_only;source_goal07b_mode=review_only;risk_severity=HIGH;recommendation_actionability_status=never_actionable;position_band_diagnostic_label=blocked_high_risk;blocked_reason_codes=calibration_warning_blocks_position_band;future_position_diagnostics_non_actionable_policy;high_risk_severity_blocks_position_band;inherited_recommendation_never_actionable;provider_concentration_warning_disclosed;review_only_non_actionable_policy;weak_rank_signal_blocks_position_band,diagnostic_only_not_investment_advice_not_position_instruction_not_trade_instruction
2024-10-15,000001.SZ,GOAL-08B,review_only,review_only,blocked_high_risk,never_actionable,true,HIGH,model_warning,calibration_not_reliable_for_thresholding;feature_sign_instability_bounded;provider_source_concentration_disclosed;selected_score_variant_weak_rank_signal;single_provider_mode_akshare_direct;target_horizon_calibration_warning;weak_target_horizon_rank_signal,calibration_not_reliable_for_thresholding;feature_sign_instability_bounded;provider_source_concentration_disclosed;selected_score_variant_weak_rank_signal;single_provider_mode_akshare_direct;target_horizon_calibration_warning;weak_target_horizon_rank_signal,blocked_high_risk,diagnostic_blocked_no_position_instruction,never_actionable,true,calibration_warning_blocks_position_band;future_position_diagnostics_non_actionable_policy;high_risk_severity_blocks_position_band;inherited_recommendation_never_actionable;provider_concentration_warning_disclosed;review_only_non_actionable_policy;weak_rank_signal_blocks_position_band,goal09_review_only_position_band_diagnostics_v1,review_only,source_goal=GOAL-08B;source_mode=review_only;source_goal07b_mode=review_only;risk_severity=HIGH;recommendation_actionability_status=never_actionable;position_band_diagnostic_label=blocked_high_risk;blocked_reason_codes=calibration_warning_blocks_position_band;future_position_diagnostics_non_actionable_policy;high_risk_severity_blocks_position_band;inherited_recommendation_never_actionable;provider_concentration_warning_disclosed;review_only_non_actionable_policy;weak_rank_signal_blocks_position_band,diagnostic_only_not_investment_advice_not_position_instruction_not_trade_instruction
2024-10-16,000001.SZ,GOAL-08B,review_only,review_only,blocked_high_risk,never_actionable,true,HIGH,model_warning,calibration_not_reliable_for_thresholding;feature_sign_instability_bounded;provider_source_concentration_disclosed;selected_score_variant_weak_rank_signal;single_provider_mode_akshare_direct;target_horizon_calibration_warning;weak_target_horizon_rank_signal,calibration_not_reliable_for_thresholding;feature_sign_instability_bounded;provider_source_concentration_disclosed;selected_score_variant_weak_rank_signal;single_provider_mode_akshare_direct;target_horizon_calibration_warning;weak_target_horizon_rank_signal,blocked_high_risk,diagnostic_blocked_no_position_instruction,never_actionable,true,calibration_warning_blocks_position_band;future_position_diagnostics_non_actionable_policy;high_risk_severity_blocks_position_band;inherited_recommendation_never_actionable;provider_concentration_warning_disclosed;review_only_non_actionable_policy;weak_rank_signal_blocks_position_band,goal09_review_only_position_band_diagnostics_v1,review_only,source_goal=GOAL-08B;source_mode=review_only;source_goal07b_mode=review_only;risk_severity=HIGH;recommendation_actionability_status=never_actionable;position_band_diagnostic_label=blocked_high_risk;blocked_reason_codes=calibration_warning_blocks_position_band;future_position_diagnostics_non_actionable_policy;high_risk_severity_blocks_position_band;inherited_recommendation_never_actionable;provider_concentration_warning_disclosed;review_only_non_actionable_policy;weak_rank_signal_blocks_position_band,diagnostic_only_not_investment_advice_not_position_instruction_not_trade_instruction
2024-10-17,000001.SZ,GOAL-08B,review_only,review_only,blocked_high_risk,never_actionable,true,HIGH,model_warning,calibration_not_reliable_for_thresholding;feature_sign_instability_bounded;provider_source_concentration_disclosed;selected_score_variant_weak_rank_signal;single_provider_mode_akshare_direct;target_horizon_calibration_warning;weak_target_horizon_rank_signal,calibration_not_reliable_for_thresholding;feature_sign_instability_bounded;provider_source_concentration_disclosed;selected_score_variant_weak_rank_signal;single_provider_mode_akshare_direct;target_horizon_calibration_warning;weak_target_horizon_rank_signal,blocked_high_risk,diagnostic_blocked_no_position_instruction,never_actionable,true,calibration_warning_blocks_position_band;future_position_diagnostics_non_actionable_policy;high_risk_severity_blocks_position_band;inherited_recommendation_never_actionable;provider_concentration_warning_disclosed;review_only_non_actionable_policy;weak_rank_signal_blocks_position_band,goal09_review_only_position_band_diagnostics_v1,review_only,source_goal=GOAL-08B;source_mode=review_only;source_goal07b_mode=review_only;risk_severity=HIGH;recommendation_actionability_status=never_actionable;position_band_diagnostic_label=blocked_high_risk;blocked_reason_codes=calibration_warning_blocks_position_band;future_position_diagnostics_non_actionable_policy;high_risk_severity_blocks_position_band;inherited_recommendation_never_actionable;provider_concentration_warning_disclosed;review_only_non_actionable_policy;weak_rank_signal_blocks_position_band,diagnostic_only_not_investment_advice_not_position_instruction_not_trade_instruction
2024-10-18,000001.SZ,GOAL-08B,review_only,review_only,blocked_high_risk,never_actionable,true,HIGH,model_warning,calibration_not_reliable_for_thresholding;feature_sign_instability_bounded;provider_source_concentration_disclosed;selected_score_variant_weak_rank_signal;single_provider_mode_akshare_direct;target_horizon_calibration_warning;weak_target_horizon_rank_signal,calibration_not_reliable_for_thresholding;feature_sign_instability_bounded;provider_source_concentration_disclosed;selected_score_variant_weak_rank_signal;single_provider_mode_akshare_direct;target_horizon_calibration_warning;weak_target_horizon_rank_signal,blocked_high_risk,diagnostic_blocked_no_position_instruction,never_actionable,true,calibration_warning_blocks_position_band;future_position_diagnostics_non_actionable_policy;high_risk_severity_blocks_position_band;inherited_recommendation_never_actionable;provider_concentration_warning_disclosed;review_only_non_actionable_policy;weak_rank_signal_blocks_position_band,goal09_review_only_position_band_diagnostics_v1,review_only,source_goal=GOAL-08B;source_mode=review_only;source_goal07b_mode=review_only;risk_severity=HIGH;recommendation_actionability_status=never_actionable;position_band_diagnostic_label=blocked_high_risk;blocked_reason_codes=calibration_warning_blocks_position_band;future_position_diagnostics_non_actionable_policy;high_risk_severity_blocks_position_band;inherited_recommendation_never_actionable;provider_concentration_warning_disclosed;review_only_non_actionable_policy;weak_rank_signal_blocks_position_band,diagnostic_only_not_investment_advice_not_position_instruction_not_trade_instruction
2024-10-21,000001.SZ,GOAL-08B,review_only,review_only,blocked_high_risk,never_actionable,true,HIGH,model_warning,calibration_not_reliable_for_thresholding;feature_sign_instability_bounded;provider_source_concentration_disclosed;selected_score_variant_weak_rank_signal;single_provider_mode_akshare_direct;target_horizon_calibration_warning;weak_target_horizon_rank_signal,calibration_not_reliable_for_thresholding;feature_sign_instability_bounded;provider_source_concentration_disclosed;selected_score_variant_weak_rank_signal;single_provider_mode_akshare_direct;target_horizon_calibration_warning;weak_target_horizon_rank_signal,blocked_high_risk,diagnostic_blocked_no_position_instruction,never_actionable,true,calibration_warning_blocks_position_band;future_position_diagnostics_non_actionable_policy;high_risk_severity_blocks_position_band;inherited_recommendation_never_actionable;provider_concentration_warning_disclosed;review_only_non_actionable_policy;weak_rank_signal_blocks_position_band,goal09_review_only_position_band_diagnostics_v1,review_only,source_goal=GOAL-08B;source_mode=review_only;source_goal07b_mode=review_only;risk_severity=HIGH;recommendation_actionability_status=never_actionable;position_band_diagnostic_label=blocked_high_risk;blocked_reason_codes=calibration_warning_blocks_position_band;future_position_diagnostics_non_actionable_policy;high_risk_severity_blocks_position_band;inherited_recommendation_never_actionable;provider_concentration_warning_disclosed;review_only_non_actionable_policy;weak_rank_signal_blocks_position_band,diagnostic_only_not_investment_advice_not_position_instruction_not_trade_instruction
2024-10-22,000001.SZ,GOAL-08B,review_only,review_only,blocked_high_risk,never_actionable,true,HIGH,model_warning,calibration_not_reliable_for_thresholding;feature_sign_instability_bounded;provider_source_concentration_disclosed;selected_score_variant_weak_rank_signal;single_provider_mode_akshare_direct;target_horizon_calibration_warning;weak_target_horizon_rank_signal,calibration_not_reliable_for_thresholding;feature_sign_instability_bounded;provider_source_concentration_disclosed;selected_score_variant_weak_rank_signal;single_provider_mode_akshare_direct;target_horizon_calibration_warning;weak_target_horizon_rank_signal,blocked_high_risk,diagnostic_blocked_no_position_instruction,never_actionable,true,calibration_warning_blocks_position_band;future_position_diagnostics_non_actionable_policy;high_risk_severity_blocks_position_band;inherited_recommendation_never_actionable;provider_concentration_warning_disclosed;review_only_non_actionable_policy;weak_rank_signal_blocks_position_band,goal09_review_only_position_band_diagnostics_v1,review_only,source_goal=GOAL-08B;source_mode=review_only;source_goal07b_mode=review_only;risk_severity=HIGH;recommendation_actionability_status=never_actionable;position_band_diagnostic_label=blocked_high_risk;blocked_reason_codes=calibration_warning_blocks_position_band;future_position_diagnostics_non_actionable_policy;high_risk_severity_blocks_position_band;inherited_recommendation_never_actionable;provider_concentration_warning_disclosed;review_only_non_actionable_policy;weak_rank_signal_blocks_position_band,diagnostic_only_not_investment_advice_not_position_instruction_not_trade_instruction
2024-10-23,000001.SZ,GOAL-08B,review_only,review_only,blocked_high_risk,never_actionable,true,HIGH,model_warning,calibration_not_reliable_for_thresholding;feature_sign_instability_bounded;provider_source_concentration_disclosed;selected_score_variant_weak_rank_signal;single_provider_mode_akshare_direct;target_horizon_calibration_warning;weak_target_horizon_rank_signal,calibration_not_reliable_for_thresholding;feature_sign_instability_bounded;provider_source_concentration_disclosed;selected_score_variant_weak_rank_signal;single_provider_mode_akshare_direct;target_horizon_calibration_warning;weak_target_horizon_rank_signal,blocked_high_risk,diagnostic_blocked_no_position_instruction,never_actionable,true,calibration_warning_blocks_position_band;future_position_diagnostics_non_actionable_policy;high_risk_severity_blocks_position_band;inherited_recommendation_never_actionable;provider_concentration_warning_disclosed;review_only_non_actionable_policy;weak_rank_signal_blocks_position_band,goal09_review_only_position_band_diagnostics_v1,review_only,source_goal=GOAL-08B;source_mode=review_only;source_goal07b_mode=review_only;risk_severity=HIGH;recommendation_actionability_status=never_actionable;position_band_diagnostic_label=blocked_high_risk;blocked_reason_codes=calibration_warning_blocks_position_band;future_position_diagnostics_non_actionable_policy;high_risk_severity_blocks_position_band;inherited_recommendation_never_actionable;provider_concentration_warning_disclosed;review_only_non_actionable_policy;weak_rank_signal_blocks_position_band,diagnostic_only_not_investment_advice_not_position_instruction_not_trade_instruction
2024-10-24,000001.SZ,GOAL-08B,review_only,review_only,blocked_high_risk,never_actionable,true,HIGH,model_warning,calibration_not_reliable_for_thresholding;feature_sign_instability_bounded;provider_source_concentration_disclosed;selected_score_variant_weak_rank_signal;single_provider_mode_akshare_direct;target_horizon_calibration_warning;weak_target_horizon_rank_signal,calibration_not_reliable_for_thresholding;feature_sign_instability_bounded;provider_source_concentration_disclosed;selected_score_variant_weak_rank_signal;single_provider_mode_akshare_direct;target_horizon_calibration_warning;weak_target_horizon_rank_signal,blocked_high_risk,diagnostic_blocked_no_position_instruction,never_actionable,true,calibration_warning_blocks_position_band;future_position_diagnostics_non_actionable_policy;high_risk_severity_blocks_position_band;inherited_recommendation_never_actionable;provider_concentration_warning_disclosed;review_only_non_actionable_policy;weak_rank_signal_blocks_position_band,goal09_review_only_position_band_diagnostics_v1,review_only,source_goal=GOAL-08B;source_mode=review_only;source_goal07b_mode=review_only;risk_severity=HIGH;recommendation_actionability_status=never_actionable;position_band_diagnostic_label=blocked_high_risk;blocked_reason_codes=calibration_warning_blocks_position_band;future_position_diagnostics_non_actionable_policy;high_risk_severity_blocks_position_band;inherited_recommendation_never_actionable;provider_concentration_warning_disclosed;review_only_non_actionable_policy;weak_rank_signal_blocks_position_band,diagnostic_only_not_investment_advice_not_position_instruction_not_trade_instruction
2024-10-25,000001.SZ,GOAL-08B,review_only,review_only,blocked_high_risk,never_actionable,true,HIGH,model_warning,calibration_not_reliable_for_thresholding;feature_sign_instability_bounded;provider_source_concentration_disclosed;selected_score_variant_weak_rank_signal;single_provider_mode_akshare_direct;target_horizon_calibration_warning;weak_target_horizon_rank_signal,calibration_not_reliable_for_thresholding;feature_sign_instability_bounded;provider_source_concentration_disclosed;selected_score_variant_weak_rank_signal;single_provider_mode_akshare_direct;target_horizon_calibration_warning;weak_target_horizon_rank_signal,blocked_high_risk,diagnostic_blocked_no_position_instruction,never_actionable,true,calibration_warning_blocks_position_band;future_position_diagnostics_non_actionable_policy;high_risk_severity_blocks_position_band;inherited_recommendation_never_actionable;provider_concentration_warning_disclosed;review_only_non_actionable_policy;weak_rank_signal_blocks_position_band,goal09_review_only_position_band_diagnostics_v1,review_only,source_goal=GOAL-08B;source_mode=review_only;source_goal07b_mode=review_only;risk_severity=HIGH;recommendation_actionability_status=never_actionable;position_band_diagnostic_label=blocked_high_risk;blocked_reason_codes=calibration_warning_blocks_position_band;future_position_diagnostics_non_actionable_policy;high_risk_severity_blocks_position_band;inherited_recommendation_never_actionable;provider_concentration_warning_disclosed;review_only_non_actionable_policy;weak_rank_signal_blocks_position_band,diagnostic_only_not_investment_advice_not_position_instruction_not_trade_instruction
2024-10-28,000001.SZ,GOAL-08B,review_only,review_only,blocked_high_risk,never_actionable,true,HIGH,model_warning,calibration_not_reliable_for_thresholding;feature_sign_instability_bounded;provider_source_concentration_disclosed;selected_score_variant_weak_rank_signal;single_provider_mode_akshare_direct;target_horizon_calibration_warning;weak_target_horizon_rank_signal,calibration_not_reliable_for_thresholding;feature_sign_instability_bounded;provider_source_concentration_disclosed;selected_score_variant_weak_rank_signal;single_provider_mode_akshare_direct;target_horizon_calibration_warning;weak_target_horizon_rank_signal,blocked_high_risk,diagnostic_blocked_no_position_instruction,never_actionable,true,calibration_warning_blocks_position_band;future_position_diagnostics_non_actionable_policy;high_risk_severity_blocks_position_band;inherited_recommendation_never_actionable;provider_concentration_warning_disclosed;review_only_non_actionable_policy;weak_rank_signal_blocks_position_band,goal09_review_only_position_band_diagnostics_v1,review_only,source_goal=GOAL-08B;source_mode=review_only;source_goal07b_mode=review_only;risk_severity=HIGH;recommendation_actionability_status=never_actionable;position_band_diagnostic_label=blocked_high_risk;blocked_reason_codes=calibration_warning_blocks_position_band;future_position_diagnostics_non_actionable_policy;high_risk_severity_blocks_position_band;inherited_recommendation_never_actionable;provider_concentration_warning_disclosed;review_only_non_actionable_policy;weak_rank_signal_blocks_position_band,diagnostic_only_not_investment_advice_not_position_instruction_not_trade_instruction
2024-10-29,000001.SZ,GOAL-08B,review_only,review_only,blocked_high_risk,never_actionable,true,HIGH,model_warning,calibration_not_reliable_for_thresholding;feature_sign_instability_bounded;provider_source_concentration_disclosed;selected_score_variant_weak_rank_signal;single_provider_mode_akshare_direct;target_horizon_calibration_warning;weak_target_horizon_rank_signal,calibration_not_reliable_for_thresholding;feature_sign_instability_bounded;provider_source_concentration_disclosed;selected_score_variant_weak_rank_signal;single_provider_mode_akshare_direct;target_horizon_calibration_warning;weak_target_horizon_rank_signal,blocked_high_risk,diagnostic_blocked_no_position_instruction,never_actionable,true,calibration_warning_blocks_position_band;future_position_diagnostics_non_actionable_policy;high_risk_severity_blocks_position_band;inherited_recommendation_never_actionable;provider_concentration_warning_disclosed;review_only_non_actionable_policy;weak_rank_signal_blocks_position_band,goal09_review_only_position_band_diagnostics_v1,review_only,source_goal=GOAL-08B;source_mode=review_only;source_goal07b_mode=review_only;risk_severity=HIGH;recommendation_actionability_status=never_actionable;position_band_diagnostic_label=blocked_high_risk;blocked_reason_codes=calibration_warning_blocks_position_band;future_position_diagnostics_non_actionable_policy;high_risk_severity_blocks_position_band;inherited_recommendation_never_actionable;provider_concentration_warning_disclosed;review_only_non_actionable_policy;weak_rank_signal_blocks_position_band,diagnostic_only_not_investment_advice_not_position_instruction_not_trade_instruction
2024-10-30,000001.SZ,GOAL-08B,review_only,review_only,blocked_high_risk,never_actionable,true,HIGH,model_warning,calibration_not_reliable_for_thresholding;feature_sign_instability_bounded;provider_source_concentration_disclosed;selected_score_variant_weak_rank_signal;single_provider_mode_akshare_direct;target_horizon_calibration_warning;weak_target_horizon_rank_signal,calibration_not_reliable_for_thresholding;feature_sign_instability_bounded;provider_source_concentration_disclosed;selected_score_variant_weak_rank_signal;single_provider_mode_akshare_direct;target_horizon_calibration_warning;weak_target_horizon_rank_signal,blocked_high_risk,diagnostic_blocked_no_position_instruction,never_actionable,true,calibration_warning_blocks_position_band;future_position_diagnostics_non_actionable_policy;high_risk_severity_blocks_position_band;inherited_recommendation_never_actionable;provider_concentration_warning_disclosed;review_only_non_actionable_policy;weak_rank_signal_blocks_position_band,goal09_review_only_position_band_diagnostics_v1,review_only,source_goal=GOAL-08B;source_mode=review_only;source_goal07b_mode=review_only;risk_severity=HIGH;recommendation_actionability_status=never_actionable;position_band_diagnostic_label=blocked_high_risk;blocked_reason_codes=calibration_warning_blocks_position_band;future_position_diagnostics_non_actionable_policy;high_risk_severity_blocks_position_band;inherited_recommendation_never_actionable;provider_concentration_warning_disclosed;review_only_non_actionable_policy;weak_rank_signal_blocks_position_band,diagnostic_only_not_investment_advice_not_position_instruction_not_trade_instruction
2024-10-31,000001.SZ,GOAL-08B,review_only,review_only,blocked_high_risk,never_actionable,true,HIGH,model_warning,calibration_not_reliable_for_thresholding;feature_sign_instability_bounded;provider_source_concentration_disclosed;selected_score_variant_weak_rank_signal;single_provider_mode_akshare_direct;target_horizon_calibration_warning;weak_target_horizon_rank_signal,calibration_not_reliable_for_thresholding;feature_sign_instability_bounded;provider_source_concentration_disclosed;selected_score_variant_weak_rank_signal;single_provider_mode_akshare_direct;target_horizon_calibration_warning;weak_target_horizon_rank_signal,blocked_high_risk,diagnostic_blocked_no_position_instruction,never_actionable,true,calibration_warning_blocks_position_band;future_position_diagnostics_non_actionable_policy;high_risk_severity_blocks_position_band;inherited_recommendation_never_actionable;provider_concentration_warning_disclosed;review_only_non_actionable_policy;weak_rank_signal_blocks_position_band,goal09_review_only_position_band_diagnostics_v1,review_only,source_goal=GOAL-08B;source_mode=review_only;source_goal07b_mode=review_only;risk_severity=HIGH;recommendation_actionability_status=never_actionable;position_band_diagnostic_label=blocked_high_risk;blocked_reason_codes=calibration_warning_blocks_position_band;future_position_diagnostics_non_actionable_policy;high_risk_severity_blocks_position_band;inherited_recommendation_never_actionable;provider_concentration_warning_disclosed;review_only_non_actionable_policy;weak_rank_signal_blocks_position_band,diagnostic_only_not_investment_advice_not_position_instruction_not_trade_instruction
2024-11-01,000001.SZ,GOAL-08B,review_only,review_only,blocked_high_risk,never_actionable,true,HIGH,model_warning,calibration_not_reliable_for_thresholding;feature_sign_instability_bounded;provider_source_concentration_disclosed;selected_score_variant_weak_rank_signal;single_provider_mode_akshare_direct;target_horizon_calibration_warning;weak_target_horizon_rank_signal,calibration_not_reliable_for_thresholding;feature_sign_instability_bounded;provider_source_concentration_disclosed;selected_score_variant_weak_rank_signal;single_provider_mode_akshare_direct;target_horizon_calibration_warning;weak_target_horizon_rank_signal,blocked_high_risk,diagnostic_blocked_no_position_instruction,never_actionable,true,calibration_warning_blocks_position_band;future_position_diagnostics_non_actionable_policy;high_risk_severity_blocks_position_band;inherited_recommendation_never_actionable;provider_concentration_warning_disclosed;review_only_non_actionable_policy;weak_rank_signal_blocks_position_band,goal09_review_only_position_band_diagnostics_v1,review_only,source_goal=GOAL-08B;source_mode=review_only;source_goal07b_mode=review_only;risk_severity=HIGH;recommendation_actionability_status=never_actionable;position_band_diagnostic_label=blocked_high_risk;blocked_reason_codes=calibration_warning_blocks_position_band;future_position_diagnostics_non_actionable_policy;high_risk_severity_blocks_position_band;inherited_recommendation_never_actionable;provider_concentration_warning_disclosed;review_only_non_actionable_policy;weak_rank_signal_blocks_position_band,diagnostic_only_not_investment_advice_not_position_instruction_not_trade_instruction
2024-11-04,000001.SZ,GOAL-08B,review_only,review_only,blocked_high_risk,never_actionable,true,HIGH,model_warning,calibration_not_reliable_for_thresholding;feature_sign_instability_bounded;provider_source_concentration_disclosed;selected_score_variant_weak_rank_signal;single_provider_mode_akshare_direct;target_horizon_calibration_warning;weak_target_horizon_rank_signal,calibration_not_reliable_for_thresholding;feature_sign_instability_bounded;provider_source_concentration_disclosed;selected_score_variant_weak_rank_signal;single_provider_mode_akshare_direct;target_horizon_calibration_warning;weak_target_horizon_rank_signal,blocked_high_risk,diagnostic_blocked_no_position_instruction,never_actionable,true,calibration_warning_blocks_position_band;future_position_diagnostics_non_actionable_policy;high_risk_severity_blocks_position_band;inherited_recommendation_never_actionable;provider_concentration_warning_disclosed;review_only_non_actionable_policy;weak_rank_signal_blocks_position_band,goal09_review_only_position_band_diagnostics_v1,review_only,source_goal=GOAL-08B;source_mode=review_only;source_goal07b_mode=review_only;risk_severity=HIGH;recommendation_actionability_status=never_actionable;position_band_diagnostic_label=blocked_high_risk;blocked_reason_codes=calibration_warning_blocks_position_band;future_position_diagnostics_non_actionable_policy;high_risk_severity_blocks_position_band;inherited_recommendation_never_actionable;provider_concentration_warning_disclosed;review_only_non_actionable_policy;weak_rank_signal_blocks_position_band,diagnostic_only_not_investment_advice_not_position_instruction_not_trade_instruction
2024-11-05,000001.SZ,GOAL-08B,review_only,review_only,blocked_high_risk,never_actionable,true,HIGH,model_warning,calibration_not_reliable_for_thresholding;feature_sign_instability_bounded;provider_source_concentration_disclosed;selected_score_variant_weak_rank_signal;single_provider_mode_akshare_direct;target_horizon_calibration_warning;weak_target_horizon_rank_signal,calibration_not_reliable_for_thresholding;feature_sign_instability_bounded;provider_source_concentration_disclosed;selected_score_variant_weak_rank_signal;single_provider_mode_akshare_direct;target_horizon_calibration_warning;weak_target_horizon_rank_signal,blocked_high_risk,diagnostic_blocked_no_position_instruction,never_actionable,true,calibration_warning_blocks_position_band;future_position_diagnostics_non_actionable_policy;high_risk_severity_blocks_position_band;inherited_recommendation_never_actionable;provider_concentration_warning_disclosed;review_only_non_actionable_policy;weak_rank_signal_blocks_position_band,goal09_review_only_position_band_diagnostics_v1,review_only,source_goal=GOAL-08B;source_mode=review_only;source_goal07b_mode=review_only;risk_severity=HIGH;recommendation_actionability_status=never_actionable;position_band_diagnostic_label=blocked_high_risk;blocked_reason_codes=calibration_warning_blocks_position_band;future_position_diagnostics_non_actionable_policy;high_risk_severity_blocks_position_band;inherited_recommendation_never_actionable;provider_concentration_warning_disclosed;review_only_non_actionable_policy;weak_rank_signal_blocks_position_band,diagnostic_only_not_investment_advice_not_position_instruction_not_trade_instruction
2024-11-06,000001.SZ,GOAL-08B,review_only,review_only,blocked_high_risk,never_actionable,true,HIGH,model_warning,calibration_not_reliable_for_thresholding;feature_sign_instability_bounded;provider_source_concentration_disclosed;selected_score_variant_weak_rank_signal;single_provider_mode_akshare_direct;target_horizon_calibration_warning;weak_target_horizon_rank_signal,calibration_not_reliable_for_thresholding;feature_sign_instability_bounded;provider_source_concentration_disclosed;selected_score_variant_weak_rank_signal;single_provider_mode_akshare_direct;target_horizon_calibration_warning;weak_target_horizon_rank_signal,blocked_high_risk,diagnostic_blocked_no_position_instruction,never_actionable,true,calibration_warning_blocks_position_band;future_position_diagnostics_non_actionable_policy;high_risk_severity_blocks_position_band;inherited_recommendation_never_actionable;provider_concentration_warning_disclosed;review_only_non_actionable_policy;weak_rank_signal_blocks_position_band,goal09_review_only_position_band_diagnostics_v1,review_only,source_goal=GOAL-08B;source_mode=review_only;source_goal07b_mode=review_only;risk_severity=HIGH;recommendation_actionability_status=never_actionable;position_band_diagnostic_label=blocked_high_risk;blocked_reason_codes=calibration_warning_blocks_position_band;future_position_diagnostics_non_actionable_policy;high_risk_severity_blocks_position_band;inherited_recommendation_never_actionable;provider_concentration_warning_disclosed;review_only_non_actionable_policy;weak_rank_signal_blocks_position_band,diagnostic_only_not_investment_advice_not_position_instruction_not_trade_instruction
2024-11-07,000001.SZ,GOAL-08B,review_only,review_only,blocked_high_risk,never_actionable,true,HIGH,model_warning,calibration_not_reliable_for_thresholding;feature_sign_instability_bounded;provider_source_concentration_disclosed;selected_score_variant_weak_rank_signal;single_provider_mode_akshare_direct;target_horizon_calibration_warning;weak_target_horizon_rank_signal,calibration_not_reliable_for_thresholding;feature_sign_instability_bounded;provider_source_concentration_disclosed;selected_score_variant_weak_rank_signal;single_provider_mode_akshare_direct;target_horizon_calibration_warning;weak_target_horizon_rank_signal,blocked_high_risk,diagnostic_blocked_no_position_instruction,never_actionable,true,calibration_warning_blocks_position_band;future_position_diagnostics_non_actionable_policy;high_risk_severity_blocks_position_band;inherited_recommendation_never_actionable;provider_concentration_warning_disclosed;review_only_non_actionable_policy;weak_rank_signal_blocks_position_band,goal09_review_only_position_band_diagnostics_v1,review_only,source_goal=GOAL-08B;source_mode=review_only;source_goal07b_mode=review_only;risk_severity=HIGH;recommendation_actionability_status=never_actionable;position_band_diagnostic_label=blocked_high_risk;blocked_reason_codes=calibration_warning_blocks_position_band;future_position_diagnostics_non_actionable_policy;high_risk_severity_blocks_position_band;inherited_recommendation_never_actionable;provider_concentration_warning_disclosed;review_only_non_actionable_policy;weak_rank_signal_blocks_position_band,diagnostic_only_not_investment_advice_not_position_instruction_not_trade_instruction
2024-11-08,000001.SZ,GOAL-08B,review_only,review_only,blocked_high_risk,never_actionable,true,HIGH,model_warning,calibration_not_reliable_for_thresholding;feature_sign_instability_bounded;provider_source_concentration_disclosed;selected_score_variant_weak_rank_signal;single_provider_mode_akshare_direct;target_horizon_calibration_warning;weak_target_horizon_rank_signal,calibration_not_reliable_for_thresholding;feature_sign_instability_bounded;provider_source_concentration_disclosed;selected_score_variant_weak_rank_signal;single_provider_mode_akshare_direct;target_horizon_calibration_warning;weak_target_horizon_rank_signal,blocked_high_risk,diagnostic_blocked_no_position_instruction,never_actionable,true,calibration_warning_blocks_position_band;future_position_diagnostics_non_actionable_policy;high_risk_severity_blocks_position_band;inherited_recommendation_never_actionable;provider_concentration_warning_disclosed;review_only_non_actionable_policy;weak_rank_signal_blocks_position_band,goal09_review_only_position_band_diagnostics_v1,review_only,source_goal=GOAL-08B;source_mode=review_only;source_goal07b_mode=review_only;risk_severity=HIGH;recommendation_actionability_status=never_actionable;position_band_diagnostic_label=blocked_high_risk;blocked_reason_codes=calibration_warning_blocks_position_band;future_position_diagnostics_non_actionable_policy;high_risk_severity_blocks_position_band;inherited_recommendation_never_actionable;provider_concentration_warning_disclosed;review_only_non_actionable_policy;weak_rank_signal_blocks_position_band,diagnostic_only_not_investment_advice_not_position_instruction_not_trade_instruction
2024-11-11,000001.SZ,GOAL-08B,review_only,review_only,blocked_high_risk,never_actionable,true,HIGH,model_warning,calibration_not_reliable_for_thresholding;feature_sign_instability_bounded;provider_source_concentration_disclosed;selected_score_variant_weak_rank_signal;single_provider_mode_akshare_direct;target_horizon_calibration_warning;weak_target_horizon_rank_signal,calibration_not_reliable_for_thresholding;feature_sign_instability_bounded;provider_source_concentration_disclosed;selected_score_variant_weak_rank_signal;single_provider_mode_akshare_direct;target_horizon_calibration_warning;weak_target_horizon_rank_signal,blocked_high_risk,diagnostic_blocked_no_position_instruction,never_actionable,true,calibration_warning_blocks_position_band;future_position_diagnostics_non_actionable_policy;high_risk_severity_blocks_position_band;inherited_recommendation_never_actionable;provider_concentration_warning_disclosed;review_only_non_actionable_policy;weak_rank_signal_blocks_position_band,goal09_review_only_position_band_diagnostics_v1,review_only,source_goal=GOAL-08B;source_mode=review_only;source_goal07b_mode=review_only;risk_severity=HIGH;recommendation_actionability_status=never_actionable;position_band_diagnostic_label=blocked_high_risk;blocked_reason_codes=calibration_warning_blocks_position_band;future_position_diagnostics_non_actionable_policy;high_risk_severity_blocks_position_band;inherited_recommendation_never_actionable;provider_concentration_warning_disclosed;review_only_non_actionable_policy;weak_rank_signal_blocks_position_band,diagnostic_only_not_investment_advice_not_position_instruction_not_trade_instruction
2024-11-12,000001.SZ,GOAL-08B,review_only,review_only,blocked_high_risk,never_actionable,true,HIGH,model_warning,calibration_not_reliable_for_thresholding;feature_sign_instability_bounded;provider_source_concentration_disclosed;selected_score_variant_weak_rank_signal;single_provider_mode_akshare_direct;target_horizon_calibration_warning;weak_target_horizon_rank_signal,calibration_not_reliable_for_thresholding;feature_sign_instability_bounded;provider_source_concentration_disclosed;selected_score_variant_weak_rank_signal;single_provider_mode_akshare_direct;target_horizon_calibration_warning;weak_target_horizon_rank_signal,blocked_high_risk,diagnostic_blocked_no_position_instruction,never_actionable,true,calibration_warning_blocks_position_band;future_position_diagnostics_non_actionable_policy;high_risk_severity_blocks_position_band;inherited_recommendation_never_actionable;provider_concentration_warning_disclosed;review_only_non_actionable_policy;weak_rank_signal_blocks_position_band,goal09_review_only_position_band_diagnostics_v1,review_only,source_goal=GOAL-08B;source_mode=review_only;source_goal07b_mode=review_only;risk_severity=HIGH;recommendation_actionability_status=never_actionable;position_band_diagnostic_label=blocked_high_risk;blocked_reason_codes=calibration_warning_blocks_position_band;future_position_diagnostics_non_actionable_policy;high_risk_severity_blocks_position_band;inherited_recommendation_never_actionable;provider_concentration_warning_disclosed;review_only_non_actionable_policy;weak_rank_signal_blocks_position_band,diagnostic_only_not_investment_advice_not_position_instruction_not_trade_instruction
2024-11-13,000001.SZ,GOAL-08B,review_only,review_only,blocked_high_risk,never_actionable,true,HIGH,model_warning,calibration_not_reliable_for_thresholding;feature_sign_instability_bounded;provider_source_concentration_disclosed;selected_score_variant_weak_rank_signal;single_provider_mode_akshare_direct;target_horizon_calibration_warning;weak_target_horizon_rank_signal,calibration_not_reliable_for_thresholding;feature_sign_instability_bounded;provider_source_concentration_disclosed;selected_score_variant_weak_rank_signal;single_provider_mode_akshare_direct;target_horizon_calibration_warning;weak_target_horizon_rank_signal,blocked_high_risk,diagnostic_blocked_no_position_instruction,never_actionable,true,calibration_warning_blocks_position_band;future_position_diagnostics_non_actionable_policy;high_risk_severity_blocks_position_band;inherited_recommendation_never_actionable;provider_concentration_warning_disclosed;review_only_non_actionable_policy;weak_rank_signal_blocks_position_band,goal09_review_only_position_band_diagnostics_v1,review_only,source_goal=GOAL-08B;source_mode=review_only;source_goal07b_mode=review_only;risk_severity=HIGH;recommendation_actionability_status=never_actionable;position_band_diagnostic_label=blocked_high_risk;blocked_reason_codes=calibration_warning_blocks_position_band;future_position_diagnostics_non_actionable_policy;high_risk_severity_blocks_position_band;inherited_recommendation_never_actionable;provider_concentration_warning_disclosed;review_only_non_actionable_policy;weak_rank_signal_blocks_position_band,diagnostic_only_not_investment_advice_not_position_instruction_not_trade_instruction
2024-11-14,000001.SZ,GOAL-08B,review_only,review_only,blocked_high_risk,never_actionable,true,HIGH,model_warning,calibration_not_reliable_for_thresholding;feature_sign_instability_bounded;provider_source_concentration_disclosed;selected_score_variant_weak_rank_signal;single_provider_mode_akshare_direct;target_horizon_calibration_warning;weak_target_horizon_rank_signal,calibration_not_reliable_for_thresholding;feature_sign_instability_bounded;provider_source_concentration_disclosed;selected_score_variant_weak_rank_signal;single_provider_mode_akshare_direct;target_horizon_calibration_warning;weak_target_horizon_rank_signal,blocked_high_risk,diagnostic_blocked_no_position_instruction,never_actionable,true,calibration_warning_blocks_position_band;future_position_diagnostics_non_actionable_policy;high_risk_severity_blocks_position_band;inherited_recommendation_never_actionable;provider_concentration_warning_disclosed;review_only_non_actionable_policy;weak_rank_signal_blocks_position_band,goal09_review_only_position_band_diagnostics_v1,review_only,source_goal=GOAL-08B;source_mode=review_only;source_goal07b_mode=review_only;risk_severity=HIGH;recommendation_actionability_status=never_actionable;position_band_diagnostic_label=blocked_high_risk;blocked_reason_codes=calibration_warning_blocks_position_band;future_position_diagnostics_non_actionable_policy;high_risk_severity_blocks_position_band;inherited_recommendation_never_actionable;provider_concentration_warning_disclosed;review_only_non_actionable_policy;weak_rank_signal_blocks_position_band,diagnostic_only_not_investment_advice_not_position_instruction_not_trade_instruction
2024-11-15,000001.SZ,GOAL-08B,review_only,review_only,blocked_high_risk,never_actionable,true,HIGH,model_warning,calibration_not_reliable_for_thresholding;feature_sign_instability_bounded;provider_source_concentration_disclosed;selected_score_variant_weak_rank_signal;single_provider_mode_akshare_direct;target_horizon_calibration_warning;weak_target_horizon_rank_signal,calibration_not_reliable_for_thresholding;feature_sign_instability_bounded;provider_source_concentration_disclosed;selected_score_variant_weak_rank_signal;single_provider_mode_akshare_direct;target_horizon_calibration_warning;weak_target_horizon_rank_signal,blocked_high_risk,diagnostic_blocked_no_position_instruction,never_actionable,true,calibration_warning_blocks_position_band;future_position_diagnostics_non_actionable_policy;high_risk_severity_blocks_position_band;inherited_recommendation_never_actionable;provider_concentration_warning_disclosed;review_only_non_actionable_policy;weak_rank_signal_blocks_position_band,goal09_review_only_position_band_diagnostics_v1,review_only,source_goal=GOAL-08B;source_mode=review_only;source_goal07b_mode=review_only;risk_severity=HIGH;recommendation_actionability_status=never_actionable;position_band_diagnostic_label=blocked_high_risk;blocked_reason_codes=calibration_warning_blocks_position_band;future_position_diagnostics_non_actionable_policy;high_risk_severity_blocks_position_band;inherited_recommendation_never_actionable;provider_concentration_warning_disclosed;review_only_non_actionable_policy;weak_rank_signal_blocks_position_band,diagnostic_only_not_investment_advice_not_position_instruction_not_trade_instruction
2024-11-18,000001.SZ,GOAL-08B,review_only,review_only,blocked_high_risk,never_actionable,true,HIGH,model_warning,calibration_not_reliable_for_thresholding;feature_sign_instability_bounded;provider_source_concentration_disclosed;selected_score_variant_weak_rank_signal;single_provider_mode_akshare_direct;target_horizon_calibration_warning;weak_target_horizon_rank_signal,calibration_not_reliable_for_thresholding;feature_sign_instability_bounded;provider_source_concentration_disclosed;selected_score_variant_weak_rank_signal;single_provider_mode_akshare_direct;target_horizon_calibration_warning;weak_target_horizon_rank_signal,blocked_high_risk,diagnostic_blocked_no_position_instruction,never_actionable,true,calibration_warning_blocks_position_band;future_position_diagnostics_non_actionable_policy;high_risk_severity_blocks_position_band;inherited_recommendation_never_actionable;provider_concentration_warning_disclosed;review_only_non_actionable_policy;weak_rank_signal_blocks_position_band,goal09_review_only_position_band_diagnostics_v1,review_only,source_goal=GOAL-08B;source_mode=review_only;source_goal07b_mode=review_only;risk_severity=HIGH;recommendation_actionability_status=never_actionable;position_band_diagnostic_label=blocked_high_risk;blocked_reason_codes=calibration_warning_blocks_position_band;future_position_diagnostics_non_actionable_policy;high_risk_severity_blocks_position_band;inherited_recommendation_never_actionable;provider_concentration_warning_disclosed;review_only_non_actionable_policy;weak_rank_signal_blocks_position_band,diagnostic_only_not_investment_advice_not_position_instruction_not_trade_instruction
2024-11-19,000001.SZ,GOAL-08B,review_only,review_only,blocked_high_risk,never_actionable,true,HIGH,model_warning,calibration_not_reliable_for_thresholding;feature_sign_instability_bounded;provider_source_concentration_disclosed;selected_score_variant_weak_rank_signal;single_provider_mode_akshare_direct;target_horizon_calibration_warning;weak_target_horizon_rank_signal,calibration_not_reliable_for_thresholding;feature_sign_instability_bounded;provider_source_concentration_disclosed;selected_score_variant_weak_rank_signal;single_provider_mode_akshare_direct;target_horizon_calibration_warning;weak_target_horizon_rank_signal,blocked_high_risk,diagnostic_blocked_no_position_instruction,never_actionable,true,calibration_warning_blocks_position_band;future_position_diagnostics_non_actionable_policy;high_risk_severity_blocks_position_band;inherited_recommendation_never_actionable;provider_concentration_warning_disclosed;review_only_non_actionable_policy;weak_rank_signal_blocks_position_band,goal09_review_only_position_band_diagnostics_v1,review_only,source_goal=GOAL-08B;source_mode=review_only;source_goal07b_mode=review_only;risk_severity=HIGH;recommendation_actionability_status=never_actionable;position_band_diagnostic_label=blocked_high_risk;blocked_reason_codes=calibration_warning_blocks_position_band;future_position_diagnostics_non_actionable_policy;high_risk_severity_blocks_position_band;inherited_recommendation_never_actionable;provider_concentration_warning_disclosed;review_only_non_actionable_policy;weak_rank_signal_blocks_position_band,diagnostic_only_not_investment_advice_not_position_instruction_not_trade_instruction
2024-11-20,000001.SZ,GOAL-08B,review_only,review_only,blocked_high_risk,never_actionable,true,HIGH,model_warning,calibration_not_reliable_for_thresholding;feature_sign_instability_bounded;provider_source_concentration_disclosed;selected_score_variant_weak_rank_signal;single_provider_mode_akshare_direct;target_horizon_calibration_warning;weak_target_horizon_rank_signal,calibration_not_reliable_for_thresholding;feature_sign_instability_bounded;provider_source_concentration_disclosed;selected_score_variant_weak_rank_signal;single_provider_mode_akshare_direct;target_horizon_calibration_warning;weak_target_horizon_rank_signal,blocked_high_risk,diagnostic_blocked_no_position_instruction,never_actionable,true,calibration_warning_blocks_position_band;future_position_diagnostics_non_actionable_policy;high_risk_severity_blocks_position_band;inherited_recommendation_never_actionable;provider_concentration_warning_disclosed;review_only_non_actionable_policy;weak_rank_signal_blocks_position_band,goal09_review_only_position_band_diagnostics_v1,review_only,source_goal=GOAL-08B;source_mode=review_only;source_goal07b_mode=review_only;risk_severity=HIGH;recommendation_actionability_status=never_actionable;position_band_diagnostic_label=blocked_high_risk;blocked_reason_codes=calibration_warning_blocks_position_band;future_position_diagnostics_non_actionable_policy;high_risk_severity_blocks_position_band;inherited_recommendation_never_actionable;provider_concentration_warning_disclosed;review_only_non_actionable_policy;weak_rank_signal_blocks_position_band,diagnostic_only_not_investment_advice_not_position_instruction_not_trade_instruction
2024-11-21,000001.SZ,GOAL-08B,review_only,review_only,blocked_high_risk,never_actionable,true,HIGH,model_warning,calibration_not_reliable_for_thresholding;feature_sign_instability_bounded;provider_source_concentration_disclosed;selected_score_variant_weak_rank_signal;single_provider_mode_akshare_direct;target_horizon_calibration_warning;weak_target_horizon_rank_signal,calibration_not_reliable_for_thresholding;feature_sign_instability_bounded;provider_source_concentration_disclosed;selected_score_variant_weak_rank_signal;single_provider_mode_akshare_direct;target_horizon_calibration_warning;weak_target_horizon_rank_signal,blocked_high_risk,diagnostic_blocked_no_position_instruction,never_actionable,true,calibration_warning_blocks_position_band;future_position_diagnostics_non_actionable_policy;high_risk_severity_blocks_position_band;inherited_recommendation_never_actionable;provider_concentration_warning_disclosed;review_only_non_actionable_policy;weak_rank_signal_blocks_position_band,goal09_review_only_position_band_diagnostics_v1,review_only,source_goal=GOAL-08B;source_mode=review_only;source_goal07b_mode=review_only;risk_severity=HIGH;recommendation_actionability_status=never_actionable;position_band_diagnostic_label=blocked_high_risk;blocked_reason_codes=calibration_warning_blocks_position_band;future_position_diagnostics_non_actionable_policy;high_risk_severity_blocks_position_band;inherited_recommendation_never_actionable;provider_concentration_warning_disclosed;review_only_non_actionable_policy;weak_rank_signal_blocks_position_band,diagnostic_only_not_investment_advice_not_position_instruction_not_trade_instruction
2024-11-22,000001.SZ,GOAL-08B,review_only,review_only,blocked_high_risk,never_actionable,true,HIGH,model_warning,calibration_not_reliable_for_thresholding;feature_sign_instability_bounded;provider_source_concentration_disclosed;selected_score_variant_weak_rank_signal;single_provider_mode_akshare_direct;target_horizon_calibration_warning;weak_target_horizon_rank_signal,calibration_not_reliable_for_thresholding;feature_sign_instability_bounded;provider_source_concentration_disclosed;selected_score_variant_weak_rank_signal;single_provider_mode_akshare_direct;target_horizon_calibration_warning;weak_target_horizon_rank_signal,blocked_high_risk,diagnostic_blocked_no_position_instruction,never_actionable,true,calibration_warning_blocks_position_band;future_position_diagnostics_non_actionable_policy;high_risk_severity_blocks_position_band;inherited_recommendation_never_actionable;provider_concentration_warning_disclosed;review_only_non_actionable_policy;weak_rank_signal_blocks_position_band,goal09_review_only_position_band_diagnostics_v1,review_only,source_goal=GOAL-08B;source_mode=review_only;source_goal07b_mode=review_only;risk_severity=HIGH;recommendation_actionability_status=never_actionable;position_band_diagnostic_label=blocked_high_risk;blocked_reason_codes=calibration_warning_blocks_position_band;future_position_diagnostics_non_actionable_policy;high_risk_severity_blocks_position_band;inherited_recommendation_never_actionable;provider_concentration_warning_disclosed;review_only_non_actionable_policy;weak_rank_signal_blocks_position_band,diagnostic_only_not_investment_advice_not_position_instruction_not_trade_instruction
2024-11-25,000001.SZ,GOAL-08B,review_only,review_only,blocked_high_risk,never_actionable,true,HIGH,model_warning,calibration_not_reliable_for_thresholding;feature_sign_instability_bounded;provider_source_concentration_disclosed;selected_score_variant_weak_rank_signal;single_provider_mode_akshare_direct;target_horizon_calibration_warning;weak_target_horizon_rank_signal,calibration_not_reliable_for_thresholding;feature_sign_instability_bounded;provider_source_concentration_disclosed;selected_score_variant_weak_rank_signal;single_provider_mode_akshare_direct;target_horizon_calibration_warning;weak_target_horizon_rank_signal,blocked_high_risk,diagnostic_blocked_no_position_instruction,never_actionable,true,calibration_warning_blocks_position_band;future_position_diagnostics_non_actionable_policy;high_risk_severity_blocks_position_band;inherited_recommendation_never_actionable;provider_concentration_warning_disclosed;review_only_non_actionable_policy;weak_rank_signal_blocks_position_band,goal09_review_only_position_band_diagnostics_v1,review_only,source_goal=GOAL-08B;source_mode=review_only;source_goal07b_mode=review_only;risk_severity=HIGH;recommendation_actionability_status=never_actionable;position_band_diagnostic_label=blocked_high_risk;blocked_reason_codes=calibration_warning_blocks_position_band;future_position_diagnostics_non_actionable_policy;high_risk_severity_blocks_position_band;inherited_recommendation_never_actionable;provider_concentration_warning_disclosed;review_only_non_actionable_policy;weak_rank_signal_blocks_position_band,diagnostic_only_not_investment_advice_not_position_instruction_not_trade_instruction
2024-11-26,000001.SZ,GOAL-08B,review_only,review_only,blocked_high_risk,never_actionable,true,HIGH,model_warning,calibration_not_reliable_for_thresholding;feature_sign_instability_bounded;provider_source_concentration_disclosed;selected_score_variant_weak_rank_signal;single_provider_mode_akshare_direct;target_horizon_calibration_warning;weak_target_horizon_rank_signal,calibration_not_reliable_for_thresholding;feature_sign_instability_bounded;provider_source_concentration_disclosed;selected_score_variant_weak_rank_signal;single_provider_mode_akshare_direct;target_horizon_calibration_warning;weak_target_horizon_rank_signal,blocked_high_risk,diagnostic_blocked_no_position_instruction,never_actionable,true,calibration_warning_blocks_position_band;future_position_diagnostics_non_actionable_policy;high_risk_severity_blocks_position_band;inherited_recommendation_never_actionable;provider_concentration_warning_disclosed;review_only_non_actionable_policy;weak_rank_signal_blocks_position_band,goal09_review_only_position_band_diagnostics_v1,review_only,source_goal=GOAL-08B;source_mode=review_only;source_goal07b_mode=review_only;risk_severity=HIGH;recommendation_actionability_status=never_actionable;position_band_diagnostic_label=blocked_high_risk;blocked_reason_codes=calibration_warning_blocks_position_band;future_position_diagnostics_non_actionable_policy;high_risk_severity_blocks_position_band;inherited_recommendation_never_actionable;provider_concentration_warning_disclosed;review_only_non_actionable_policy;weak_rank_signal_blocks_position_band,diagnostic_only_not_investment_advice_not_position_instruction_not_trade_instruction
