refined_factor_id,source_factor_id,refinement_type,factor_family,group_type,group_value,row_count,unique_symbols,unique_trade_dates,mean_forward_return_1d,median_forward_return_1d,hit_rate_1d,mean_forward_return_5d,median_forward_return_5d,hit_rate_5d,mean_forward_return_20d,median_forward_return_20d,hit_rate_20d,mean_benchmark_excess_return_1d,median_benchmark_excess_return_1d,positive_excess_rate_1d,mean_benchmark_excess_return_5d,median_benchmark_excess_return_5d,positive_excess_rate_5d,mean_benchmark_excess_return_20d,median_benchmark_excess_return_20d,positive_excess_rate_20d
alpha_benchmark_relative_strength_20d__downside_risk_filtered,alpha_benchmark_relative_strength_20d,downside_risk_filtered,benchmark_relative_strength,factor_quantile,1,977,49,100,-0.0009374132,-0.0023041475,0.4247697032,-0.0030443887,-0.0069551777,0.4135107472,-0.0261928733,-0.0393325387,0.2917093142,-0.0014899910,-0.0031672993,0.4063459570,-0.0064609417,-0.0092006307,0.3684749232,-0.0339787182,-0.0442502696,0.2763561924
alpha_benchmark_relative_strength_20d__downside_risk_filtered,alpha_benchmark_relative_strength_20d,downside_risk_filtered,benchmark_relative_strength,factor_quantile,2,963,49,100,-0.0012991027,-0.0020100503,0.4267912773,-0.0046665356,-0.0068965517,0.4299065421,-0.0178237146,-0.0336551004,0.3478712357,-0.0019111484,-0.0029209321,0.3997923157,-0.0081420798,-0.0093103666,0.3727933541,-0.0255176707,-0.0356896127,0.3187954309
alpha_benchmark_relative_strength_20d__downside_risk_filtered,alpha_benchmark_relative_strength_20d,downside_risk_filtered,benchmark_relative_strength,factor_quantile,3,954,50,100,-0.0008211363,-0.0016796755,0.4507337526,-0.0026314897,-0.0041104744,0.4517819706,-0.0128745781,-0.0280312530,0.3469601677,-0.0013663237,-0.0023732477,0.4454926625,-0.0060443444,-0.0075593871,0.4014675052,-0.0202363929,-0.0354858710,0.3280922432
alpha_benchmark_relative_strength_20d__downside_risk_filtered,alpha_benchmark_relative_strength_20d,downside_risk_filtered,benchmark_relative_strength,factor_quantile,4,963,50,100,0.0012008234,0.0000000000,0.4911734164,0.0026163042,-0.0022421525,0.4579439252,-0.0017346435,-0.0229385488,0.3914849429,0.0005887777,-0.0018235359,0.4527518172,-0.0008592401,-0.0058671658,0.4361370717,-0.0094285996,-0.0301728288,0.3769470405
alpha_benchmark_relative_strength_20d__downside_risk_filtered,alpha_benchmark_relative_strength_20d,downside_risk_filtered,benchmark_relative_strength,factor_quantile,5,911,40,100,0.0009362523,-0.0025562794,0.4555433589,0.0073046667,0.0025839793,0.5214050494,0.0111205154,-0.0060689655,0.4785949506,0.0004059529,-0.0031216684,0.4478594951,0.0040275175,0.0004229109,0.5016465423,0.0038195796,-0.0231089073,0.4346871570
alpha_benchmark_relative_strength_20d__downside_risk_filtered,alpha_benchmark_relative_strength_20d,downside_risk_filtered,benchmark_relative_strength,factor_bucket,HIGH_REFINED_FACTOR_EXPOSURE_REVIEW_ONLY,1874,50,100,0.0010722086,-0.0009555029,0.4738527215,0.0048954388,-0.0009021217,0.4887940235,0.0045145826,-0.0175299914,0.4338313767,0.0004999018,-0.0022012027,0.4503735326,0.0015163395,-0.0041466546,0.4679829242,-0.0029883161,-0.0267553316,0.4050160085
alpha_benchmark_relative_strength_20d__downside_risk_filtered,alpha_benchmark_relative_strength_20d,downside_risk_filtered,benchmark_relative_strength,factor_bucket,INSUFFICIENT_REFINED_FACTOR_EVIDENCE_REVIEW_ONLY,1232,50,91,0.0003858267,0.0000000000,0.4991883117,0.0027853494,0.0000000000,0.4935064935,0.0237281148,0.0142909771,0.5965909091,0.0001602462,-0.0009435621,0.4642857143,-0.0020210867,-0.0048948008,0.4350649351,-0.0051784809,-0.0150807738,0.4180194805
alpha_benchmark_relative_strength_20d__downside_risk_filtered,alpha_benchmark_relative_strength_20d,downside_risk_filtered,benchmark_relative_strength,factor_bucket,LOW_REFINED_FACTOR_EXPOSURE_REVIEW_ONLY,1940,50,100,-0.0011169529,-0.0021052632,0.4257731959,-0.0038496090,-0.0069164288,0.4216494845,-0.0220384920,-0.0364601737,0.3195876289,-0.0016990501,-0.0030119005,0.4030927835,-0.0072954448,-0.0092352044,0.3706185567,-0.0297787240,-0.0412130767,0.2974226804
alpha_benchmark_relative_strength_20d__downside_risk_filtered,alpha_benchmark_relative_strength_20d,downside_risk_filtered,benchmark_relative_strength,factor_bucket,MEDIUM_REFINED_FACTOR_EXPOSURE_REVIEW_ONLY,954,50,100,-0.0008211363,-0.0016796755,0.4507337526,-0.0026314897,-0.0041104744,0.4517819706,-0.0128745781,-0.0280312530,0.3469601677,-0.0013663237,-0.0023732477,0.4454926625,-0.0060443444,-0.0075593871,0.4014675052,-0.0202363929,-0.0354858710,0.3280922432
alpha_benchmark_relative_strength_20d__horizon_specific,alpha_benchmark_relative_strength_20d,horizon_specific,benchmark_relative_strength,factor_quantile,1,1000,49,100,0.0003582021,-0.0018161010,0.4480000000,0.0006003651,-0.0046270148,0.4380000000,-0.0200905435,-0.0367083053,0.3090000000,-0.0002514179,-0.0022236985,0.4330000000,-0.0029630119,-0.0083145718,0.4060000000,-0.0284410994,-0.0432907964,0.2870000000
alpha_benchmark_relative_strength_20d__horizon_specific,alpha_benchmark_relative_strength_20d,horizon_specific,benchmark_relative_strength,factor_quantile,2,1000,50,100,-0.0014342158,-0.0019384792,0.4310000000,-0.0055645706,-0.0075412366,0.4220000000,-0.0188285433,-0.0316431322,0.3500000000,-0.0020438358,-0.0029115379,0.3960000000,-0.0091279476,-0.0096390482,0.3580000000,-0.0271790992,-0.0364605097,0.3170000000
alpha_benchmark_relative_strength_20d__horizon_specific,alpha_benchmark_relative_strength_20d,horizon_specific,benchmark_relative_strength,factor_quantile,3,1000,50,100,-0.0006386067,-0.0016453793,0.4510000000,-0.0024991321,-0.0040013169,0.4560000000,-0.0113452433,-0.0267337168,0.3540000000,-0.0012482267,-0.0023723703,0.4460000000,-0.0060625091,-0.0068729459,0.4090000000,-0.0196957992,-0.0346025560,0.3340000000
alpha_benchmark_relative_strength_20d__horizon_specific,alpha_benchmark_relative_strength_20d,horizon_specific,benchmark_relative_strength,factor_quantile,4,1000,50,100,0.0013785960,0.0000000000,0.4960000000,0.0026167748,-0.0021265516,0.4620000000,-0.0014950047,-0.0225919568,0.3970000000,0.0007689760,-0.0018264197,0.4520000000,-0.0009466022,-0.0056652626,0.4350000000,-0.0098455606,-0.0303760541,0.3720000000
alpha_benchmark_relative_strength_20d__horizon_specific,alpha_benchmark_relative_strength_20d,horizon_specific,benchmark_relative_strength,factor_quantile,5,1000,44,100,0.0008185468,-0.0023666395,0.4580000000,0.0071606611,0.0016952658,0.5130000000,0.0110640336,-0.0078409642,0.4720000000,0.0002089268,-0.0027925414,0.4510000000,0.0035972841,-0.0025297412,0.4900000000,0.0027134777,-0.0250786594,0.4280000000
alpha_benchmark_relative_strength_20d__horizon_specific,alpha_benchmark_relative_strength_20d,horizon_specific,benchmark_relative_strength,factor_bucket,HIGH_REFINED_FACTOR_EXPOSURE_REVIEW_ONLY,2000,50,100,0.0010985714,-0.0008792669,0.4770000000,0.0048887180,-0.0010494881,0.4875000000,0.0047845144,-0.0173687803,0.4345000000,0.0004889514,-0.0021858713,0.4515000000,0.0013253410,-0.0046952343,0.4625000000,-0.0035660415,-0.0279535756,0.4000000000
alpha_benchmark_relative_strength_20d__horizon_specific,alpha_benchmark_relative_strength_20d,horizon_specific,benchmark_relative_strength,factor_bucket,INSUFFICIENT_REFINED_FACTOR_EVIDENCE_REVIEW_ONLY,1000,50,20,-0.0009481177,0.0000000000,0.4750000000,0.0003128218,-0.0008543283,0.4820000000,0.0233516446,0.0157057202,0.6170000000,-0.0008998130,-0.0012488481,0.4450000000,-0.0040650394,-0.0060829583,0.4170000000,-0.0066081556,-0.0128133196,0.4260000000
alpha_benchmark_relative_strength_20d__horizon_specific,alpha_benchmark_relative_strength_20d,horizon_specific,benchmark_relative_strength,factor_bucket,LOW_REFINED_FACTOR_EXPOSURE_REVIEW_ONLY,2000,50,100,-0.0005380068,-0.0019019257,0.4395000000,-0.0024821028,-0.0062002550,0.4300000000,-0.0194595434,-0.0347205330,0.3295000000,-0.0011476269,-0.0024818335,0.4145000000,-0.0060454797,-0.0088294513,0.3820000000,-0.0278100993,-0.0409028366,0.3020000000
alpha_benchmark_relative_strength_20d__horizon_specific,alpha_benchmark_relative_strength_20d,horizon_specific,benchmark_relative_strength,factor_bucket,MEDIUM_REFINED_FACTOR_EXPOSURE_REVIEW_ONLY,1000,50,100,-0.0006386067,-0.0016453793,0.4510000000,-0.0024991321,-0.0040013169,0.4560000000,-0.0113452433,-0.0267337168,0.3540000000,-0.0012482267,-0.0023723703,0.4460000000,-0.0060625091,-0.0068729459,0.4090000000,-0.0196957992,-0.0346025560,0.3340000000
alpha_benchmark_relative_strength_20d__liquidity_filtered,alpha_benchmark_relative_strength_20d,liquidity_filtered,benchmark_relative_strength,factor_quantile,1,800,38,100,0.0006169885,-0.0012256006,0.4637500000,0.0024976414,-0.0031791968,0.4537500000,-0.0161822799,-0.0355218625,0.3325000000,0.0000073685,-0.0016125944,0.4462500000,-0.0010657356,-0.0057677955,0.4237500000,-0.0245328358,-0.0424010221,0.2987500000
alpha_benchmark_relative_strength_20d__liquidity_filtered,alpha_benchmark_relative_strength_20d,liquidity_filtered,benchmark_relative_strength,factor_quantile,2,800,39,100,-0.0005797780,-0.0014863004,0.4537500000,-0.0021356575,-0.0049690131,0.4487500000,-0.0084461430,-0.0273388290,0.4012500000,-0.0011893980,-0.0030637267,0.4062500000,-0.0056990345,-0.0085055018,0.3900000000,-0.0167966989,-0.0315445572,0.3437500000
alpha_benchmark_relative_strength_20d__liquidity_filtered,alpha_benchmark_relative_strength_20d,liquidity_filtered,benchmark_relative_strength,factor_quantile,3,800,39,100,0.0007881403,-0.0015618901,0.4600000000,0.0016141951,-0.0014503128,0.4887500000,0.0012083627,-0.0227711364,0.4075000000,0.0001785203,-0.0016799788,0.4550000000,-0.0019491819,-0.0059131156,0.4325000000,-0.0071421932,-0.0279998262,0.3850000000
alpha_benchmark_relative_strength_20d__liquidity_filtered,alpha_benchmark_relative_strength_20d,liquidity_filtered,benchmark_relative_strength,factor_quantile,4,800,39,100,0.0005368723,-0.0010199899,0.4762500000,0.0027310497,-0.0034457235,0.4512500000,0.0030670433,-0.0284155212,0.4037500000,-0.0000727477,-0.0022217007,0.4437500000,-0.0008323273,-0.0063545577,0.4287500000,-0.0052835126,-0.0310359204,0.3800000000
alpha_benchmark_relative_strength_20d__liquidity_filtered,alpha_benchmark_relative_strength_20d,liquidity_filtered,benchmark_relative_strength,factor_quantile,5,700,31,100,0.0015397172,-0.0015465801,0.4671428571,0.0102698904,0.0052909001,0.5400000000,0.0214233929,0.0042556843,0.5100000000,0.0009300972,-0.0034564707,0.4514285714,0.0067065134,0.0017829607,0.5100000000,0.0130728370,-0.0100320218,0.4728571429
alpha_benchmark_relative_strength_20d__liquidity_filtered,alpha_benchmark_relative_strength_20d,liquidity_filtered,benchmark_relative_strength,factor_bucket,HIGH_REFINED_FACTOR_EXPOSURE_REVIEW_ONLY,1500,39,100,0.0010048666,-0.0012519762,0.4720000000,0.0062491753,-0.0003996638,0.4926666667,0.0116333398,-0.0134907951,0.4533333333,0.0003952466,-0.0026071012,0.4473333333,0.0026857984,-0.0041466546,0.4666666667,0.0032827839,-0.0249928388,0.4233333333
alpha_benchmark_relative_strength_20d__liquidity_filtered,alpha_benchmark_relative_strength_20d,liquidity_filtered,benchmark_relative_strength,factor_bucket,INSUFFICIENT_REFINED_FACTOR_EVIDENCE_REVIEW_ONLY,2100,50,120,-0.0012538933,-0.0010805778,0.4519047619,-0.0039656125,-0.0039062524,0.4385714286,-0.0076464849,-0.0110043006,0.4314285714,-0.0015502158,-0.0018995664,0.4314285714,-0.0079168391,-0.0080459398,0.3895238095,-0.0262871571,-0.0287843279,0.3366666667
alpha_benchmark_relative_strength_20d__liquidity_filtered,alpha_benchmark_relative_strength_20d,liquidity_filtered,benchmark_relative_strength,factor_bucket,LOW_REFINED_FACTOR_EXPOSURE_REVIEW_ONLY,1600,39,100,0.0000186053,-0.0013715752,0.4587500000,0.0001809920,-0.0042673994,0.4512500000,-0.0123142114,-0.0314792527,0.3668750000,-0.0005910148,-0.0022948237,0.4262500000,-0.0033823850,-0.0073624004,0.4068750000,-0.0206647673,-0.0364968832,0.3212500000
alpha_benchmark_relative_strength_20d__liquidity_filtered,alpha_benchmark_relative_strength_20d,liquidity_filtered,benchmark_relative_strength,factor_bucket,MEDIUM_REFINED_FACTOR_EXPOSURE_REVIEW_ONLY,800,39,100,0.0007881403,-0.0015618901,0.4600000000,0.0016141951,-0.0014503128,0.4887500000,0.0012083627,-0.0227711364,0.4075000000,0.0001785203,-0.0016799788,0.4550000000,-0.0019491819,-0.0059131156,0.4325000000,-0.0071421932,-0.0279998262,0.3850000000
alpha_benchmark_relative_strength_20d__review_queue_conditioned,alpha_benchmark_relative_strength_20d,review_queue_conditioned,benchmark_relative_strength,factor_quantile,1,300,13,100,0.0001022979,-0.0009974117,0.4700000000,-0.0004650722,-0.0025324409,0.4566666667,-0.0271900037,-0.0344525731,0.3366666667,-0.0005073221,-0.0023317220,0.4566666667,-0.0040284492,-0.0119100949,0.4033333333,-0.0355405596,-0.0526036218,0.2966666667
alpha_benchmark_relative_strength_20d__review_queue_conditioned,alpha_benchmark_relative_strength_20d,review_queue_conditioned,benchmark_relative_strength,factor_quantile,2,300,13,100,-0.0014837559,-0.0023692829,0.4233333333,-0.0091477153,-0.0083161521,0.4133333333,-0.0124946835,-0.0289383939,0.4033333333,-0.0020933759,-0.0041432921,0.4000000000,-0.0127110923,-0.0119337775,0.3566666667,-0.0208452394,-0.0348208097,0.3266666667
alpha_benchmark_relative_strength_20d__review_queue_conditioned,alpha_benchmark_relative_strength_20d,review_queue_conditioned,benchmark_relative_strength,factor_quantile,3,200,13,100,0.0039271516,0.0024128123,0.5450000000,0.0149638038,0.0087712578,0.5650000000,0.0371320688,-0.0095499861,0.4650000000,0.0033175316,0.0020938272,0.5300000000,0.0114004268,0.0027708636,0.5300000000,0.0287815129,-0.0124283756,0.4600000000
alpha_benchmark_relative_strength_20d__review_queue_conditioned,alpha_benchmark_relative_strength_20d,review_queue_conditioned,benchmark_relative_strength,factor_quantile,4,300,13,100,0.0017830593,0.0000852951,0.5000000000,0.0122790609,0.0059019479,0.5266666667,0.0435333469,0.0104824059,0.5133333333,0.0011734393,-0.0016012248,0.4700000000,0.0087156840,0.0007943842,0.5033333333,0.0351827910,0.0104436464,0.5300000000
alpha_benchmark_relative_strength_20d__review_queue_conditioned,alpha_benchmark_relative_strength_20d,review_queue_conditioned,benchmark_relative_strength,factor_quantile,5,200,12,100,0.0021496039,-0.0006027179,0.4900000000,0.0142020462,0.0109444147,0.5400000000,0.0249595614,0.0233107136,0.5500000000,0.0015399839,-0.0029642159,0.4550000000,0.0106386692,0.0066015490,0.5300000000,0.0166090055,0.0125995614,0.5100000000
alpha_benchmark_relative_strength_20d__review_queue_conditioned,alpha_benchmark_relative_strength_20d,review_queue_conditioned,benchmark_relative_strength,factor_bucket,HIGH_REFINED_FACTOR_EXPOSURE_REVIEW_ONLY,500,13,100,0.0019296771,0.0000000000,0.4960000000,0.0130482550,0.0076652597,0.5320000000,0.0361038327,0.0187357346,0.5280000000,0.0013200571,-0.0018612062,0.4640000000,0.0094848780,0.0044650631,0.5140000000,0.0277532768,0.0108727039,0.5220000000
alpha_benchmark_relative_strength_20d__review_queue_conditioned,alpha_benchmark_relative_strength_20d,review_queue_conditioned,benchmark_relative_strength,factor_bucket,INSUFFICIENT_REFINED_FACTOR_EVIDENCE_REVIEW_ONLY,4700,50,120,-0.0003832823,-0.0015022535,0.4540425532,-0.0008523685,-0.0036432473,0.4538297872,-0.0065779959,-0.0177364992,0.4085106383,-0.0008529183,-0.0020261483,0.4314893617,-0.0045890400,-0.0072038058,0.4093617021,-0.0195262633,-0.0312713557,0.3455319149
alpha_benchmark_relative_strength_20d__review_queue_conditioned,alpha_benchmark_relative_strength_20d,review_queue_conditioned,benchmark_relative_strength,factor_bucket,LOW_REFINED_FACTOR_EXPOSURE_REVIEW_ONLY,600,13,100,-0.0006907290,-0.0017707557,0.4466666667,-0.0048063938,-0.0056521330,0.4350000000,-0.0198423436,-0.0324543113,0.3700000000,-0.0013003490,-0.0034887224,0.4283333333,-0.0083697708,-0.0119100949,0.3800000000,-0.0281928995,-0.0441639146,0.3116666667
alpha_benchmark_relative_strength_20d__review_queue_conditioned,alpha_benchmark_relative_strength_20d,review_queue_conditioned,benchmark_relative_strength,factor_bucket,MEDIUM_REFINED_FACTOR_EXPOSURE_REVIEW_ONLY,200,13,100,0.0039271516,0.0024128123,0.5450000000,0.0149638038,0.0087712578,0.5650000000,0.0371320688,-0.0095499861,0.4650000000,0.0033175316,0.0020938272,0.5300000000,0.0114004268,0.0027708636,0.5300000000,0.0287815129,-0.0124283756,0.4600000000
alpha_benchmark_relative_strength_20d__risk_filtered,alpha_benchmark_relative_strength_20d,risk_filtered,benchmark_relative_strength,factor_quantile,1,984,49,100,0.0000022259,-0.0019019257,0.4420731707,-0.0011742367,-0.0050121988,0.4308943089,-0.0217180485,-0.0373228537,0.3018292683,-0.0006409435,-0.0026415438,0.4237804878,-0.0046833352,-0.0085589013,0.3922764228,-0.0299847162,-0.0435791365,0.2835365854
alpha_benchmark_relative_strength_20d__risk_filtered,alpha_benchmark_relative_strength_20d,risk_filtered,benchmark_relative_strength,factor_quantile,2,955,49,100,-0.0013512669,-0.0019467878,0.4324607330,-0.0055505091,-0.0074682599,0.4219895288,-0.0180440323,-0.0317073171,0.3539267016,-0.0019300332,-0.0024657958,0.4010471204,-0.0090203796,-0.0093489563,0.3633507853,-0.0261162330,-0.0347363159,0.3204188482
alpha_benchmark_relative_strength_20d__risk_filtered,alpha_benchmark_relative_strength_20d,risk_filtered,benchmark_relative_strength,factor_quantile,3,941,50,100,-0.0004138551,-0.0017182131,0.4495217853,-0.0023445257,-0.0044994376,0.4516471838,-0.0120624036,-0.0265323103,0.3517534538,-0.0010680392,-0.0024593220,0.4442082891,-0.0058585256,-0.0069649495,0.4017003188,-0.0205307289,-0.0346292751,0.3326248672
alpha_benchmark_relative_strength_20d__risk_filtered,alpha_benchmark_relative_strength_20d,risk_filtered,benchmark_relative_strength,factor_quantile,4,955,50,100,0.0009809395,0.0000000000,0.4900523560,0.0018672966,-0.0019493177,0.4638743455,-0.0001869793,-0.0217983651,0.4041884817,0.0004021731,-0.0019755732,0.4502617801,-0.0016025739,-0.0062664752,0.4376963351,-0.0082591799,-0.0296053642,0.3801047120
alpha_benchmark_relative_strength_20d__risk_filtered,alpha_benchmark_relative_strength_20d,risk_filtered,benchmark_relative_strength,factor_quantile,5,900,46,100,0.0011093835,-0.0015465801,0.4655555556,0.0062313915,-0.0000860992,0.4977777778,0.0020975523,-0.0177283189,0.4333333333,0.0004419877,-0.0025332562,0.4555555556,0.0026909725,-0.0034737178,0.4755555556,-0.0061513365,-0.0309482362,0.3888888889
alpha_benchmark_relative_strength_20d__risk_filtered,alpha_benchmark_relative_strength_20d,risk_filtered,benchmark_relative_strength,factor_bucket,HIGH_REFINED_FACTOR_EXPOSURE_REVIEW_ONLY,1855,50,100,0.0010432573,-0.0007739273,0.4781671159,0.0039846473,-0.0012642225,0.4803234501,0.0009214188,-0.0202555313,0.4183288410,0.0004214902,-0.0020399253,0.4528301887,0.0004805483,-0.0050941025,0.4560646900,-0.0072365066,-0.0302917314,0.3843665768
alpha_benchmark_relative_strength_20d__risk_filtered,alpha_benchmark_relative_strength_20d,risk_filtered,benchmark_relative_strength,factor_bucket,INSUFFICIENT_REFINED_FACTOR_EVIDENCE_REVIEW_ONLY,1265,50,111,-0.0005716446,-0.0001783485,0.4750988142,0.0030812515,0.0000000000,0.4980237154,0.0244272284,0.0160784314,0.5984189723,-0.0006073991,-0.0014001715,0.4466403162,-0.0013624555,-0.0047625693,0.4411067194,-0.0014759980,-0.0129782378,0.4371541502
alpha_benchmark_relative_strength_20d__risk_filtered,alpha_benchmark_relative_strength_20d,risk_filtered,benchmark_relative_strength,factor_bucket,LOW_REFINED_FACTOR_EXPOSURE_REVIEW_ONLY,1939,50,100,-0.0006643990,-0.0019301707,0.4373388345,-0.0033296468,-0.0064494514,0.4265085095,-0.0199085150,-0.0350672122,0.3274883961,-0.0012758485,-0.0025272557,0.4125838061,-0.0068194247,-0.0088723613,0.3780299123,-0.0280794034,-0.0404029974,0.3017019082
alpha_benchmark_relative_strength_20d__risk_filtered,alpha_benchmark_relative_strength_20d,risk_filtered,benchmark_relative_strength,factor_bucket,MEDIUM_REFINED_FACTOR_EXPOSURE_REVIEW_ONLY,941,50,100,-0.0004138551,-0.0017182131,0.4495217853,-0.0023445257,-0.0044994376,0.4516471838,-0.0120624036,-0.0265323103,0.3517534538,-0.0010680392,-0.0024593220,0.4442082891,-0.0058585256,-0.0069649495,0.4017003188,-0.0205307289,-0.0346292751,0.3326248672
alpha_downside_vol_adjusted_strength_20d__downside_risk_filtered,alpha_downside_vol_adjusted_strength_20d,downside_risk_filtered,downside_volatility_adjusted_signal,factor_quantile,1,977,47,100,-0.0007490591,-0.0020100503,0.4206755374,-0.0038325036,-0.0069204152,0.4032753327,-0.0262684488,-0.0339118292,0.2906857728,-0.0013016369,-0.0026670205,0.4227226203,-0.0072490566,-0.0096166823,0.3541453429,-0.0340542936,-0.0407073759,0.2824974411
alpha_downside_vol_adjusted_strength_20d__downside_risk_filtered,alpha_downside_vol_adjusted_strength_20d,downside_risk_filtered,downside_volatility_adjusted_signal,factor_quantile,2,963,50,100,-0.0007639261,-0.0019685039,0.4350986501,-0.0039286412,-0.0058708415,0.4413291796,-0.0215567687,-0.0381781648,0.3468328141,-0.0013759718,-0.0022845184,0.4143302181,-0.0074041855,-0.0088197475,0.3987538941,-0.0292507248,-0.0383307819,0.3146417445
alpha_downside_vol_adjusted_strength_20d__downside_risk_filtered,alpha_downside_vol_adjusted_strength_20d,downside_risk_filtered,downside_volatility_adjusted_signal,factor_quantile,3,954,50,100,-0.0011146899,-0.0019927166,0.4528301887,-0.0027554344,-0.0058543822,0.4475890985,-0.0114710834,-0.0315747949,0.3511530398,-0.0016598773,-0.0028863724,0.4255765199,-0.0061682891,-0.0075869817,0.4014675052,-0.0188328982,-0.0396868398,0.3259958071
alpha_downside_vol_adjusted_strength_20d__downside_risk_filtered,alpha_downside_vol_adjusted_strength_20d,downside_risk_filtered,downside_volatility_adjusted_signal,factor_quantile,4,963,50,100,0.0007756829,-0.0007002801,0.4839044652,0.0033187925,-0.0011383039,0.4797507788,0.0011056352,-0.0200397184,0.3935617861,0.0001636372,-0.0028219419,0.4371754933,-0.0001567517,-0.0050648622,0.4423676012,-0.0065883209,-0.0293186882,0.3811007269
alpha_downside_vol_adjusted_strength_20d__downside_risk_filtered,alpha_downside_vol_adjusted_strength_20d,downside_risk_filtered,downside_volatility_adjusted_signal,factor_quantile,5,911,47,100,0.0009253450,-0.0015814444,0.4566410538,0.0067570740,0.0001967536,0.5016465423,0.0106755603,-0.0060689655,0.4742041712,0.0003950455,-0.0021833717,0.4522502744,0.0034799248,-0.0033556265,0.4829857300,0.0033746245,-0.0235079139,0.4302963776
alpha_downside_vol_adjusted_strength_20d__downside_risk_filtered,alpha_downside_vol_adjusted_strength_20d,downside_risk_filtered,downside_volatility_adjusted_signal,factor_bucket,HIGH_REFINED_FACTOR_EXPOSURE_REVIEW_ONLY,1874,50,100,0.0008484375,-0.0010512804,0.4706510139,0.0049902303,-0.0006594270,0.4903948773,0.0057578240,-0.0157977982,0.4327641409,0.0002761308,-0.0025575962,0.4445037353,0.0016111310,-0.0045126179,0.4621131270,-0.0017450748,-0.0264670853,0.4050160085
alpha_downside_vol_adjusted_strength_20d__downside_risk_filtered,alpha_downside_vol_adjusted_strength_20d,downside_risk_filtered,downside_volatility_adjusted_signal,factor_bucket,INSUFFICIENT_REFINED_FACTOR_EVIDENCE_REVIEW_ONLY,1232,50,91,0.0003858267,0.0000000000,0.4991883117,0.0027853494,0.0000000000,0.4935064935,0.0237281148,0.0142909771,0.5965909091,0.0001602462,-0.0009435621,0.4642857143,-0.0020210867,-0.0048948008,0.4350649351,-0.0051784809,-0.0150807738,0.4180194805
alpha_downside_vol_adjusted_strength_20d__downside_risk_filtered,alpha_downside_vol_adjusted_strength_20d,downside_risk_filtered,downside_volatility_adjusted_signal,factor_bucket,LOW_REFINED_FACTOR_EXPOSURE_REVIEW_ONLY,1940,50,100,-0.0007564389,-0.0019890607,0.4278350515,-0.0038802255,-0.0064546999,0.4221649485,-0.0239296096,-0.0359976909,0.3185567010,-0.0013385361,-0.0025102740,0.4185567010,-0.0073260613,-0.0090984674,0.3762886598,-0.0316698417,-0.0400643810,0.2984536082
alpha_downside_vol_adjusted_strength_20d__downside_risk_filtered,alpha_downside_vol_adjusted_strength_20d,downside_risk_filtered,downside_volatility_adjusted_signal,factor_bucket,MEDIUM_REFINED_FACTOR_EXPOSURE_REVIEW_ONLY,954,50,100,-0.0011146899,-0.0019927166,0.4528301887,-0.0027554344,-0.0058543822,0.4475890985,-0.0114710834,-0.0315747949,0.3511530398,-0.0016598773,-0.0028863724,0.4255765199,-0.0061682891,-0.0075869817,0.4014675052,-0.0188328982,-0.0396868398,0.3259958071
alpha_downside_vol_adjusted_strength_20d__horizon_specific,alpha_downside_vol_adjusted_strength_20d,horizon_specific,downside_volatility_adjusted_signal,factor_quantile,1,1000,48,100,-0.0003523704,-0.0018706586,0.4330000000,-0.0015603304,-0.0062361111,0.4160000000,-0.0225542144,-0.0310315433,0.3020000000,-0.0009619904,-0.0024241143,0.4320000000,-0.0051237073,-0.0086222484,0.3710000000,-0.0309047703,-0.0382359901,0.2910000000
alpha_downside_vol_adjusted_strength_20d__horizon_specific,alpha_downside_vol_adjusted_strength_20d,horizon_specific,downside_volatility_adjusted_signal,factor_quantile,2,1000,50,100,-0.0003185682,-0.0017857143,0.4490000000,-0.0026795603,-0.0047353116,0.4510000000,-0.0191803743,-0.0376011443,0.3540000000,-0.0009281882,-0.0020261483,0.4220000000,-0.0062429372,-0.0080344030,0.4090000000,-0.0275309302,-0.0380680005,0.3220000000
alpha_downside_vol_adjusted_strength_20d__horizon_specific,alpha_downside_vol_adjusted_strength_20d,horizon_specific,downside_volatility_adjusted_signal,factor_quantile,3,1000,50,100,-0.0007013441,-0.0017055247,0.4580000000,-0.0030026663,-0.0058543822,0.4480000000,-0.0091846999,-0.0302964846,0.3610000000,-0.0013109642,-0.0022648734,0.4330000000,-0.0065660433,-0.0075069555,0.4030000000,-0.0175352558,-0.0396868398,0.3310000000
alpha_downside_vol_adjusted_strength_20d__horizon_specific,alpha_downside_vol_adjusted_strength_20d,horizon_specific,downside_volatility_adjusted_signal,factor_quantile,4,1000,50,100,0.0007893020,-0.0007789565,0.4830000000,0.0023430934,-0.0018680663,0.4710000000,-0.0015355044,-0.0202338170,0.3930000000,0.0001796820,-0.0028138549,0.4370000000,-0.0012202836,-0.0058523096,0.4330000000,-0.0098860602,-0.0315503934,0.3670000000
alpha_downside_vol_adjusted_strength_20d__horizon_specific,alpha_downside_vol_adjusted_strength_20d,horizon_specific,downside_volatility_adjusted_signal,factor_quantile,5,1000,48,100,0.0010655032,-0.0012690100,0.4610000000,0.0072135618,0.0006943592,0.5050000000,0.0117594916,-0.0063444490,0.4720000000,0.0004558832,-0.0021858713,0.4540000000,0.0036501848,-0.0032085932,0.4820000000,0.0034089357,-0.0233532775,0.4270000000
alpha_downside_vol_adjusted_strength_20d__horizon_specific,alpha_downside_vol_adjusted_strength_20d,horizon_specific,downside_volatility_adjusted_signal,factor_bucket,HIGH_REFINED_FACTOR_EXPOSURE_REVIEW_ONLY,2000,50,100,0.0009274026,-0.0010047477,0.4720000000,0.0047783276,-0.0008960833,0.4880000000,0.0051119936,-0.0157977982,0.4325000000,0.0003177826,-0.0025575962,0.4455000000,0.0012149506,-0.0050322192,0.4575000000,-0.0032385623,-0.0278247002,0.3970000000
alpha_downside_vol_adjusted_strength_20d__horizon_specific,alpha_downside_vol_adjusted_strength_20d,horizon_specific,downside_volatility_adjusted_signal,factor_bucket,INSUFFICIENT_REFINED_FACTOR_EVIDENCE_REVIEW_ONLY,1000,50,20,-0.0009481177,0.0000000000,0.4750000000,0.0003128218,-0.0008543283,0.4820000000,0.0233516446,0.0157057202,0.6170000000,-0.0008998130,-0.0012488481,0.4450000000,-0.0040650394,-0.0060829583,0.4170000000,-0.0066081556,-0.0128133196,0.4260000000
alpha_downside_vol_adjusted_strength_20d__horizon_specific,alpha_downside_vol_adjusted_strength_20d,horizon_specific,downside_volatility_adjusted_signal,factor_bucket,LOW_REFINED_FACTOR_EXPOSURE_REVIEW_ONLY,2000,50,100,-0.0003354693,-0.0018078514,0.4410000000,-0.0021199453,-0.0054340979,0.4335000000,-0.0208672943,-0.0340240080,0.3280000000,-0.0009450893,-0.0022042939,0.4270000000,-0.0056833223,-0.0084613356,0.3900000000,-0.0292178502,-0.0380680005,0.3065000000
alpha_downside_vol_adjusted_strength_20d__horizon_specific,alpha_downside_vol_adjusted_strength_20d,horizon_specific,downside_volatility_adjusted_signal,factor_bucket,MEDIUM_REFINED_FACTOR_EXPOSURE_REVIEW_ONLY,1000,50,100,-0.0007013441,-0.0017055247,0.4580000000,-0.0030026663,-0.0058543822,0.4480000000,-0.0091846999,-0.0302964846,0.3610000000,-0.0013109642,-0.0022648734,0.4330000000,-0.0065660433,-0.0075069555,0.4030000000,-0.0175352558,-0.0396868398,0.3310000000
alpha_downside_vol_adjusted_strength_20d__liquidity_filtered,alpha_downside_vol_adjusted_strength_20d,liquidity_filtered,downside_volatility_adjusted_signal,factor_quantile,1,800,38,100,-0.0002753806,-0.0014383305,0.4512500000,-0.0012177461,-0.0052233799,0.4225000000,-0.0245796310,-0.0364866311,0.3087500000,-0.0008850006,-0.0025147920,0.4287500000,-0.0047811231,-0.0088408093,0.3737500000,-0.0329301869,-0.0435791365,0.2687500000
alpha_downside_vol_adjusted_strength_20d__liquidity_filtered,alpha_downside_vol_adjusted_strength_20d,liquidity_filtered,downside_volatility_adjusted_signal,factor_quantile,2,800,39,100,0.0003165236,-0.0013499791,0.4662500000,0.0000092076,-0.0017636698,0.4750000000,-0.0072101001,-0.0300163044,0.4000000000,-0.0002930964,-0.0017298675,0.4412500000,-0.0035541694,-0.0068013268,0.4287500000,-0.0155606560,-0.0314859723,0.3687500000
alpha_downside_vol_adjusted_strength_20d__liquidity_filtered,alpha_downside_vol_adjusted_strength_20d,liquidity_filtered,downside_volatility_adjusted_signal,factor_quantile,3,800,39,100,0.0004642923,-0.0014567546,0.4675000000,0.0018788146,-0.0012201612,0.4900000000,0.0070638349,-0.0226786547,0.4287500000,-0.0001453278,-0.0022651197,0.4450000000,-0.0016845624,-0.0050416956,0.4437500000,-0.0012867210,-0.0279393631,0.3937500000
alpha_downside_vol_adjusted_strength_20d__liquidity_filtered,alpha_downside_vol_adjusted_strength_20d,liquidity_filtered,downside_volatility_adjusted_signal,factor_quantile,4,800,39,100,0.0010351599,-0.0008257674,0.4800000000,0.0054410484,-0.0013536972,0.4775000000,0.0122198757,-0.0156189292,0.4325000000,0.0004255399,-0.0022004173,0.4462500000,0.0018776714,-0.0052565234,0.4462500000,0.0038693198,-0.0265544190,0.4075000000
alpha_downside_vol_adjusted_strength_20d__liquidity_filtered,alpha_downside_vol_adjusted_strength_20d,liquidity_filtered,downside_volatility_adjusted_signal,factor_quantile,5,700,37,100,0.0013358635,-0.0021024338,0.4542857143,0.0086652095,0.0017247186,0.5142857143,0.0124553972,-0.0065950118,0.4814285714,0.0007262435,-0.0034564707,0.4400000000,0.0051018326,-0.0015405734,0.4900000000,0.0041048413,-0.0236924356,0.4371428571
alpha_downside_vol_adjusted_strength_20d__liquidity_filtered,alpha_downside_vol_adjusted_strength_20d,liquidity_filtered,downside_volatility_adjusted_signal,factor_bucket,HIGH_REFINED_FACTOR_EXPOSURE_REVIEW_ONLY,1500,39,100,0.0011754882,-0.0013848833,0.4680000000,0.0069456569,-0.0001860892,0.4946666667,0.0123297857,-0.0125542793,0.4553333333,0.0005658682,-0.0026035083,0.4433333333,0.0033822799,-0.0042813752,0.4666666667,0.0039792298,-0.0252451256,0.4213333333
alpha_downside_vol_adjusted_strength_20d__liquidity_filtered,alpha_downside_vol_adjusted_strength_20d,liquidity_filtered,downside_volatility_adjusted_signal,factor_bucket,INSUFFICIENT_REFINED_FACTOR_EVIDENCE_REVIEW_ONLY,2100,50,120,-0.0012538933,-0.0010805778,0.4519047619,-0.0039656125,-0.0039062524,0.4385714286,-0.0076464849,-0.0110043006,0.4314285714,-0.0015502158,-0.0018995664,0.4314285714,-0.0079168391,-0.0080459398,0.3895238095,-0.0262871571,-0.0287843279,0.3366666667
alpha_downside_vol_adjusted_strength_20d__liquidity_filtered,alpha_downside_vol_adjusted_strength_20d,liquidity_filtered,downside_volatility_adjusted_signal,factor_bucket,LOW_REFINED_FACTOR_EXPOSURE_REVIEW_ONLY,1600,39,100,0.0000205715,-0.0013751144,0.4587500000,-0.0006042693,-0.0043303203,0.4487500000,-0.0158948656,-0.0339074468,0.3543750000,-0.0005890485,-0.0019424754,0.4350000000,-0.0041676462,-0.0077624798,0.4012500000,-0.0242454215,-0.0376471611,0.3187500000
alpha_downside_vol_adjusted_strength_20d__liquidity_filtered,alpha_downside_vol_adjusted_strength_20d,liquidity_filtered,downside_volatility_adjusted_signal,factor_bucket,MEDIUM_REFINED_FACTOR_EXPOSURE_REVIEW_ONLY,800,39,100,0.0004642923,-0.0014567546,0.4675000000,0.0018788146,-0.0012201612,0.4900000000,0.0070638349,-0.0226786547,0.4287500000,-0.0001453278,-0.0022651197,0.4450000000,-0.0016845624,-0.0050416956,0.4437500000,-0.0012867210,-0.0279393631,0.3937500000
alpha_downside_vol_adjusted_strength_20d__review_queue_conditioned,alpha_downside_vol_adjusted_strength_20d,review_queue_conditioned,downside_volatility_adjusted_signal,factor_quantile,1,300,12,100,-0.0011600558,-0.0021999946,0.4466666667,-0.0036227262,-0.0042984061,0.4233333333,-0.0363629837,-0.0442922098,0.3033333333,-0.0017696758,-0.0035510055,0.4200000000,-0.0071861032,-0.0123954864,0.3666666667,-0.0447135396,-0.0534677614,0.2400000000
alpha_downside_vol_adjusted_strength_20d__review_queue_conditioned,alpha_downside_vol_adjusted_strength_20d,review_queue_conditioned,downside_volatility_adjusted_signal,factor_quantile,2,300,13,100,-0.0000916516,-0.0016684870,0.4366666667,-0.0038095028,-0.0060864393,0.4600000000,-0.0049083299,-0.0216187157,0.4300000000,-0.0007012716,-0.0034187608,0.4400000000,-0.0073728798,-0.0079327717,0.4133333333,-0.0132588858,-0.0282214198,0.3766666667
alpha_downside_vol_adjusted_strength_20d__review_queue_conditioned,alpha_downside_vol_adjusted_strength_20d,review_queue_conditioned,downside_volatility_adjusted_signal,factor_quantile,3,200,13,100,0.0024381099,0.0020757464,0.5300000000,0.0072893699,0.0058257964,0.5500000000,0.0450480605,-0.0103380228,0.4700000000,0.0018284899,-0.0008437281,0.4950000000,0.0037259929,0.0008891664,0.5050000000,0.0366975046,-0.0128996052,0.4750000000
alpha_downside_vol_adjusted_strength_20d__review_queue_conditioned,alpha_downside_vol_adjusted_strength_20d,review_queue_conditioned,downside_volatility_adjusted_signal,factor_quantile,4,300,13,100,0.0015754857,0.0000000000,0.4933333333,0.0124528377,0.0022369985,0.5133333333,0.0304713969,-0.0051757343,0.4933333333,0.0009658657,-0.0016012248,0.4733333333,0.0088894607,-0.0025454213,0.4900000000,0.0221208410,0.0011124812,0.5033333333
alpha_downside_vol_adjusted_strength_20d__review_queue_conditioned,alpha_downside_vol_adjusted_strength_20d,review_queue_conditioned,downside_volatility_adjusted_signal,factor_quantile,5,200,12,100,0.0037553801,0.0024898938,0.5300000000,0.0183449771,0.0129601465,0.5550000000,0.0390164343,0.0330764286,0.5850000000,0.0031457601,-0.0010565500,0.4800000000,0.0147816001,0.0082679492,0.5450000000,0.0306658784,0.0279964441,0.5450000000
alpha_downside_vol_adjusted_strength_20d__review_queue_conditioned,alpha_downside_vol_adjusted_strength_20d,review_queue_conditioned,downside_volatility_adjusted_signal,factor_bucket,HIGH_REFINED_FACTOR_EXPOSURE_REVIEW_ONLY,500,13,100,0.0024474434,0.0003940340,0.5080000000,0.0148096935,0.0074347011,0.5300000000,0.0338894118,0.0180591304,0.5300000000,0.0018378234,-0.0015066909,0.4760000000,0.0112463165,0.0041115417,0.5120000000,0.0255388559,0.0103049124,0.5200000000
alpha_downside_vol_adjusted_strength_20d__review_queue_conditioned,alpha_downside_vol_adjusted_strength_20d,review_queue_conditioned,downside_volatility_adjusted_signal,factor_bucket,INSUFFICIENT_REFINED_FACTOR_EVIDENCE_REVIEW_ONLY,4700,50,120,-0.0003832823,-0.0015022535,0.4540425532,-0.0008523685,-0.0036432473,0.4538297872,-0.0065779959,-0.0177364992,0.4085106383,-0.0008529183,-0.0020261483,0.4314893617,-0.0045890400,-0.0072038058,0.4093617021,-0.0195262633,-0.0312713557,0.3455319149
alpha_downside_vol_adjusted_strength_20d__review_queue_conditioned,alpha_downside_vol_adjusted_strength_20d,review_queue_conditioned,downside_volatility_adjusted_signal,factor_bucket,LOW_REFINED_FACTOR_EXPOSURE_REVIEW_ONLY,600,13,100,-0.0006258537,-0.0018096593,0.4416666667,-0.0037161145,-0.0048576180,0.4416666667,-0.0206356568,-0.0327820475,0.3666666667,-0.0012354737,-0.0034887224,0.4300000000,-0.0072794915,-0.0110237547,0.3900000000,-0.0289862127,-0.0441962064,0.3083333333
alpha_downside_vol_adjusted_strength_20d__review_queue_conditioned,alpha_downside_vol_adjusted_strength_20d,review_queue_conditioned,downside_volatility_adjusted_signal,factor_bucket,MEDIUM_REFINED_FACTOR_EXPOSURE_REVIEW_ONLY,200,13,100,0.0024381099,0.0020757464,0.5300000000,0.0072893699,0.0058257964,0.5500000000,0.0450480605,-0.0103380228,0.4700000000,0.0018284899,-0.0008437281,0.4950000000,0.0037259929,0.0008891664,0.5050000000,0.0366975046,-0.0128996052,0.4750000000
alpha_downside_vol_adjusted_strength_20d__risk_filtered,alpha_downside_vol_adjusted_strength_20d,risk_filtered,downside_volatility_adjusted_signal,factor_quantile,1,984,46,100,-0.0005052831,-0.0019209010,0.4298780488,-0.0023355546,-0.0064239944,0.4126016260,-0.0234221767,-0.0307671504,0.2997967480,-0.0011484526,-0.0025986056,0.4258130081,-0.0058446531,-0.0087348578,0.3658536585,-0.0316888444,-0.0376849172,0.2896341463
alpha_downside_vol_adjusted_strength_20d__risk_filtered,alpha_downside_vol_adjusted_strength_20d,risk_filtered,downside_volatility_adjusted_signal,factor_quantile,2,955,50,100,-0.0005420325,-0.0018083183,0.4439790576,-0.0034986395,-0.0052424640,0.4460732984,-0.0193205352,-0.0379413974,0.3549738220,-0.0011207988,-0.0020494460,0.4188481675,-0.0069685101,-0.0083401806,0.4041884817,-0.0273927359,-0.0378249691,0.3256544503
alpha_downside_vol_adjusted_strength_20d__risk_filtered,alpha_downside_vol_adjusted_strength_20d,risk_filtered,downside_volatility_adjusted_signal,factor_quantile,3,941,50,100,-0.0004251371,-0.0015163002,0.4580233794,-0.0025653260,-0.0049875312,0.4505844846,-0.0106247098,-0.0305404862,0.3538788523,-0.0010793212,-0.0022430661,0.4335812965,-0.0060793259,-0.0072906010,0.4048884166,-0.0190930351,-0.0394559302,0.3262486716
alpha_downside_vol_adjusted_strength_20d__risk_filtered,alpha_downside_vol_adjusted_strength_20d,risk_filtered,downside_volatility_adjusted_signal,factor_quantile,4,955,50,100,0.0010175443,-0.0009140768,0.4827225131,0.0022040650,-0.0016776358,0.4785340314,-0.0018570676,-0.0202429150,0.3968586387,0.0004387780,-0.0026241324,0.4429319372,-0.0012658056,-0.0057610294,0.4356020942,-0.0099292682,-0.0320373589,0.3664921466
alpha_downside_vol_adjusted_strength_20d__risk_filtered,alpha_downside_vol_adjusted_strength_20d,risk_filtered,downside_volatility_adjusted_signal,factor_quantile,5,900,48,100,0.0007785265,-0.0010478951,0.4655555556,0.0051973478,-0.0015498839,0.4777777778,0.0055842044,-0.0156314076,0.4400000000,0.0001111308,-0.0020215273,0.4533333333,0.0016569289,-0.0054175946,0.4600000000,-0.0026646844,-0.0281247956,0.3977777778
alpha_downside_vol_adjusted_strength_20d__risk_filtered,alpha_downside_vol_adjusted_strength_20d,risk_filtered,downside_volatility_adjusted_signal,factor_bucket,HIGH_REFINED_FACTOR_EXPOSURE_REVIEW_ONLY,1855,50,100,0.0009015788,-0.0009915716,0.4743935310,0.0036563316,-0.0016090105,0.4781671159,0.0017532530,-0.0186116700,0.4177897574,0.0002798117,-0.0024267852,0.4479784367,0.0001522327,-0.0056512052,0.4474393531,-0.0064046723,-0.0301728288,0.3816711590
alpha_downside_vol_adjusted_strength_20d__risk_filtered,alpha_downside_vol_adjusted_strength_20d,risk_filtered,downside_volatility_adjusted_signal,factor_bucket,INSUFFICIENT_REFINED_FACTOR_EVIDENCE_REVIEW_ONLY,1265,50,111,-0.0005716446,-0.0001783485,0.4750988142,0.0030812515,0.0000000000,0.4980237154,0.0244272284,0.0160784314,0.5984189723,-0.0006073991,-0.0014001715,0.4466403162,-0.0013624555,-0.0047625693,0.4411067194,-0.0014759980,-0.0129782378,0.4371541502
alpha_downside_vol_adjusted_strength_20d__risk_filtered,alpha_downside_vol_adjusted_strength_20d,risk_filtered,downside_volatility_adjusted_signal,factor_bucket,LOW_REFINED_FACTOR_EXPOSURE_REVIEW_ONLY,1939,50,100,-0.0005233830,-0.0018721583,0.4368231047,-0.0029083994,-0.0056513549,0.4290871583,-0.0214020284,-0.0344147304,0.3269726663,-0.0011348325,-0.0023541487,0.4223826715,-0.0063981773,-0.0085817815,0.3847343992,-0.0295729168,-0.0378249691,0.3073749355
alpha_downside_vol_adjusted_strength_20d__risk_filtered,alpha_downside_vol_adjusted_strength_20d,risk_filtered,downside_volatility_adjusted_signal,factor_bucket,MEDIUM_REFINED_FACTOR_EXPOSURE_REVIEW_ONLY,941,50,100,-0.0004251371,-0.0015163002,0.4580233794,-0.0025653260,-0.0049875312,0.4505844846,-0.0106247098,-0.0305404862,0.3538788523,-0.0010793212,-0.0022430661,0.4335812965,-0.0060793259,-0.0072906010,0.4048884166,-0.0190930351,-0.0394559302,0.3262486716
alpha_price_volume_confirmation_5d__downside_risk_filtered,alpha_price_volume_confirmation_5d,downside_risk_filtered,price_volume_confirmation,factor_quantile,1,1127,50,115,-0.0007555713,-0.0015618899,0.4436557232,-0.0015824792,-0.0052267746,0.4409937888,-0.0111088586,-0.0221130221,0.3762200532,-0.0013603861,-0.0022871733,0.4179236912,-0.0050260819,-0.0078406573,0.3957409051,-0.0224029700,-0.0319616643,0.3318544809
alpha_price_volume_confirmation_5d__downside_risk_filtered,alpha_price_volume_confirmation_5d,downside_risk_filtered,price_volume_confirmation,factor_quantile,2,1113,50,115,-0.0005657124,-0.0018975332,0.4312668464,-0.0019746254,-0.0037878788,0.4411500449,-0.0069940285,-0.0203395826,0.3953279425,-0.0012226376,-0.0026406447,0.4177897574,-0.0054696092,-0.0086452523,0.3845462713,-0.0182527643,-0.0306290956,0.3459119497
alpha_price_volume_confirmation_5d__downside_risk_filtered,alpha_price_volume_confirmation_5d,downside_risk_filtered,price_volume_confirmation,factor_quantile,3,1102,50,115,0.0009046895,-0.0011887762,0.4664246824,0.0021515798,-0.0023009184,0.4809437387,-0.0042426780,-0.0219624753,0.3938294011,0.0002989533,-0.0013234728,0.4591651543,-0.0012836404,-0.0046725611,0.4555353902,-0.0151781861,-0.0333228784,0.3520871143
alpha_price_volume_confirmation_5d__downside_risk_filtered,alpha_price_volume_confirmation_5d,downside_risk_filtered,price_volume_confirmation,factor_quantile,4,1113,50,115,-0.0002813678,-0.0017857143,0.4573225517,0.0014930144,-0.0030412469,0.4591194969,0.0001127972,-0.0149873601,0.4393530997,-0.0009382930,-0.0022845184,0.4276729560,-0.0020019694,-0.0061814907,0.4294699012,-0.0111459386,-0.0298808189,0.3764600180
alpha_price_volume_confirmation_5d__downside_risk_filtered,alpha_price_volume_confirmation_5d,downside_risk_filtered,price_volume_confirmation,factor_quantile,5,1049,50,115,0.0001183533,-0.0004699248,0.4814108675,-0.0004720598,-0.0044260028,0.4594852240,0.0008046810,-0.0172193878,0.4394661582,-0.0004762062,-0.0027421018,0.4366062917,-0.0038055319,-0.0075273211,0.4070543375,-0.0100089046,-0.0286866662,0.3908484271
alpha_price_volume_confirmation_5d__downside_risk_filtered,alpha_price_volume_confirmation_5d,downside_risk_filtered,price_volume_confirmation,factor_bucket,HIGH_REFINED_FACTOR_EXPOSURE_REVIEW_ONLY,2162,50,115,-0.0000874236,-0.0012369879,0.4690101758,0.0005395626,-0.0034901690,0.4592969473,0.0004484984,-0.0156933921,0.4394079556,-0.0007140890,-0.0024818168,0.4320074006,-0.0028770559,-0.0069019134,0.4185938945,-0.0105942510,-0.0294515126,0.3834412581
alpha_price_volume_confirmation_5d__downside_risk_filtered,alpha_price_volume_confirmation_5d,downside_risk_filtered,price_volume_confirmation,factor_bucket,INSUFFICIENT_REFINED_FACTOR_EVIDENCE_REVIEW_ONLY,496,50,88,0.0004185754,0.0005993519,0.5060483871,0.0061906389,0.0037383477,0.5282258065,0.0134398351,0.0008215019,0.5060483871,0.0012963189,-0.0001163780,0.4979838710,-0.0003648995,-0.0019519528,0.4717741935,-0.0077855458,-0.0226915064,0.3790322581
alpha_price_volume_confirmation_5d__downside_risk_filtered,alpha_price_volume_confirmation_5d,downside_risk_filtered,price_volume_confirmation,factor_bucket,LOW_REFINED_FACTOR_EXPOSURE_REVIEW_ONLY,2240,50,115,-0.0006612352,-0.0018054055,0.4375000000,-0.0017773269,-0.0044287015,0.4410714286,-0.0090643024,-0.0213046380,0.3857142857,-0.0012919423,-0.0025361324,0.4178571429,-0.0052464595,-0.0084040002,0.3901785714,-0.0203408365,-0.0314220944,0.3388392857
alpha_price_volume_confirmation_5d__downside_risk_filtered,alpha_price_volume_confirmation_5d,downside_risk_filtered,price_volume_confirmation,factor_bucket,MEDIUM_REFINED_FACTOR_EXPOSURE_REVIEW_ONLY,1102,50,115,0.0009046895,-0.0011887762,0.4664246824,0.0021515798,-0.0023009184,0.4809437387,-0.0042426780,-0.0219624753,0.3938294011,0.0002989533,-0.0013234728,0.4591651543,-0.0012836404,-0.0046725611,0.4555353902,-0.0151781861,-0.0333228784,0.3520871143
alpha_price_volume_confirmation_5d__horizon_specific,alpha_price_volume_confirmation_5d,horizon_specific,price_volume_confirmation,factor_quantile,1,1150,50,115,-0.0004594309,-0.0015022535,0.4486956522,-0.0004055522,-0.0047742174,0.4434782609,-0.0082090591,-0.0230957969,0.3765217391,-0.0011128028,-0.0022672127,0.4208695652,-0.0039762868,-0.0077902314,0.3991304348,-0.0199240583,-0.0322276322,0.3321739130
alpha_price_volume_confirmation_5d__horizon_specific,alpha_price_volume_confirmation_5d,horizon_specific,price_volume_confirmation,factor_quantile,2,1150,50,115,-0.0002526394,-0.0018078514,0.4365217391,-0.0018963341,-0.0037024515,0.4452173913,-0.0066276263,-0.0193245544,0.4000000000,-0.0009060114,-0.0023981720,0.4252173913,-0.0054670687,-0.0083051399,0.3886956522,-0.0183426254,-0.0301966734,0.3486956522
alpha_price_volume_confirmation_5d__horizon_specific,alpha_price_volume_confirmation_5d,horizon_specific,price_volume_confirmation,factor_quantile,3,1150,50,115,0.0009521450,-0.0009681937,0.4713043478,0.0026419517,-0.0014743934,0.4878260870,-0.0031573347,-0.0208730638,0.4000000000,0.0002987730,-0.0013500979,0.4643478261,-0.0009287829,-0.0042863498,0.4634782609,-0.0148723338,-0.0328014665,0.3504347826
alpha_price_volume_confirmation_5d__horizon_specific,alpha_price_volume_confirmation_5d,horizon_specific,price_volume_confirmation,factor_quantile,4,1150,50,115,-0.0001130887,-0.0013038735,0.4678260870,0.0021805342,-0.0030394010,0.4626086957,0.0023655893,-0.0125451112,0.4504347826,-0.0007664607,-0.0019393326,0.4295652174,-0.0013902004,-0.0057142963,0.4339130435,-0.0093494098,-0.0295756507,0.3860869565
alpha_price_volume_confirmation_5d__horizon_specific,alpha_price_volume_confirmation_5d,horizon_specific,price_volume_confirmation,factor_quantile,5,1140,50,115,0.0004778433,-0.0004129179,0.4833333333,-0.0001320573,-0.0040196915,0.4596491228,0.0001175742,-0.0173687803,0.4368421053,-0.0001857881,-0.0024933678,0.4412280702,-0.0037418639,-0.0080459398,0.4061403509,-0.0114096302,-0.0307885381,0.3842105263
alpha_price_volume_confirmation_5d__horizon_specific,alpha_price_volume_confirmation_5d,horizon_specific,price_volume_confirmation,factor_bucket,HIGH_REFINED_FACTOR_EXPOSURE_REVIEW_ONLY,2290,50,115,0.0001810871,-0.0009062747,0.4755458515,0.0010292878,-0.0033115777,0.4611353712,0.0012464901,-0.0147262442,0.4436681223,-0.0004773922,-0.0022229345,0.4353711790,-0.0025608975,-0.0068660155,0.4200873362,-0.0103750217,-0.0299562972,0.3851528384
alpha_price_volume_confirmation_5d__horizon_specific,alpha_price_volume_confirmation_5d,horizon_specific,price_volume_confirmation,factor_bucket,INSUFFICIENT_REFINED_FACTOR_EVIDENCE_REVIEW_ONLY,260,50,15,-0.0044475791,-0.0015265920,0.4230769231,-0.0004662471,0.0016572531,0.5153846154,0.0019038618,0.0001648352,0.5000000000,-0.0015158270,-0.0013289268,0.4576923077,-0.0068285056,-0.0036413529,0.4384615385,-0.0161060245,-0.0201734204,0.3692307692
alpha_price_volume_confirmation_5d__horizon_specific,alpha_price_volume_confirmation_5d,horizon_specific,price_volume_confirmation,factor_bucket,LOW_REFINED_FACTOR_EXPOSURE_REVIEW_ONLY,2300,50,115,-0.0003560351,-0.0016995042,0.4426086957,-0.0011509431,-0.0041372086,0.4443478261,-0.0074183427,-0.0210940453,0.3882608696,-0.0010094071,-0.0023632493,0.4230434783,-0.0047216778,-0.0080430367,0.3939130435,-0.0191333419,-0.0310742259,0.3404347826
alpha_price_volume_confirmation_5d__horizon_specific,alpha_price_volume_confirmation_5d,horizon_specific,price_volume_confirmation,factor_bucket,MEDIUM_REFINED_FACTOR_EXPOSURE_REVIEW_ONLY,1150,50,115,0.0009521450,-0.0009681937,0.4713043478,0.0026419517,-0.0014743934,0.4878260870,-0.0031573347,-0.0208730638,0.4000000000,0.0002987730,-0.0013500979,0.4643478261,-0.0009287829,-0.0042863498,0.4634782609,-0.0148723338,-0.0328014665,0.3504347826
alpha_price_volume_confirmation_5d__liquidity_filtered,alpha_price_volume_confirmation_5d,liquidity_filtered,price_volume_confirmation,factor_quantile,1,920,39,115,-0.0000657417,-0.0013217331,0.4532608696,0.0008557487,-0.0033503919,0.4608695652,-0.0020940427,-0.0233466570,0.4076086957,-0.0007191137,-0.0019441979,0.4347826087,-0.0027149860,-0.0062483052,0.4173913043,-0.0138090419,-0.0300129512,0.3586956522
alpha_price_volume_confirmation_5d__liquidity_filtered,alpha_price_volume_confirmation_5d,liquidity_filtered,price_volume_confirmation,factor_quantile,2,920,39,115,0.0007154763,-0.0019890607,0.4456521739,0.0013709246,-0.0022421525,0.4684782609,0.0009059057,-0.0192759268,0.4228260870,0.0000621043,-0.0020272392,0.4380434783,-0.0021998101,-0.0074588902,0.4043478261,-0.0108090935,-0.0300579391,0.3663043478
alpha_price_volume_confirmation_5d__liquidity_filtered,alpha_price_volume_confirmation_5d,liquidity_filtered,price_volume_confirmation,factor_quantile,3,910,39,115,0.0007032093,-0.0006195480,0.4813186813,0.0047989927,0.0009526241,0.5043956044,0.0075811794,-0.0134840226,0.4516483516,0.0000369848,-0.0013822677,0.4615384615,0.0011793108,-0.0038068879,0.4747252747,-0.0038985604,-0.0276498784,0.4021978022
alpha_price_volume_confirmation_5d__liquidity_filtered,alpha_price_volume_confirmation_5d,liquidity_filtered,price_volume_confirmation,factor_quantile,4,920,39,115,0.0006631715,-0.0010274261,0.4739130435,0.0049315228,-0.0016056542,0.4782608696,0.0099673532,-0.0024968116,0.4880434783,0.0000097995,-0.0018578056,0.4391304348,0.0013607882,-0.0043089814,0.4521739130,-0.0017476460,-0.0215450582,0.4250000000
alpha_price_volume_confirmation_5d__liquidity_filtered,alpha_price_volume_confirmation_5d,liquidity_filtered,price_volume_confirmation,factor_quantile,5,805,39,115,0.0010385027,0.0000000000,0.4931677019,0.0024144597,-0.0021231423,0.4782608696,0.0098740235,-0.0098135427,0.4695652174,0.0003851308,-0.0025079394,0.4409937888,-0.0011562750,-0.0065707661,0.4285714286,-0.0018409757,-0.0201648874,0.4211180124
alpha_price_volume_confirmation_5d__liquidity_filtered,alpha_price_volume_confirmation_5d,liquidity_filtered,price_volume_confirmation,factor_bucket,HIGH_REFINED_FACTOR_EXPOSURE_REVIEW_ONLY,1725,39,115,0.0008383260,-0.0006647003,0.4828985507,0.0037568933,-0.0017905103,0.4782608696,0.0099237993,-0.0054261092,0.4794202899,0.0001849541,-0.0022351477,0.4400000000,0.0001861587,-0.0052619954,0.4411594203,-0.0017911999,-0.0212980855,0.4231884058
alpha_price_volume_confirmation_5d__liquidity_filtered,alpha_price_volume_confirmation_5d,liquidity_filtered,price_volume_confirmation,factor_bucket,INSUFFICIENT_REFINED_FACTOR_EVIDENCE_REVIEW_ONLY,1525,50,120,-0.0020651699,-0.0016646849,0.4334426230,-0.0067339959,-0.0054495913,0.4157377049,-0.0264052444,-0.0228924419,0.3259016393,-0.0021073075,-0.0022854187,0.4203278689,-0.0107806625,-0.0095147415,0.3711475410,-0.0391934702,-0.0386045547,0.2629508197
alpha_price_volume_confirmation_5d__liquidity_filtered,alpha_price_volume_confirmation_5d,liquidity_filtered,price_volume_confirmation,factor_bucket,LOW_REFINED_FACTOR_EXPOSURE_REVIEW_ONLY,1840,39,115,0.0003248673,-0.0017808395,0.4494565217,0.0011133366,-0.0027090264,0.4646739130,-0.0005940685,-0.0208333333,0.4152173913,-0.0003285047,-0.0019693599,0.4364130435,-0.0024573980,-0.0069574720,0.4108695652,-0.0123090677,-0.0300421964,0.3625000000
alpha_price_volume_confirmation_5d__liquidity_filtered,alpha_price_volume_confirmation_5d,liquidity_filtered,price_volume_confirmation,factor_bucket,MEDIUM_REFINED_FACTOR_EXPOSURE_REVIEW_ONLY,910,39,115,0.0007032093,-0.0006195480,0.4813186813,0.0047989927,0.0009526241,0.5043956044,0.0075811794,-0.0134840226,0.4516483516,0.0000369848,-0.0013822677,0.4615384615,0.0011793108,-0.0038068879,0.4747252747,-0.0038985604,-0.0276498784,0.4021978022
alpha_price_volume_confirmation_5d__review_queue_conditioned,alpha_price_volume_confirmation_5d,review_queue_conditioned,price_volume_confirmation,factor_quantile,1,34,24,16,0.0081711958,0.0078346175,0.6470588235,0.0163830470,0.0118516261,0.5588235294,0.0183426918,-0.0115266970,0.4705882353,0.0045041851,-0.0035206229,0.4705882353,0.0042167165,-0.0076071937,0.4117647059,-0.0180370310,-0.0425401786,0.2941176471
alpha_price_volume_confirmation_5d__review_queue_conditioned,alpha_price_volume_confirmation_5d,review_queue_conditioned,price_volume_confirmation,factor_quantile,2,25,18,16,0.0104492570,0.0076130766,0.6400000000,0.0101267968,0.0059931507,0.6000000000,0.0373983031,0.0311020960,0.6000000000,0.0069854040,0.0023209994,0.5200000000,-0.0002878069,0.0003073841,0.5200000000,0.0039964832,-0.0027855869,0.4800000000
alpha_price_volume_confirmation_5d__review_queue_conditioned,alpha_price_volume_confirmation_5d,review_queue_conditioned,price_volume_confirmation,factor_quantile,3,28,18,16,0.0064307077,0.0085219943,0.6428571429,0.0032841637,-0.0017719254,0.4642857143,-0.0110528357,-0.0120866246,0.4642857143,0.0024322467,0.0006089617,0.5000000000,-0.0076199986,-0.0136575621,0.3571428571,-0.0484700533,-0.0632496723,0.2500000000
alpha_price_volume_confirmation_5d__review_queue_conditioned,alpha_price_volume_confirmation_5d,review_queue_conditioned,price_volume_confirmation,factor_quantile,4,25,18,16,0.0116858315,0.0099150142,0.8000000000,0.0069311685,-0.0014164306,0.4800000000,0.0139270037,-0.0019908987,0.4800000000,0.0082219785,0.0059097581,0.6800000000,-0.0034834352,-0.0196378577,0.4400000000,-0.0194748162,-0.0424503859,0.3200000000
alpha_price_volume_confirmation_5d__review_queue_conditioned,alpha_price_volume_confirmation_5d,review_queue_conditioned,price_volume_confirmation,factor_quantile,5,23,13,16,0.0127389851,0.0087837838,0.7391304348,0.0268892989,0.0242962166,0.6086956522,0.0365129402,0.0123955030,0.6956521739,0.0097063124,0.0005941080,0.5217391304,0.0170890965,0.0083719858,0.6521739130,0.0041744406,-0.0057879073,0.4782608696
alpha_price_volume_confirmation_5d__review_queue_conditioned,alpha_price_volume_confirmation_5d,review_queue_conditioned,price_volume_confirmation,factor_bucket,HIGH_REFINED_FACTOR_EXPOSURE_REVIEW_ONLY,48,23,16,0.0121904676,0.0091444343,0.7708333333,0.0164944393,0.0086519541,0.5416666667,0.0247494316,0.0120060768,0.5833333333,0.0089332218,0.0047811671,0.6041666667,0.0063742363,0.0033822089,0.5416666667,-0.0081428807,-0.0370094910,0.3958333333
alpha_price_volume_confirmation_5d__review_queue_conditioned,alpha_price_volume_confirmation_5d,review_queue_conditioned,price_volume_confirmation,factor_bucket,INSUFFICIENT_REFINED_FACTOR_EVIDENCE_REVIEW_ONLY,5865,50,120,-0.0003017646,-0.0015479876,0.4545609548,0.0001590856,-0.0032258065,0.4603580563,-0.0033726784,-0.0180668473,0.4138107417,-0.0007314690,-0.0021146047,0.4349531117,-0.0033753798,-0.0067311165,0.4180733163,-0.0147987842,-0.0304086470,0.3607843137
alpha_price_volume_confirmation_5d__review_queue_conditioned,alpha_price_volume_confirmation_5d,review_queue_conditioned,price_volume_confirmation,factor_bucket,LOW_REFINED_FACTOR_EXPOSURE_REVIEW_ONLY,59,30,16,0.0091364760,0.0076130766,0.6440677966,0.0137320935,0.0065980470,0.5762711864,0.0264171034,0.0073982737,0.5254237288,0.0055555490,-0.0011365099,0.4915254237,0.0023080201,-0.0036669277,0.4576271186,-0.0087007961,-0.0243340685,0.3728813559
alpha_price_volume_confirmation_5d__review_queue_conditioned,alpha_price_volume_confirmation_5d,review_queue_conditioned,price_volume_confirmation,factor_bucket,MEDIUM_REFINED_FACTOR_EXPOSURE_REVIEW_ONLY,28,18,16,0.0064307077,0.0085219943,0.6428571429,0.0032841637,-0.0017719254,0.4642857143,-0.0110528357,-0.0120866246,0.4642857143,0.0024322467,0.0006089617,0.5000000000,-0.0076199986,-0.0136575621,0.3571428571,-0.0484700533,-0.0632496723,0.2500000000
alpha_price_volume_confirmation_5d__risk_filtered,alpha_price_volume_confirmation_5d,risk_filtered,price_volume_confirmation,factor_quantile,1,1134,50,115,-0.0004380839,-0.0015319549,0.4453262787,-0.0014698465,-0.0053381830,0.4365079365,-0.0097356864,-0.0233466570,0.3703703704,-0.0011211849,-0.0022862960,0.4197530864,-0.0049935862,-0.0081969752,0.3932980600,-0.0214253639,-0.0319188225,0.3306878307
alpha_price_volume_confirmation_5d__risk_filtered,alpha_price_volume_confirmation_5d,risk_filtered,price_volume_confirmation,factor_quantile,2,1104,50,115,-0.0001202984,-0.0016011960,0.4420289855,-0.0018086884,-0.0037630983,0.4474637681,-0.0069998342,-0.0194053170,0.4021739130,-0.0007537402,-0.0022644568,0.4293478261,-0.0052931110,-0.0084182775,0.3831521739,-0.0186093482,-0.0302895321,0.3451086957
alpha_price_volume_confirmation_5d__risk_filtered,alpha_price_volume_confirmation_5d,risk_filtered,price_volume_confirmation,factor_quantile,3,1087,50,115,0.0004844432,-0.0010454783,0.4673413063,0.0018853048,-0.0012539185,0.4857405704,-0.0012067499,-0.0193877551,0.4066237351,-0.0002238030,-0.0017709141,0.4535418583,-0.0016635031,-0.0043104876,0.4618215271,-0.0131174856,-0.0315713354,0.3578656854
alpha_price_volume_confirmation_5d__risk_filtered,alpha_price_volume_confirmation_5d,risk_filtered,price_volume_confirmation,factor_quantile,4,1104,50,115,0.0001794876,-0.0010112474,0.4719202899,0.0023309850,-0.0031366668,0.4574275362,0.0001571355,-0.0144627767,0.4411231884,-0.0004539542,-0.0017519130,0.4384057971,-0.0011534376,-0.0057175943,0.4338768116,-0.0114523786,-0.0309951926,0.3740942029
alpha_price_volume_confirmation_5d__risk_filtered,alpha_price_volume_confirmation_5d,risk_filtered,price_volume_confirmation,factor_quantile,5,1036,50,115,0.0003607750,-0.0007068820,0.4777992278,-0.0021353833,-0.0055496914,0.4469111969,-0.0062271672,-0.0226726639,0.4131274131,-0.0003445644,-0.0025575962,0.4362934363,-0.0056893889,-0.0086725399,0.3899613900,-0.0178697146,-0.0332863831,0.3619691120
alpha_price_volume_confirmation_5d__risk_filtered,alpha_price_volume_confirmation_5d,risk_filtered,price_volume_confirmation,factor_bucket,HIGH_REFINED_FACTOR_EXPOSURE_REVIEW_ONLY,2140,50,115,0.0002672510,-0.0009621581,0.4747663551,0.0001687619,-0.0040994204,0.4523364486,-0.0029335830,-0.0174847773,0.4275700935,-0.0004009973,-0.0021065804,0.4373831776,-0.0033493467,-0.0073005922,0.4126168224,-0.0145590889,-0.0322355452,0.3682242991
alpha_price_volume_confirmation_5d__risk_filtered,alpha_price_volume_confirmation_5d,risk_filtered,price_volume_confirmation,factor_bucket,INSUFFICIENT_REFINED_FACTOR_EVIDENCE_REVIEW_ONLY,535,50,110,-0.0017467395,-0.0013336297,0.4523364486,0.0072524134,0.0039741220,0.5383177570,0.0168486607,0.0046843394,0.5196261682,-0.0004867846,-0.0016691789,0.4560747664,0.0017090191,-0.0009608605,0.4878504673,0.0022429979,-0.0190566229,0.4317757009
alpha_price_volume_confirmation_5d__risk_filtered,alpha_price_volume_confirmation_5d,risk_filtered,price_volume_confirmation,factor_bucket,LOW_REFINED_FACTOR_EXPOSURE_REVIEW_ONLY,2238,50,115,-0.0002813211,-0.0015615851,0.4436997319,-0.0016369964,-0.0044287015,0.4419124218,-0.0083860971,-0.0215410426,0.3860589812,-0.0009399253,-0.0022862960,0.4244861483,-0.0051413411,-0.0083289160,0.3882931189,-0.0200362301,-0.0310400397,0.3378016086
alpha_price_volume_confirmation_5d__risk_filtered,alpha_price_volume_confirmation_5d,risk_filtered,price_volume_confirmation,factor_bucket,MEDIUM_REFINED_FACTOR_EXPOSURE_REVIEW_ONLY,1087,50,115,0.0004844432,-0.0010454783,0.4673413063,0.0018853048,-0.0012539185,0.4857405704,-0.0012067499,-0.0193877551,0.4066237351,-0.0002238030,-0.0017709141,0.4535418583,-0.0016635031,-0.0043104876,0.4618215271,-0.0131174856,-0.0315713354,0.3578656854
alpha_risk_adjusted_relative_strength__downside_risk_filtered,alpha_risk_adjusted_relative_strength,downside_risk_filtered,risk_adjusted_alpha_candidate,factor_quantile,1,977,50,100,-0.0008794292,-0.0023125206,0.4257932446,-0.0036176584,-0.0065913371,0.4196519959,-0.0274900999,-0.0416871015,0.2988741044,-0.0014320071,-0.0028877508,0.4124872057,-0.0070342114,-0.0098628829,0.3684749232,-0.0352759447,-0.0439554642,0.2824974411
alpha_risk_adjusted_relative_strength__downside_risk_filtered,alpha_risk_adjusted_relative_strength,downside_risk_filtered,risk_adjusted_alpha_candidate,factor_quantile,2,963,50,100,-0.0013220864,-0.0019654088,0.4278296989,-0.0039032605,-0.0068846816,0.4288681205,-0.0152200751,-0.0311170213,0.3561786085,-0.0019341321,-0.0030197478,0.3977154725,-0.0073788047,-0.0088598410,0.3779854621,-0.0229140313,-0.0346292751,0.3250259605
alpha_risk_adjusted_relative_strength__downside_risk_filtered,alpha_risk_adjusted_relative_strength,downside_risk_filtered,risk_adjusted_alpha_candidate,factor_quantile,3,954,50,100,-0.0003911765,-0.0017939204,0.4486373166,-0.0031889027,-0.0053990311,0.4371069182,-0.0137511801,-0.0300802495,0.3312368973,-0.0009363640,-0.0022862960,0.4444444444,-0.0066017574,-0.0080883682,0.3930817610,-0.0211129949,-0.0369780625,0.3155136268
alpha_risk_adjusted_relative_strength__downside_risk_filtered,alpha_risk_adjusted_relative_strength,downside_risk_filtered,risk_adjusted_alpha_candidate,factor_quantile,4,963,50,100,0.0006765091,0.0000000000,0.4911734164,0.0029979239,-0.0018248175,0.4652128764,-0.0013562767,-0.0219966159,0.4008307373,0.0000644634,-0.0018771940,0.4496365524,-0.0004776203,-0.0053265614,0.4382139148,-0.0090502328,-0.0301728288,0.3821391485
alpha_risk_adjusted_relative_strength__downside_risk_filtered,alpha_risk_adjusted_relative_strength,downside_risk_filtered,risk_adjusted_alpha_candidate,factor_quantile,5,911,42,100,0.0010023512,-0.0025562794,0.4555433589,0.0072929462,0.0025839793,0.5236004391,0.0102774820,-0.0088539105,0.4687156970,0.0004720517,-0.0031216684,0.4478594951,0.0040157971,0.0007806411,0.5027442371,0.0029765462,-0.0231089073,0.4291986828
alpha_risk_adjusted_relative_strength__downside_risk_filtered,alpha_risk_adjusted_relative_strength,downside_risk_filtered,risk_adjusted_alpha_candidate,factor_bucket,HIGH_REFINED_FACTOR_EXPOSURE_REVIEW_ONLY,1874,50,100,0.0008349094,-0.0009385555,0.4738527215,0.0050858457,-0.0003996638,0.4935965848,0.0042991951,-0.0166767747,0.4338313767,0.0002626027,-0.0022004173,0.4487726788,0.0017067464,-0.0038667143,0.4695837780,-0.0032037036,-0.0265381667,0.4050160085
alpha_risk_adjusted_relative_strength__downside_risk_filtered,alpha_risk_adjusted_relative_strength,downside_risk_filtered,risk_adjusted_alpha_candidate,factor_bucket,INSUFFICIENT_REFINED_FACTOR_EVIDENCE_REVIEW_ONLY,1232,50,91,0.0003858267,0.0000000000,0.4991883117,0.0027853494,0.0000000000,0.4935064935,0.0237281148,0.0142909771,0.5965909091,0.0001602462,-0.0009435621,0.4642857143,-0.0020210867,-0.0048948008,0.4350649351,-0.0051784809,-0.0150807738,0.4180194805
alpha_risk_adjusted_relative_strength__downside_risk_filtered,alpha_risk_adjusted_relative_strength,downside_risk_filtered,risk_adjusted_alpha_candidate,factor_bucket,LOW_REFINED_FACTOR_EXPOSURE_REVIEW_ONLY,1940,50,100,-0.0010991606,-0.0020782630,0.4268041237,-0.0037594289,-0.0067766597,0.4242268041,-0.0213993608,-0.0357610186,0.3273195876,-0.0016812578,-0.0029754817,0.4051546392,-0.0072052647,-0.0092300956,0.3731958763,-0.0291395928,-0.0404890153,0.3036082474
alpha_risk_adjusted_relative_strength__downside_risk_filtered,alpha_risk_adjusted_relative_strength,downside_risk_filtered,risk_adjusted_alpha_candidate,factor_bucket,MEDIUM_REFINED_FACTOR_EXPOSURE_REVIEW_ONLY,954,50,100,-0.0003911765,-0.0017939204,0.4486373166,-0.0031889027,-0.0053990311,0.4371069182,-0.0137511801,-0.0300802495,0.3312368973,-0.0009363640,-0.0022862960,0.4444444444,-0.0066017574,-0.0080883682,0.3930817610,-0.0211129949,-0.0369780625,0.3155136268
alpha_risk_adjusted_relative_strength__horizon_specific,alpha_risk_adjusted_relative_strength,horizon_specific,risk_adjusted_alpha_candidate,factor_quantile,1,1000,50,100,-0.0007090726,-0.0020173153,0.4340000000,-0.0027456132,-0.0056008856,0.4290000000,-0.0253791989,-0.0392455692,0.3050000000,-0.0013186926,-0.0028984157,0.4110000000,-0.0063089902,-0.0088557582,0.3790000000,-0.0337297548,-0.0435791365,0.2880000000
alpha_risk_adjusted_relative_strength__horizon_specific,alpha_risk_adjusted_relative_strength,horizon_specific,risk_adjusted_alpha_candidate,factor_quantile,2,1000,50,100,-0.0007368269,-0.0018976176,0.4430000000,-0.0025447199,-0.0060565029,0.4330000000,-0.0140187475,-0.0297311535,0.3650000000,-0.0013464469,-0.0025445418,0.4100000000,-0.0061080969,-0.0088573374,0.3840000000,-0.0223693034,-0.0345726947,0.3240000000
alpha_risk_adjusted_relative_strength__horizon_specific,alpha_risk_adjusted_relative_strength,horizon_specific,risk_adjusted_alpha_candidate,factor_quantile,3,1000,50,100,0.0002409138,-0.0014238843,0.4580000000,-0.0021320062,-0.0046380688,0.4470000000,-0.0114187731,-0.0279084281,0.3390000000,-0.0003687062,-0.0019248824,0.4580000000,-0.0056953832,-0.0077672197,0.4000000000,-0.0197693290,-0.0367242538,0.3230000000
alpha_risk_adjusted_relative_strength__horizon_specific,alpha_risk_adjusted_relative_strength,horizon_specific,risk_adjusted_alpha_candidate,factor_quantile,4,1000,50,100,0.0010137141,0.0000000000,0.4930000000,0.0029417864,-0.0018990537,0.4660000000,-0.0020598078,-0.0234114802,0.4000000000,0.0004040940,-0.0016012248,0.4560000000,-0.0006215906,-0.0050609014,0.4480000000,-0.0104103637,-0.0325821905,0.3740000000
alpha_risk_adjusted_relative_strength__horizon_specific,alpha_risk_adjusted_relative_strength,horizon_specific,risk_adjusted_alpha_candidate,factor_quantile,5,1000,46,100,0.0006737941,-0.0026635650,0.4560000000,0.0067946513,0.0017649282,0.5160000000,0.0121812261,-0.0076522378,0.4730000000,0.0000641741,-0.0035172260,0.4430000000,0.0032312743,-0.0024428920,0.4870000000,0.0038306702,-0.0224228889,0.4290000000
alpha_risk_adjusted_relative_strength__horizon_specific,alpha_risk_adjusted_relative_strength,horizon_specific,risk_adjusted_alpha_candidate,factor_bucket,HIGH_REFINED_FACTOR_EXPOSURE_REVIEW_ONLY,2000,50,100,0.0008437541,-0.0009246514,0.4745000000,0.0048682188,-0.0006594270,0.4910000000,0.0050607091,-0.0166767747,0.4365000000,0.0002341341,-0.0020730864,0.4495000000,0.0013048418,-0.0038491241,0.4675000000,-0.0032898468,-0.0280594497,0.4015000000
alpha_risk_adjusted_relative_strength__horizon_specific,alpha_risk_adjusted_relative_strength,horizon_specific,risk_adjusted_alpha_candidate,factor_bucket,INSUFFICIENT_REFINED_FACTOR_EVIDENCE_REVIEW_ONLY,1000,50,20,-0.0009481177,0.0000000000,0.4750000000,0.0003128218,-0.0008543283,0.4820000000,0.0233516446,0.0157057202,0.6170000000,-0.0008998130,-0.0012488481,0.4450000000,-0.0040650394,-0.0060829583,0.4170000000,-0.0066081556,-0.0128133196,0.4260000000
alpha_risk_adjusted_relative_strength__horizon_specific,alpha_risk_adjusted_relative_strength,horizon_specific,risk_adjusted_alpha_candidate,factor_bucket,LOW_REFINED_FACTOR_EXPOSURE_REVIEW_ONLY,2000,50,100,-0.0007229498,-0.0019513207,0.4385000000,-0.0026451666,-0.0059013487,0.4310000000,-0.0196989732,-0.0346278405,0.3350000000,-0.0013325698,-0.0028009661,0.4105000000,-0.0062085436,-0.0088573374,0.3815000000,-0.0280495291,-0.0402432914,0.3060000000
alpha_risk_adjusted_relative_strength__horizon_specific,alpha_risk_adjusted_relative_strength,horizon_specific,risk_adjusted_alpha_candidate,factor_bucket,MEDIUM_REFINED_FACTOR_EXPOSURE_REVIEW_ONLY,1000,50,100,0.0002409138,-0.0014238843,0.4580000000,-0.0021320062,-0.0046380688,0.4470000000,-0.0114187731,-0.0279084281,0.3390000000,-0.0003687062,-0.0019248824,0.4580000000,-0.0056953832,-0.0077672197,0.4000000000,-0.0197693290,-0.0367242538,0.3230000000
alpha_risk_adjusted_relative_strength__liquidity_filtered,alpha_risk_adjusted_relative_strength,liquidity_filtered,risk_adjusted_alpha_candidate,factor_quantile,1,800,39,100,-0.0003702076,-0.0011826263,0.4587500000,-0.0011134123,-0.0044712740,0.4387500000,-0.0247913425,-0.0417900238,0.3175000000,-0.0009798276,-0.0024576067,0.4262500000,-0.0046767893,-0.0088294513,0.3850000000,-0.0331418984,-0.0437109633,0.2825000000
alpha_risk_adjusted_relative_strength__liquidity_filtered,alpha_risk_adjusted_relative_strength,liquidity_filtered,risk_adjusted_alpha_candidate,factor_quantile,2,800,39,100,-0.0000865465,-0.0019819241,0.4487500000,0.0005863463,-0.0042673994,0.4575000000,-0.0027688743,-0.0233243537,0.4237500000,-0.0006961665,-0.0029703399,0.4062500000,-0.0029770307,-0.0071420982,0.4150000000,-0.0111194302,-0.0299958358,0.3675000000
alpha_risk_adjusted_relative_strength__liquidity_filtered,alpha_risk_adjusted_relative_strength,liquidity_filtered,risk_adjusted_alpha_candidate,factor_quantile,3,800,39,100,0.0018659492,-0.0011946968,0.4662500000,0.0026896648,-0.0013843968,0.4837500000,0.0046156013,-0.0251792030,0.4000000000,0.0012563292,-0.0009675962,0.4762500000,-0.0008737122,-0.0068409029,0.4262500000,-0.0037349546,-0.0282336928,0.3850000000
alpha_risk_adjusted_relative_strength__liquidity_filtered,alpha_risk_adjusted_relative_strength,liquidity_filtered,risk_adjusted_alpha_candidate,factor_quantile,4,800,39,100,-0.0000453357,-0.0012496167,0.4750000000,0.0037636460,-0.0021541341,0.4687500000,0.0046852440,-0.0250786163,0.4075000000,-0.0006549557,-0.0019574662,0.4437500000,0.0002002690,-0.0043933636,0.4550000000,-0.0036653119,-0.0315993600,0.3837500000
alpha_risk_adjusted_relative_strength__liquidity_filtered,alpha_risk_adjusted_relative_strength,liquidity_filtered,risk_adjusted_alpha_candidate,factor_quantile,5,700,37,100,0.0015378473,-0.0010473651,0.4728571429,0.0088767293,0.0044992747,0.5328571429,0.0190306553,0.0038623007,0.5057142857,0.0009282273,-0.0033108295,0.4500000000,0.0053133523,0.0006017760,0.5028571429,0.0106800994,-0.0147945475,0.4600000000
alpha_risk_adjusted_relative_strength__liquidity_filtered,alpha_risk_adjusted_relative_strength,liquidity_filtered,risk_adjusted_alpha_candidate,factor_bucket,HIGH_REFINED_FACTOR_EXPOSURE_REVIEW_ONLY,1500,39,100,0.0006934830,-0.0011499731,0.4740000000,0.0061497515,0.0000000000,0.4986666667,0.0113797693,-0.0125542793,0.4533333333,0.0000838630,-0.0024388369,0.4466666667,0.0025863745,-0.0032175477,0.4773333333,0.0030292134,-0.0256086546,0.4193333333
alpha_risk_adjusted_relative_strength__liquidity_filtered,alpha_risk_adjusted_relative_strength,liquidity_filtered,risk_adjusted_alpha_candidate,factor_bucket,INSUFFICIENT_REFINED_FACTOR_EVIDENCE_REVIEW_ONLY,2100,50,120,-0.0012538933,-0.0010805778,0.4519047619,-0.0039656125,-0.0039062524,0.4385714286,-0.0076464849,-0.0110043006,0.4314285714,-0.0015502158,-0.0018995664,0.4314285714,-0.0079168391,-0.0080459398,0.3895238095,-0.0262871571,-0.0287843279,0.3366666667
alpha_risk_adjusted_relative_strength__liquidity_filtered,alpha_risk_adjusted_relative_strength,liquidity_filtered,risk_adjusted_alpha_candidate,factor_bucket,LOW_REFINED_FACTOR_EXPOSURE_REVIEW_ONLY,1600,39,100,-0.0002283771,-0.0015471897,0.4537500000,-0.0002635330,-0.0044287015,0.4481250000,-0.0137801084,-0.0321190070,0.3706250000,-0.0008379971,-0.0026415438,0.4162500000,-0.0038269100,-0.0077198844,0.4000000000,-0.0221306643,-0.0360761831,0.3250000000
alpha_risk_adjusted_relative_strength__liquidity_filtered,alpha_risk_adjusted_relative_strength,liquidity_filtered,risk_adjusted_alpha_candidate,factor_bucket,MEDIUM_REFINED_FACTOR_EXPOSURE_REVIEW_ONLY,800,39,100,0.0018659492,-0.0011946968,0.4662500000,0.0026896648,-0.0013843968,0.4837500000,0.0046156013,-0.0251792030,0.4000000000,0.0012563292,-0.0009675962,0.4762500000,-0.0008737122,-0.0068409029,0.4262500000,-0.0037349546,-0.0282336928,0.3850000000
alpha_risk_adjusted_relative_strength__review_queue_conditioned,alpha_risk_adjusted_relative_strength,review_queue_conditioned,risk_adjusted_alpha_candidate,factor_quantile,1,300,13,100,-0.0010037900,-0.0019736582,0.4366666667,-0.0059252054,-0.0069518906,0.4100000000,-0.0322582382,-0.0438413852,0.3266666667,-0.0016134100,-0.0044877455,0.4000000000,-0.0094885823,-0.0138509675,0.3400000000,-0.0406087941,-0.0534677614,0.2666666667
alpha_risk_adjusted_relative_strength__review_queue_conditioned,alpha_risk_adjusted_relative_strength,review_queue_conditioned,risk_adjusted_alpha_candidate,factor_quantile,2,300,13,100,0.0000473282,-0.0007992973,0.4666666667,-0.0017081419,-0.0034417504,0.4733333333,0.0018054872,-0.0179795446,0.4333333333,-0.0005622918,-0.0019212197,0.4566666667,-0.0052715189,-0.0062812754,0.4333333333,-0.0065450687,-0.0202722586,0.3933333333
alpha_risk_adjusted_relative_strength__review_queue_conditioned,alpha_risk_adjusted_relative_strength,review_queue_conditioned,risk_adjusted_alpha_candidate,factor_quantile,3,200,13,100,0.0020551776,0.0013223376,0.5150000000,0.0085990445,0.0020676927,0.5100000000,0.0259446946,-0.0266634467,0.4250000000,0.0014455575,0.0004382525,0.5100000000,0.0050356675,-0.0055953613,0.4700000000,0.0175941387,-0.0282336928,0.4200000000
alpha_risk_adjusted_relative_strength__review_queue_conditioned,alpha_risk_adjusted_relative_strength,review_queue_conditioned,risk_adjusted_alpha_candidate,factor_quantile,4,300,13,100,0.0021833665,0.0000852951,0.5000000000,0.0129018866,0.0081809019,0.5533333333,0.0408922786,0.0137100316,0.5133333333,0.0015737465,-0.0016012248,0.4733333333,0.0093385096,0.0054891433,0.5300000000,0.0325417227,0.0049641847,0.5133333333
alpha_risk_adjusted_relative_strength__review_queue_conditioned,alpha_risk_adjusted_relative_strength,review_queue_conditioned,risk_adjusted_alpha_candidate,factor_quantile,5,200,12,100,0.0027836227,0.0002935602,0.5050000000,0.0166634065,0.0109444147,0.5350000000,0.0262606336,0.0247067707,0.5600000000,0.0021740027,-0.0014826162,0.4700000000,0.0131000295,0.0069266143,0.5300000000,0.0179100777,0.0190631636,0.5200000000
alpha_risk_adjusted_relative_strength__review_queue_conditioned,alpha_risk_adjusted_relative_strength,review_queue_conditioned,risk_adjusted_alpha_candidate,factor_bucket,HIGH_REFINED_FACTOR_EXPOSURE_REVIEW_ONLY,500,13,100,0.0024234690,0.0002267178,0.5020000000,0.0144064946,0.0091602596,0.5460000000,0.0350396206,0.0208620325,0.5320000000,0.0018138490,-0.0016012248,0.4720000000,0.0108431176,0.0061881289,0.5300000000,0.0266890647,0.0087889403,0.5160000000
alpha_risk_adjusted_relative_strength__review_queue_conditioned,alpha_risk_adjusted_relative_strength,review_queue_conditioned,risk_adjusted_alpha_candidate,factor_bucket,INSUFFICIENT_REFINED_FACTOR_EVIDENCE_REVIEW_ONLY,4700,50,120,-0.0003832823,-0.0015022535,0.4540425532,-0.0008523685,-0.0036432473,0.4538297872,-0.0065779959,-0.0177364992,0.4085106383,-0.0008529183,-0.0020261483,0.4314893617,-0.0045890400,-0.0072038058,0.4093617021,-0.0195262633,-0.0312713557,0.3455319149
alpha_risk_adjusted_relative_strength__review_queue_conditioned,alpha_risk_adjusted_relative_strength,review_queue_conditioned,risk_adjusted_alpha_candidate,factor_bucket,LOW_REFINED_FACTOR_EXPOSURE_REVIEW_ONLY,600,13,100,-0.0004782309,-0.0014643193,0.4516666667,-0.0038166736,-0.0050254111,0.4416666667,-0.0152263755,-0.0313207709,0.3800000000,-0.0010878509,-0.0035554811,0.4283333333,-0.0073800506,-0.0101126540,0.3866666667,-0.0235769314,-0.0407022856,0.3300000000
alpha_risk_adjusted_relative_strength__review_queue_conditioned,alpha_risk_adjusted_relative_strength,review_queue_conditioned,risk_adjusted_alpha_candidate,factor_bucket,MEDIUM_REFINED_FACTOR_EXPOSURE_REVIEW_ONLY,200,13,100,0.0020551776,0.0013223376,0.5150000000,0.0085990445,0.0020676927,0.5100000000,0.0259446946,-0.0266634467,0.4250000000,0.0014455575,0.0004382525,0.5100000000,0.0050356675,-0.0055953613,0.4700000000,0.0175941387,-0.0282336928,0.4200000000
alpha_risk_adjusted_relative_strength__risk_filtered,alpha_risk_adjusted_relative_strength,risk_filtered,risk_adjusted_alpha_candidate,factor_quantile,1,984,50,100,-0.0009743941,-0.0020782630,0.4278455285,-0.0031705002,-0.0058772738,0.4268292683,-0.0250164930,-0.0392455692,0.3089430894,-0.0016175636,-0.0033641785,0.4034552846,-0.0066795987,-0.0090366581,0.3729674797,-0.0332831608,-0.0433293603,0.2916666667
alpha_risk_adjusted_relative_strength__risk_filtered,alpha_risk_adjusted_relative_strength,risk_filtered,risk_adjusted_alpha_candidate,factor_quantile,2,955,50,100,-0.0003522896,-0.0017857143,0.4513089005,-0.0026799188,-0.0058343057,0.4356020942,-0.0141724554,-0.0298451077,0.3581151832,-0.0009310559,-0.0022634043,0.4198952880,-0.0061497894,-0.0083401806,0.3905759162,-0.0222446561,-0.0343576731,0.3162303665
alpha_risk_adjusted_relative_strength__risk_filtered,alpha_risk_adjusted_relative_strength,risk_filtered,risk_adjusted_alpha_candidate,factor_quantile,3,941,50,100,-0.0001444833,-0.0016189962,0.4452709883,-0.0026797563,-0.0054744526,0.4367693943,-0.0139650669,-0.0280964042,0.3379383634,-0.0007986673,-0.0022430661,0.4495217853,-0.0061937562,-0.0083775308,0.3889479277,-0.0224333922,-0.0368082051,0.3241232731
alpha_risk_adjusted_relative_strength__risk_filtered,alpha_risk_adjusted_relative_strength,risk_filtered,risk_adjusted_alpha_candidate,factor_quantile,4,955,50,100,0.0010482638,0.0000000000,0.4890052356,0.0024843569,-0.0016646849,0.4701570681,0.0016141381,-0.0223262514,0.4073298429,0.0004694975,-0.0017402747,0.4513089005,-0.0009855136,-0.0051317159,0.4429319372,-0.0064580625,-0.0311686930,0.3874345550
alpha_risk_adjusted_relative_strength__risk_filtered,alpha_risk_adjusted_relative_strength,risk_filtered,risk_adjusted_alpha_candidate,factor_quantile,5,900,49,100,0.0007640470,-0.0014182832,0.4666666667,0.0050636904,-0.0002399454,0.4966666667,0.0016738328,-0.0180821391,0.4322222222,0.0000966512,-0.0027154455,0.4511111111,0.0015232714,-0.0033215730,0.4755555556,-0.0065750559,-0.0292508358,0.3855555556
alpha_risk_adjusted_relative_strength__risk_filtered,alpha_risk_adjusted_relative_strength,risk_filtered,risk_adjusted_alpha_candidate,factor_bucket,HIGH_REFINED_FACTOR_EXPOSURE_REVIEW_ONLY,1855,50,100,0.0009103688,-0.0007487832,0.4781671159,0.0037357856,-0.0012207031,0.4830188679,0.0016431005,-0.0207075065,0.4194070081,0.0002886017,-0.0019393592,0.4512129380,0.0002316867,-0.0046657185,0.4587601078,-0.0065148248,-0.0302917314,0.3865229111
alpha_risk_adjusted_relative_strength__risk_filtered,alpha_risk_adjusted_relative_strength,risk_filtered,risk_adjusted_alpha_candidate,factor_bucket,INSUFFICIENT_REFINED_FACTOR_EVIDENCE_REVIEW_ONLY,1265,50,111,-0.0005716446,-0.0001783485,0.4750988142,0.0030812515,0.0000000000,0.4980237154,0.0244272284,0.0160784314,0.5984189723,-0.0006073991,-0.0014001715,0.4466403162,-0.0013624555,-0.0047625693,0.4411067194,-0.0014759980,-0.0129782378,0.4371541502
alpha_risk_adjusted_relative_strength__risk_filtered,alpha_risk_adjusted_relative_strength,risk_filtered,risk_adjusted_alpha_candidate,factor_bucket,LOW_REFINED_FACTOR_EXPOSURE_REVIEW_ONLY,1939,50,100,-0.0006679940,-0.0019467878,0.4394017535,-0.0029288781,-0.0058343057,0.4311500774,-0.0196755668,-0.0347266202,0.3331614234,-0.0012794435,-0.0026870334,0.4115523466,-0.0064186560,-0.0087409429,0.3816400206,-0.0278464553,-0.0400219298,0.3037648272
alpha_risk_adjusted_relative_strength__risk_filtered,alpha_risk_adjusted_relative_strength,risk_filtered,risk_adjusted_alpha_candidate,factor_bucket,MEDIUM_REFINED_FACTOR_EXPOSURE_REVIEW_ONLY,941,50,100,-0.0001444833,-0.0016189962,0.4452709883,-0.0026797563,-0.0054744526,0.4367693943,-0.0139650669,-0.0280964042,0.3379383634,-0.0007986673,-0.0022430661,0.4495217853,-0.0061937562,-0.0083775308,0.3889479277,-0.0224333922,-0.0368082051,0.3241232731
alpha_vol_adj_momentum_20d__downside_risk_filtered,alpha_vol_adj_momentum_20d,downside_risk_filtered,volatility_adjusted_momentum,factor_quantile,1,977,47,100,-0.0009535578,-0.0023419204,0.4155578301,-0.0045663235,-0.0071513707,0.4053224156,-0.0266524288,-0.0354005168,0.2968270215,-0.0015061356,-0.0028836327,0.4073694985,-0.0079828766,-0.0100008519,0.3561924258,-0.0344382736,-0.0411457317,0.2804503582
alpha_vol_adj_momentum_20d__downside_risk_filtered,alpha_vol_adj_momentum_20d,downside_risk_filtered,volatility_adjusted_momentum,factor_quantile,2,963,50,100,-0.0010419753,-0.0017301038,0.4444444444,-0.0036384145,-0.0063897764,0.4247144341,-0.0234955586,-0.0373265585,0.3333333333,-0.0016540211,-0.0024907096,0.4153686397,-0.0071139587,-0.0088618711,0.3842159917,-0.0311895147,-0.0399177493,0.3094496366
alpha_vol_adj_momentum_20d__downside_risk_filtered,alpha_vol_adj_momentum_20d,downside_risk_filtered,volatility_adjusted_momentum,factor_quantile,3,954,50,100,-0.0003074207,-0.0019666273,0.4496855346,0.0001136519,-0.0029296597,0.4800838574,-0.0056959769,-0.0279651537,0.3752620545,-0.0008526082,-0.0028313798,0.4392033543,-0.0032992028,-0.0056493904,0.4297693920,-0.0130577917,-0.0365257235,0.3501048218
alpha_vol_adj_momentum_20d__downside_risk_filtered,alpha_vol_adj_momentum_20d,downside_risk_filtered,volatility_adjusted_momentum,factor_quantile,4,963,50,100,0.0003295358,-0.0004699248,0.4839044652,0.0019387670,-0.0019113150,0.4683281412,0.0026070308,-0.0228924419,0.3914849429,-0.0002825099,-0.0023394186,0.4434060228,-0.0015367772,-0.0059830740,0.4361370717,-0.0050869253,-0.0296053642,0.3852544133
alpha_vol_adj_momentum_20d__downside_risk_filtered,alpha_vol_adj_momentum_20d,downside_risk_filtered,volatility_adjusted_momentum,factor_quantile,5,911,45,100,0.0010648198,-0.0017965417,0.4555433589,0.0056915524,-0.0003786445,0.4950603732,0.0055020231,-0.0091743119,0.4588364435,0.0005345203,-0.0025149036,0.4467618002,0.0024144032,-0.0043761337,0.4731064764,-0.0017989127,-0.0265937055,0.4083424808
alpha_vol_adj_momentum_20d__downside_risk_filtered,alpha_vol_adj_momentum_20d,downside_risk_filtered,volatility_adjusted_momentum,factor_bucket,HIGH_REFINED_FACTOR_EXPOSURE_REVIEW_ONLY,1874,50,100,0.0006869764,-0.0010253780,0.4701173959,0.0037630933,-0.0012544693,0.4813233725,0.0040143616,-0.0180895029,0.4242262540,0.0001146697,-0.0024388369,0.4450373533,0.0003839941,-0.0052675012,0.4541088581,-0.0034885371,-0.0281178197,0.3964781217
alpha_vol_adj_momentum_20d__downside_risk_filtered,alpha_vol_adj_momentum_20d,downside_risk_filtered,volatility_adjusted_momentum,factor_bucket,INSUFFICIENT_REFINED_FACTOR_EVIDENCE_REVIEW_ONLY,1232,50,91,0.0003858267,0.0000000000,0.4991883117,0.0027853494,0.0000000000,0.4935064935,0.0237281148,0.0142909771,0.5965909091,0.0001602462,-0.0009435621,0.4642857143,-0.0020210867,-0.0048948008,0.4350649351,-0.0051784809,-0.0150807738,0.4180194805
alpha_vol_adj_momentum_20d__downside_risk_filtered,alpha_vol_adj_momentum_20d,downside_risk_filtered,volatility_adjusted_momentum,factor_bucket,LOW_REFINED_FACTOR_EXPOSURE_REVIEW_ONLY,1940,50,100,-0.0009974475,-0.0019782878,0.4298969072,-0.0041057171,-0.0068745400,0.4149484536,-0.0250853845,-0.0363561726,0.3149484536,-0.0015795447,-0.0026770269,0.4113402062,-0.0075515529,-0.0092470538,0.3701030928,-0.0328256165,-0.0404890153,0.2948453608
alpha_vol_adj_momentum_20d__downside_risk_filtered,alpha_vol_adj_momentum_20d,downside_risk_filtered,volatility_adjusted_momentum,factor_bucket,MEDIUM_REFINED_FACTOR_EXPOSURE_REVIEW_ONLY,954,50,100,-0.0003074207,-0.0019666273,0.4496855346,0.0001136519,-0.0029296597,0.4800838574,-0.0056959769,-0.0279651537,0.3752620545,-0.0008526082,-0.0028313798,0.4392033543,-0.0032992028,-0.0056493904,0.4297693920,-0.0130577917,-0.0365257235,0.3501048218
alpha_vol_adj_momentum_20d__horizon_specific,alpha_vol_adj_momentum_20d,horizon_specific,volatility_adjusted_momentum,factor_quantile,1,1000,46,100,-0.0003056320,-0.0019442016,0.4360000000,-0.0019229842,-0.0062361111,0.4160000000,-0.0223829275,-0.0319018508,0.3080000000,-0.0009152520,-0.0022777697,0.4220000000,-0.0054863612,-0.0087938189,0.3770000000,-0.0307334834,-0.0378627251,0.2930000000
alpha_vol_adj_momentum_20d__horizon_specific,alpha_vol_adj_momentum_20d,horizon_specific,volatility_adjusted_momentum,factor_quantile,2,1000,50,100,-0.0004318187,-0.0012784936,0.4580000000,-0.0027729661,-0.0055966016,0.4370000000,-0.0209098209,-0.0364373963,0.3470000000,-0.0010414387,-0.0020261483,0.4260000000,-0.0063363430,-0.0084264962,0.3940000000,-0.0292603768,-0.0402630978,0.3140000000
alpha_vol_adj_momentum_20d__horizon_specific,alpha_vol_adj_momentum_20d,horizon_specific,volatility_adjusted_momentum,factor_quantile,3,1000,50,100,-0.0003647002,-0.0019927166,0.4460000000,-0.0007139834,-0.0033836935,0.4750000000,-0.0065430178,-0.0278152141,0.3730000000,-0.0009743202,-0.0024874355,0.4410000000,-0.0042773604,-0.0058030041,0.4220000000,-0.0148935737,-0.0354913146,0.3500000000
alpha_vol_adj_momentum_20d__horizon_specific,alpha_vol_adj_momentum_20d,horizon_specific,volatility_adjusted_momentum,factor_quantile,4,1000,50,100,0.0007948895,-0.0001756878,0.4860000000,0.0018942857,-0.0019303163,0.4680000000,0.0024714634,-0.0229398612,0.3920000000,0.0001852694,-0.0022804022,0.4440000000,-0.0016690913,-0.0067129741,0.4330000000,-0.0058790925,-0.0315503934,0.3690000000
alpha_vol_adj_momentum_20d__horizon_specific,alpha_vol_adj_momentum_20d,horizon_specific,volatility_adjusted_momentum,factor_quantile,5,1000,45,100,0.0007897838,-0.0016306008,0.4580000000,0.0058297462,-0.0004509654,0.4950000000,0.0066690016,-0.0085877541,0.4620000000,0.0001801638,-0.0026632533,0.4450000000,0.0022663692,-0.0045736706,0.4720000000,-0.0016815543,-0.0265381667,0.4120000000
alpha_vol_adj_momentum_20d__horizon_specific,alpha_vol_adj_momentum_20d,horizon_specific,volatility_adjusted_momentum,factor_bucket,HIGH_REFINED_FACTOR_EXPOSURE_REVIEW_ONLY,2000,50,100,0.0007923367,-0.0009957858,0.4720000000,0.0038620159,-0.0012373108,0.4815000000,0.0045702325,-0.0178855612,0.4270000000,0.0001827166,-0.0025103308,0.4445000000,0.0002986390,-0.0056381358,0.4525000000,-0.0037803234,-0.0293108132,0.3905000000
alpha_vol_adj_momentum_20d__horizon_specific,alpha_vol_adj_momentum_20d,horizon_specific,volatility_adjusted_momentum,factor_bucket,INSUFFICIENT_REFINED_FACTOR_EVIDENCE_REVIEW_ONLY,1000,50,20,-0.0009481177,0.0000000000,0.4750000000,0.0003128218,-0.0008543283,0.4820000000,0.0233516446,0.0157057202,0.6170000000,-0.0008998130,-0.0012488481,0.4450000000,-0.0040650394,-0.0060829583,0.4170000000,-0.0066081556,-0.0128133196,0.4260000000
alpha_vol_adj_momentum_20d__horizon_specific,alpha_vol_adj_momentum_20d,horizon_specific,volatility_adjusted_momentum,factor_bucket,LOW_REFINED_FACTOR_EXPOSURE_REVIEW_ONLY,2000,50,100,-0.0003687253,-0.0017190996,0.4470000000,-0.0023479751,-0.0057334323,0.4265000000,-0.0216463742,-0.0345231020,0.3275000000,-0.0009783454,-0.0021920807,0.4240000000,-0.0059113521,-0.0086211926,0.3855000000,-0.0299969301,-0.0392355916,0.3035000000
alpha_vol_adj_momentum_20d__horizon_specific,alpha_vol_adj_momentum_20d,horizon_specific,volatility_adjusted_momentum,factor_bucket,MEDIUM_REFINED_FACTOR_EXPOSURE_REVIEW_ONLY,1000,50,100,-0.0003647002,-0.0019927166,0.4460000000,-0.0007139834,-0.0033836935,0.4750000000,-0.0065430178,-0.0278152141,0.3730000000,-0.0009743202,-0.0024874355,0.4410000000,-0.0042773604,-0.0058030041,0.4220000000,-0.0148935737,-0.0354913146,0.3500000000
alpha_vol_adj_momentum_20d__liquidity_filtered,alpha_vol_adj_momentum_20d,liquidity_filtered,volatility_adjusted_momentum,factor_quantile,1,800,38,100,-0.0001046225,-0.0012500000,0.4575000000,-0.0007711844,-0.0049389405,0.4262500000,-0.0219829249,-0.0352622419,0.3325000000,-0.0007142425,-0.0022948237,0.4287500000,-0.0043345614,-0.0087447127,0.3812500000,-0.0303334808,-0.0413706993,0.2937500000
alpha_vol_adj_momentum_20d__liquidity_filtered,alpha_vol_adj_momentum_20d,liquidity_filtered,volatility_adjusted_momentum,factor_quantile,2,800,39,100,0.0004368893,-0.0012006151,0.4675000000,0.0003233018,-0.0028044029,0.4687500000,-0.0098264716,-0.0298302001,0.3912500000,-0.0001727307,-0.0016162508,0.4425000000,-0.0032400752,-0.0062873717,0.4300000000,-0.0181770275,-0.0315472329,0.3525000000
alpha_vol_adj_momentum_20d__liquidity_filtered,alpha_vol_adj_momentum_20d,liquidity_filtered,volatility_adjusted_momentum,factor_quantile,3,800,39,100,0.0005357352,-0.0015252182,0.4612500000,0.0031529110,0.0000000000,0.4975000000,0.0080652306,-0.0226786547,0.4225000000,-0.0000738848,-0.0028507281,0.4500000000,-0.0004104660,-0.0052887625,0.4350000000,-0.0002853253,-0.0296411081,0.3925000000
alpha_vol_adj_momentum_20d__liquidity_filtered,alpha_vol_adj_momentum_20d,liquidity_filtered,volatility_adjusted_momentum,factor_quantile,4,800,39,100,0.0006025703,-0.0009705194,0.4800000000,0.0040330835,-0.0017858563,0.4700000000,0.0134192666,-0.0168941462,0.4375000000,-0.0000070497,-0.0022804022,0.4400000000,0.0004697065,-0.0052084287,0.4512500000,0.0050687107,-0.0254885848,0.4162500000
alpha_vol_adj_momentum_20d__liquidity_filtered,alpha_vol_adj_momentum_20d,liquidity_filtered,volatility_adjusted_momentum,factor_quantile,5,700,36,100,0.0014158895,-0.0023523909,0.4528571429,0.0079488811,0.0017735242,0.5171428571,0.0099626872,-0.0101988255,0.4657142857,0.0008062695,-0.0034564707,0.4400000000,0.0043855041,-0.0027348061,0.4842857143,0.0016121313,-0.0261373203,0.4185714286
alpha_vol_adj_momentum_20d__liquidity_filtered,alpha_vol_adj_momentum_20d,liquidity_filtered,volatility_adjusted_momentum,factor_bucket,HIGH_REFINED_FACTOR_EXPOSURE_REVIEW_ONLY,1500,39,100,0.0009821193,-0.0015889806,0.4673333333,0.0058604557,-0.0002922736,0.4920000000,0.0118061962,-0.0136369976,0.4506666667,0.0003724993,-0.0026246278,0.4400000000,0.0022970787,-0.0041773768,0.4666666667,0.0034556403,-0.0256840945,0.4173333333
alpha_vol_adj_momentum_20d__liquidity_filtered,alpha_vol_adj_momentum_20d,liquidity_filtered,volatility_adjusted_momentum,factor_bucket,INSUFFICIENT_REFINED_FACTOR_EVIDENCE_REVIEW_ONLY,2100,50,120,-0.0012538933,-0.0010805778,0.4519047619,-0.0039656125,-0.0039062524,0.4385714286,-0.0076464849,-0.0110043006,0.4314285714,-0.0015502158,-0.0018995664,0.4314285714,-0.0079168391,-0.0080459398,0.3895238095,-0.0262871571,-0.0287843279,0.3366666667
alpha_vol_adj_momentum_20d__liquidity_filtered,alpha_vol_adj_momentum_20d,liquidity_filtered,volatility_adjusted_momentum,factor_bucket,LOW_REFINED_FACTOR_EXPOSURE_REVIEW_ONLY,1600,39,100,0.0001661334,-0.0012500000,0.4625000000,-0.0002239413,-0.0044504497,0.4475000000,-0.0159046982,-0.0323665072,0.3618750000,-0.0004434866,-0.0017883882,0.4356250000,-0.0037873183,-0.0074775475,0.4056250000,-0.0242552541,-0.0362885995,0.3231250000
alpha_vol_adj_momentum_20d__liquidity_filtered,alpha_vol_adj_momentum_20d,liquidity_filtered,volatility_adjusted_momentum,factor_bucket,MEDIUM_REFINED_FACTOR_EXPOSURE_REVIEW_ONLY,800,39,100,0.0005357352,-0.0015252182,0.4612500000,0.0031529110,0.0000000000,0.4975000000,0.0080652306,-0.0226786547,0.4225000000,-0.0000738848,-0.0028507281,0.4500000000,-0.0004104660,-0.0052887625,0.4350000000,-0.0002853253,-0.0296411081,0.3925000000
alpha_vol_adj_momentum_20d__review_queue_conditioned,alpha_vol_adj_momentum_20d,review_queue_conditioned,volatility_adjusted_momentum,factor_quantile,1,300,13,100,-0.0008756996,-0.0016337985,0.4500000000,-0.0030482168,-0.0038687329,0.4433333333,-0.0392443318,-0.0446061964,0.2933333333,-0.0014853197,-0.0033645097,0.4266666667,-0.0066115938,-0.0136816252,0.3833333333,-0.0475948877,-0.0532828854,0.2366666667
alpha_vol_adj_momentum_20d__review_queue_conditioned,alpha_vol_adj_momentum_20d,review_queue_conditioned,volatility_adjusted_momentum,factor_quantile,2,300,13,100,-0.0006179490,-0.0015129100,0.4433333333,-0.0063780608,-0.0068095745,0.4400000000,-0.0133653758,-0.0233834946,0.4166666667,-0.0012275690,-0.0034227015,0.4400000000,-0.0099414378,-0.0076461503,0.3966666667,-0.0217159317,-0.0326891169,0.3666666667
alpha_vol_adj_momentum_20d__review_queue_conditioned,alpha_vol_adj_momentum_20d,review_queue_conditioned,volatility_adjusted_momentum,factor_quantile,3,200,13,100,0.0046106788,0.0021747517,0.5400000000,0.0174317698,0.0103873159,0.5800000000,0.0678391014,0.0238177908,0.5350000000,0.0040010588,0.0005711295,0.5150000000,0.0138683929,0.0027708636,0.5350000000,0.0594885455,0.0124932382,0.5200000000
alpha_vol_adj_momentum_20d__review_queue_conditioned,alpha_vol_adj_momentum_20d,review_queue_conditioned,volatility_adjusted_momentum,factor_quantile,4,300,13,100,0.0007330723,-0.0006875220,0.4833333333,0.0076542604,-0.0021414844,0.4866666667,0.0361606086,-0.0051757343,0.4933333333,0.0001234523,-0.0018612062,0.4600000000,0.0040908834,-0.0047086582,0.4666666667,0.0278100527,0.0025496245,0.5066666667
alpha_vol_adj_momentum_20d__review_queue_conditioned,alpha_vol_adj_momentum_20d,review_queue_conditioned,volatility_adjusted_momentum,factor_quantile,5,200,12,100,0.0032093432,0.0008708375,0.5200000000,0.0183915160,0.0155497044,0.5650000000,0.0246991668,0.0243025931,0.5550000000,0.0025997232,-0.0014826162,0.4700000000,0.0148281391,0.0091664998,0.5500000000,0.0163486109,0.0159685587,0.5150000000
alpha_vol_adj_momentum_20d__review_queue_conditioned,alpha_vol_adj_momentum_20d,review_queue_conditioned,volatility_adjusted_momentum,factor_bucket,HIGH_REFINED_FACTOR_EXPOSURE_REVIEW_ONLY,500,13,100,0.0017235806,0.0000000000,0.4980000000,0.0119491626,0.0036133931,0.5180000000,0.0315760319,0.0136159767,0.5180000000,0.0011139606,-0.0018612062,0.4640000000,0.0083857857,-0.0001832743,0.5000000000,0.0232254760,0.0049641847,0.5100000000
alpha_vol_adj_momentum_20d__review_queue_conditioned,alpha_vol_adj_momentum_20d,review_queue_conditioned,volatility_adjusted_momentum,factor_bucket,INSUFFICIENT_REFINED_FACTOR_EVIDENCE_REVIEW_ONLY,4700,50,120,-0.0003832823,-0.0015022535,0.4540425532,-0.0008523685,-0.0036432473,0.4538297872,-0.0065779959,-0.0177364992,0.4085106383,-0.0008529183,-0.0020261483,0.4314893617,-0.0045890400,-0.0072038058,0.4093617021,-0.0195262633,-0.0312713557,0.3455319149
alpha_vol_adj_momentum_20d__review_queue_conditioned,alpha_vol_adj_momentum_20d,review_queue_conditioned,volatility_adjusted_momentum,factor_bucket,LOW_REFINED_FACTOR_EXPOSURE_REVIEW_ONLY,600,13,100,-0.0007468243,-0.0015236190,0.4466666667,-0.0047131388,-0.0048576180,0.4416666667,-0.0263048538,-0.0352641026,0.3550000000,-0.0013564443,-0.0033855249,0.4333333333,-0.0082765158,-0.0108750912,0.3900000000,-0.0346554097,-0.0456267468,0.3016666667
alpha_vol_adj_momentum_20d__review_queue_conditioned,alpha_vol_adj_momentum_20d,review_queue_conditioned,volatility_adjusted_momentum,factor_bucket,MEDIUM_REFINED_FACTOR_EXPOSURE_REVIEW_ONLY,200,13,100,0.0046106788,0.0021747517,0.5400000000,0.0174317698,0.0103873159,0.5800000000,0.0678391014,0.0238177908,0.5350000000,0.0040010588,0.0005711295,0.5150000000,0.0138683929,0.0027708636,0.5350000000,0.0594885455,0.0124932382,0.5200000000
alpha_vol_adj_momentum_20d__risk_filtered,alpha_vol_adj_momentum_20d,risk_filtered,volatility_adjusted_momentum,factor_quantile,1,984,46,100,-0.0005394741,-0.0019777293,0.4298780488,-0.0027418764,-0.0064239944,0.4126016260,-0.0229025126,-0.0316950663,0.3038617886,-0.0011826436,-0.0025974894,0.4146341463,-0.0062509750,-0.0091035144,0.3719512195,-0.0311691804,-0.0373408228,0.2906504065
alpha_vol_adj_momentum_20d__risk_filtered,alpha_vol_adj_momentum_20d,risk_filtered,volatility_adjusted_momentum,factor_quantile,2,955,50,100,-0.0002669479,-0.0009389671,0.4649214660,-0.0033836767,-0.0055504163,0.4376963351,-0.0212781805,-0.0365190365,0.3497382199,-0.0008457143,-0.0019173638,0.4335078534,-0.0068535473,-0.0082349187,0.3937172775,-0.0293503811,-0.0399177493,0.3162303665
alpha_vol_adj_momentum_20d__risk_filtered,alpha_vol_adj_momentum_20d,risk_filtered,volatility_adjusted_momentum,factor_quantile,3,941,50,100,-0.0005355467,-0.0022189349,0.4378320935,-0.0006814806,-0.0033918595,0.4697130712,-0.0076852927,-0.0279642058,0.3730074389,-0.0011897308,-0.0028764240,0.4314558980,-0.0041954805,-0.0059276555,0.4155154091,-0.0161536180,-0.0366863356,0.3517534538
alpha_vol_adj_momentum_20d__risk_filtered,alpha_vol_adj_momentum_20d,risk_filtered,volatility_adjusted_momentum,factor_quantile,4,955,50,100,0.0013246667,0.0000000000,0.4910994764,0.0008857579,-0.0022421525,0.4649214660,0.0006620348,-0.0229789590,0.3863874346,0.0007459004,-0.0022004995,0.4523560209,-0.0025841126,-0.0071496970,0.4282722513,-0.0074101658,-0.0320373589,0.3591623037
alpha_vol_adj_momentum_20d__risk_filtered,alpha_vol_adj_momentum_20d,risk_filtered,volatility_adjusted_momentum,factor_quantile,5,900,46,100,0.0003135618,-0.0016306008,0.4555555556,0.0049488101,-0.0012373108,0.4811111111,0.0013469460,-0.0171623932,0.4322222222,-0.0003538340,-0.0027235326,0.4422222222,0.0014083911,-0.0056579156,0.4611111111,-0.0069019428,-0.0299926572,0.3877777778
alpha_vol_adj_momentum_20d__risk_filtered,alpha_vol_adj_momentum_20d,risk_filtered,volatility_adjusted_momentum,factor_bucket,HIGH_REFINED_FACTOR_EXPOSURE_REVIEW_ONLY,1855,50,100,0.0008341037,-0.0009494672,0.4738544474,0.0028570501,-0.0019493177,0.4727762803,0.0009943368,-0.0207394049,0.4086253369,0.0002123365,-0.0024267852,0.4474393531,-0.0006470488,-0.0062664735,0.4442048518,-0.0071635886,-0.0314273864,0.3730458221
alpha_vol_adj_momentum_20d__risk_filtered,alpha_vol_adj_momentum_20d,risk_filtered,volatility_adjusted_momentum,factor_bucket,INSUFFICIENT_REFINED_FACTOR_EVIDENCE_REVIEW_ONLY,1265,50,111,-0.0005716446,-0.0001783485,0.4750988142,0.0030812515,0.0000000000,0.4980237154,0.0244272284,0.0160784314,0.5984189723,-0.0006073991,-0.0014001715,0.4466403162,-0.0013624555,-0.0047625693,0.4411067194,-0.0014759980,-0.0129782378,0.4371541502
alpha_vol_adj_momentum_20d__risk_filtered,alpha_vol_adj_momentum_20d,risk_filtered,volatility_adjusted_momentum,factor_bucket,LOW_REFINED_FACTOR_EXPOSURE_REVIEW_ONLY,1939,50,100,-0.0004052490,-0.0015686275,0.4471376998,-0.0030579772,-0.0058708415,0.4249613203,-0.0221024935,-0.0347144457,0.3264569366,-0.0010166985,-0.0021188161,0.4239298608,-0.0065477551,-0.0086627152,0.3826714801,-0.0302733819,-0.0380657976,0.3032490975
alpha_vol_adj_momentum_20d__risk_filtered,alpha_vol_adj_momentum_20d,risk_filtered,volatility_adjusted_momentum,factor_bucket,MEDIUM_REFINED_FACTOR_EXPOSURE_REVIEW_ONLY,941,50,100,-0.0005355467,-0.0022189349,0.4378320935,-0.0006814806,-0.0033918595,0.4697130712,-0.0076852927,-0.0279642058,0.3730074389,-0.0011897308,-0.0028764240,0.4314558980,-0.0041954805,-0.0059276555,0.4155154091,-0.0161536180,-0.0366863356,0.3517534538
alpha_vol_adj_momentum_5d__downside_risk_filtered,alpha_vol_adj_momentum_5d,downside_risk_filtered,volatility_adjusted_momentum,factor_quantile,1,1127,50,115,-0.0007131244,-0.0017199862,0.4392191659,-0.0016825113,-0.0050000000,0.4365572316,-0.0138999675,-0.0300312826,0.3531499556,-0.0013179392,-0.0025019136,0.4170363798,-0.0051261139,-0.0085817815,0.3913043478,-0.0251940790,-0.0381691168,0.3149955634
alpha_vol_adj_momentum_5d__downside_risk_filtered,alpha_vol_adj_momentum_5d,downside_risk_filtered,volatility_adjusted_momentum,factor_quantile,2,1113,50,115,-0.0004001024,-0.0018034265,0.4555256065,-0.0004006785,-0.0045260916,0.4447439353,-0.0020871499,-0.0201450443,0.4034141959,-0.0010570276,-0.0026670205,0.4106019766,-0.0038956623,-0.0074725415,0.3989218329,-0.0133458857,-0.0304436382,0.3629829290
alpha_vol_adj_momentum_5d__downside_risk_filtered,alpha_vol_adj_momentum_5d,downside_risk_filtered,volatility_adjusted_momentum,factor_quantile,3,1102,50,115,0.0006148717,-0.0013575500,0.4537205082,0.0009962711,-0.0021142027,0.4727767695,-0.0045404617,-0.0182788210,0.4047186933,0.0000091355,-0.0011029922,0.4609800363,-0.0024389491,-0.0050794824,0.4337568058,-0.0154759699,-0.0282990387,0.3575317604
alpha_vol_adj_momentum_5d__downside_risk_filtered,alpha_vol_adj_momentum_5d,downside_risk_filtered,volatility_adjusted_momentum,factor_quantile,4,1113,50,115,0.0000159340,-0.0009149131,0.4761904762,0.0007596456,-0.0020892404,0.4761904762,-0.0075228972,-0.0171077252,0.4249775382,-0.0006409912,-0.0019371188,0.4492362983,-0.0027353382,-0.0054757586,0.4339622642,-0.0187816330,-0.0315713354,0.3566936208
alpha_vol_adj_momentum_5d__downside_risk_filtered,alpha_vol_adj_momentum_5d,downside_risk_filtered,volatility_adjusted_momentum,factor_quantile,5,1053,50,115,-0.0001135107,-0.0020855057,0.4520417854,-0.0000426094,-0.0053070508,0.4491927825,0.0070836513,-0.0079759414,0.4615384615,-0.0007075430,-0.0035483330,0.4207027540,-0.0033958764,-0.0099786827,0.4131054131,-0.0037786039,-0.0240365521,0.4074074074
alpha_vol_adj_momentum_5d__downside_risk_filtered,alpha_vol_adj_momentum_5d,downside_risk_filtered,volatility_adjusted_momentum,factor_bucket,HIGH_REFINED_FACTOR_EXPOSURE_REVIEW_ONLY,2166,50,115,-0.0000469954,-0.0015090888,0.4644506002,0.0003696296,-0.0034311258,0.4630655586,-0.0004219297,-0.0133827895,0.4427516159,-0.0006733453,-0.0026246278,0.4353647276,-0.0030564586,-0.0071396806,0.4238227147,-0.0114879166,-0.0287248613,0.3813481071
alpha_vol_adj_momentum_5d__downside_risk_filtered,alpha_vol_adj_momentum_5d,downside_risk_filtered,volatility_adjusted_momentum,factor_bucket,INSUFFICIENT_REFINED_FACTOR_EVIDENCE_REVIEW_ONLY,492,50,84,0.0004219784,0.0007000332,0.5101626016,0.0062409693,0.0039704009,0.5325203252,0.0133375878,0.0003749854,0.5020325203,0.0013105636,-0.0001163780,0.4979674797,-0.0002983990,-0.0018076649,0.4756097561,-0.0078682772,-0.0237743485,0.3760162602
alpha_vol_adj_momentum_5d__downside_risk_filtered,alpha_vol_adj_momentum_5d,downside_risk_filtered,volatility_adjusted_momentum,factor_bucket,LOW_REFINED_FACTOR_EXPOSURE_REVIEW_ONLY,2240,50,115,-0.0005575916,-0.0017400122,0.4473214286,-0.0010456006,-0.0047215518,0.4406250000,-0.0080304738,-0.0251694330,0.3781250000,-0.0011882988,-0.0025942963,0.4138392857,-0.0045147333,-0.0079853396,0.3950892857,-0.0193070079,-0.0338621411,0.3388392857
alpha_vol_adj_momentum_5d__downside_risk_filtered,alpha_vol_adj_momentum_5d,downside_risk_filtered,volatility_adjusted_momentum,factor_bucket,MEDIUM_REFINED_FACTOR_EXPOSURE_REVIEW_ONLY,1102,50,115,0.0006148717,-0.0013575500,0.4537205082,0.0009962711,-0.0021142027,0.4727767695,-0.0045404617,-0.0182788210,0.4047186933,0.0000091355,-0.0011029922,0.4609800363,-0.0024389491,-0.0050794824,0.4337568058,-0.0154759699,-0.0282990387,0.3575317604
alpha_vol_adj_momentum_5d__horizon_specific,alpha_vol_adj_momentum_5d,horizon_specific,volatility_adjusted_momentum,factor_quantile,1,1150,50,115,-0.0003365744,-0.0012988940,0.4504347826,-0.0005922602,-0.0046665668,0.4391304348,-0.0103910097,-0.0277451348,0.3634782609,-0.0009899464,-0.0019366778,0.4260869565,-0.0041629949,-0.0078777309,0.4008695652,-0.0221060089,-0.0354873504,0.3269565217
alpha_vol_adj_momentum_5d__horizon_specific,alpha_vol_adj_momentum_5d,horizon_specific,volatility_adjusted_momentum,factor_quantile,2,1150,50,115,-0.0001729246,-0.0014039325,0.4608695652,-0.0002832479,-0.0044495259,0.4478260870,-0.0043933762,-0.0209980678,0.4017391304,-0.0008262965,-0.0026644955,0.4121739130,-0.0038539825,-0.0079780840,0.3965217391,-0.0161083754,-0.0329159459,0.3513043478
alpha_vol_adj_momentum_5d__horizon_specific,alpha_vol_adj_momentum_5d,horizon_specific,volatility_adjusted_momentum,factor_quantile,3,1150,50,115,0.0010839146,-0.0009104320,0.4678260870,0.0024889185,-0.0005093763,0.4886956522,0.0000077106,-0.0142631671,0.4200000000,0.0004305426,-0.0008394024,0.4721739130,-0.0010818161,-0.0037277822,0.4530434783,-0.0117072885,-0.0262325521,0.3695652174
alpha_vol_adj_momentum_5d__horizon_specific,alpha_vol_adj_momentum_5d,horizon_specific,volatility_adjusted_momentum,factor_quantile,4,1150,50,115,0.0000830981,-0.0010468482,0.4721739130,0.0002373961,-0.0025960183,0.4660869565,-0.0077074898,-0.0185156306,0.4165217391,-0.0005702739,-0.0019640678,0.4469565217,-0.0033333385,-0.0057035856,0.4243478261,-0.0194224890,-0.0318202032,0.3504347826
alpha_vol_adj_momentum_5d__horizon_specific,alpha_vol_adj_momentum_5d,horizon_specific,volatility_adjusted_momentum,factor_quantile,5,1144,50,115,-0.0000571376,-0.0019819428,0.4545454545,0.0005417104,-0.0049111769,0.4554195804,0.0070998201,-0.0073820344,0.4641608392,-0.0007200423,-0.0034778103,0.4239510490,-0.0030853502,-0.0097613661,0.4152097902,-0.0044696873,-0.0255457973,0.4047202797
alpha_vol_adj_momentum_5d__horizon_specific,alpha_vol_adj_momentum_5d,horizon_specific,volatility_adjusted_momentum,factor_bucket,HIGH_REFINED_FACTOR_EXPOSURE_REVIEW_ONLY,2294,50,115,0.0000131636,-0.0015170848,0.4633827376,0.0003891553,-0.0037548317,0.4607672188,-0.0003231993,-0.0140010098,0.4402789887,-0.0006449622,-0.0026246278,0.4354838710,-0.0032096687,-0.0072833508,0.4197907585,-0.0119656428,-0.0293920001,0.3775065388
alpha_vol_adj_momentum_5d__horizon_specific,alpha_vol_adj_momentum_5d,horizon_specific,volatility_adjusted_momentum,factor_bucket,INSUFFICIENT_REFINED_FACTOR_EVIDENCE_REVIEW_ONLY,256,50,11,-0.0045170726,-0.0019754188,0.4296875000,-0.0004735322,0.0018484980,0.5234375000,0.0015271056,-0.0006297340,0.4921875000,-0.0015323902,-0.0013289268,0.4570312500,-0.0068016938,-0.0032647264,0.4453125000,-0.0163950313,-0.0204985222,0.3632812500
alpha_vol_adj_momentum_5d__horizon_specific,alpha_vol_adj_momentum_5d,horizon_specific,volatility_adjusted_momentum,factor_bucket,LOW_REFINED_FACTOR_EXPOSURE_REVIEW_ONLY,2300,50,115,-0.0002547495,-0.0013275806,0.4556521739,-0.0004377540,-0.0045545215,0.4434782609,-0.0073921930,-0.0247156914,0.3826086957,-0.0009081215,-0.0022672127,0.4191304348,-0.0040084887,-0.0079719919,0.3986956522,-0.0191071921,-0.0339568241,0.3391304348
alpha_vol_adj_momentum_5d__horizon_specific,alpha_vol_adj_momentum_5d,horizon_specific,volatility_adjusted_momentum,factor_bucket,MEDIUM_REFINED_FACTOR_EXPOSURE_REVIEW_ONLY,1150,50,115,0.0010839146,-0.0009104320,0.4678260870,0.0024889185,-0.0005093763,0.4886956522,0.0000077106,-0.0142631671,0.4200000000,0.0004305426,-0.0008394024,0.4721739130,-0.0010818161,-0.0037277822,0.4530434783,-0.0117072885,-0.0262325521,0.3695652174
alpha_vol_adj_momentum_5d__liquidity_filtered,alpha_vol_adj_momentum_5d,liquidity_filtered,volatility_adjusted_momentum,factor_quantile,1,920,39,115,-0.0000043093,-0.0012256006,0.4586956522,0.0010026105,-0.0030633710,0.4597826087,-0.0042805356,-0.0267800082,0.4076086957,-0.0006576812,-0.0019009321,0.4326086957,-0.0025681241,-0.0075703561,0.4108695652,-0.0159955347,-0.0337706553,0.3489130435
alpha_vol_adj_momentum_5d__liquidity_filtered,alpha_vol_adj_momentum_5d,liquidity_filtered,volatility_adjusted_momentum,factor_quantile,2,920,39,115,0.0000403794,-0.0011347672,0.4717391304,0.0018386918,-0.0027090264,0.4684782609,0.0114233106,-0.0101299282,0.4673913043,-0.0006129926,-0.0023039993,0.4195652174,-0.0017320428,-0.0069722695,0.4217391304,-0.0002916886,-0.0218015578,0.4195652174
alpha_vol_adj_momentum_5d__liquidity_filtered,alpha_vol_adj_momentum_5d,liquidity_filtered,volatility_adjusted_momentum,factor_quantile,3,914,39,115,0.0015977668,-0.0010232120,0.4704595186,0.0037962020,-0.0007688431,0.4879649891,0.0004780873,-0.0178734578,0.4179431072,0.0009324632,-0.0006827590,0.4803063457,0.0001549674,-0.0043011219,0.4485776805,-0.0110548084,-0.0295786560,0.3741794311
alpha_vol_adj_momentum_5d__liquidity_filtered,alpha_vol_adj_momentum_5d,liquidity_filtered,volatility_adjusted_momentum,factor_quantile,4,920,39,115,0.0004424337,-0.0007822205,0.4782608696,0.0033634559,-0.0001860892,0.4923913043,0.0013435888,-0.0117127245,0.4597826087,-0.0002109382,-0.0020249639,0.4456521739,-0.0002072787,-0.0045046004,0.4521739130,-0.0103714104,-0.0258669178,0.3913043478
alpha_vol_adj_momentum_5d__liquidity_filtered,alpha_vol_adj_momentum_5d,liquidity_filtered,volatility_adjusted_momentum,factor_quantile,5,805,39,115,0.0009729272,-0.0021052632,0.4621118012,0.0046188292,-0.0029361390,0.4795031056,0.0183651921,-0.0011647093,0.4919254658,0.0003195552,-0.0031216684,0.4360248447,0.0010480946,-0.0058616928,0.4434782609,0.0066501929,-0.0156365721,0.4434782609
alpha_vol_adj_momentum_5d__liquidity_filtered,alpha_vol_adj_momentum_5d,liquidity_filtered,volatility_adjusted_momentum,factor_bucket,HIGH_REFINED_FACTOR_EXPOSURE_REVIEW_ONLY,1725,39,115,0.0006899973,-0.0012400496,0.4707246377,0.0039492968,-0.0011967228,0.4863768116,0.0092870037,-0.0065913371,0.4747826087,0.0000366254,-0.0024267852,0.4411594203,0.0003785621,-0.0050922122,0.4481159420,-0.0024279955,-0.0226341304,0.4156521739
alpha_vol_adj_momentum_5d__liquidity_filtered,alpha_vol_adj_momentum_5d,liquidity_filtered,volatility_adjusted_momentum,factor_bucket,INSUFFICIENT_REFINED_FACTOR_EVIDENCE_REVIEW_ONLY,1521,50,120,-0.0020706009,-0.0017182131,0.4345825115,-0.0067517053,-0.0054844607,0.4168310322,-0.0265431050,-0.0231724138,0.3241288626,-0.0021116508,-0.0022854187,0.4201183432,-0.0107865433,-0.0094214440,0.3721236029,-0.0393028295,-0.0388404431,0.2616699540
alpha_vol_adj_momentum_5d__liquidity_filtered,alpha_vol_adj_momentum_5d,liquidity_filtered,volatility_adjusted_momentum,factor_bucket,LOW_REFINED_FACTOR_EXPOSURE_REVIEW_ONLY,1840,39,115,0.0000180351,-0.0011500867,0.4652173913,0.0014206512,-0.0030319584,0.4641304348,0.0035713875,-0.0191881972,0.4375000000,-0.0006353369,-0.0021530418,0.4260869565,-0.0021500835,-0.0071336646,0.4163043478,-0.0081436117,-0.0292362924,0.3842391304
alpha_vol_adj_momentum_5d__liquidity_filtered,alpha_vol_adj_momentum_5d,liquidity_filtered,volatility_adjusted_momentum,factor_bucket,MEDIUM_REFINED_FACTOR_EXPOSURE_REVIEW_ONLY,914,39,115,0.0015977668,-0.0010232120,0.4704595186,0.0037962020,-0.0007688431,0.4879649891,0.0004780873,-0.0178734578,0.4179431072,0.0009324632,-0.0006827590,0.4803063457,0.0001549674,-0.0043011219,0.4485776805,-0.0110548084,-0.0295786560,0.3741794311
alpha_vol_adj_momentum_5d__review_queue_conditioned,alpha_vol_adj_momentum_5d,review_queue_conditioned,volatility_adjusted_momentum,factor_quantile,1,345,13,115,0.0001442309,-0.0008278146,0.4782608696,0.0008616915,-0.0024875622,0.4782608696,-0.0040003561,-0.0311968236,0.3971014493,-0.0005091411,-0.0019711806,0.4550724638,-0.0027090431,-0.0079745603,0.4347826087,-0.0157153553,-0.0455616289,0.3420289855
alpha_vol_adj_momentum_5d__review_queue_conditioned,alpha_vol_adj_momentum_5d,review_queue_conditioned,volatility_adjusted_momentum,factor_quantile,2,345,13,115,0.0013150862,0.0000000000,0.4927536232,0.0056090502,0.0000000000,0.4956521739,0.0227833323,-0.0084822781,0.4753623188,0.0006617143,-0.0014978168,0.4666666667,0.0020383156,-0.0040507776,0.4608695652,0.0110683331,-0.0160900419,0.4347826087
alpha_vol_adj_momentum_5d__review_queue_conditioned,alpha_vol_adj_momentum_5d,review_queue_conditioned,volatility_adjusted_momentum,factor_quantile,3,230,13,115,-0.0000968237,-0.0022036575,0.4478260870,0.0046539211,-0.0029548698,0.4521739130,0.0096731783,-0.0158393566,0.4521739130,-0.0007501957,-0.0024877046,0.4478260870,0.0010831865,-0.0077837216,0.4043478261,-0.0020418208,-0.0330483425,0.4173913043
alpha_vol_adj_momentum_5d__review_queue_conditioned,alpha_vol_adj_momentum_5d,review_queue_conditioned,volatility_adjusted_momentum,factor_quantile,4,345,13,115,0.0016273744,-0.0008347245,0.4782608696,0.0046306426,0.0017497813,0.5130434783,0.0166671947,-0.0017487267,0.4927536232,0.0009740025,-0.0019377028,0.4666666667,0.0010599079,-0.0012820084,0.4811594203,0.0049521955,-0.0126858852,0.4608695652
alpha_vol_adj_momentum_5d__review_queue_conditioned,alpha_vol_adj_momentum_5d,review_queue_conditioned,volatility_adjusted_momentum,factor_quantile,5,230,13,115,0.0022351524,0.0012862233,0.5173913043,0.0120431878,0.0063669433,0.5086956522,0.0362684364,0.0244011934,0.5565217391,0.0015817804,-0.0015444783,0.4565217391,0.0084724532,-0.0032199933,0.4782608696,0.0245534372,0.0133279529,0.5434782609
alpha_vol_adj_momentum_5d__review_queue_conditioned,alpha_vol_adj_momentum_5d,review_queue_conditioned,volatility_adjusted_momentum,factor_bucket,HIGH_REFINED_FACTOR_EXPOSURE_REVIEW_ONLY,575,13,115,0.0018704856,0.0000000000,0.4939130435,0.0075956607,0.0028089888,0.5113043478,0.0245076913,0.0115325830,0.5182608696,0.0012171137,-0.0017474201,0.4626086957,0.0040249260,-0.0027892849,0.4800000000,0.0127926922,-0.0021118537,0.4939130435
alpha_vol_adj_momentum_5d__review_queue_conditioned,alpha_vol_adj_momentum_5d,review_queue_conditioned,volatility_adjusted_momentum,factor_bucket,INSUFFICIENT_REFINED_FACTOR_EVIDENCE_REVIEW_ONLY,4505,50,120,-0.0004489055,-0.0015178695,0.4521642619,-0.0011195100,-0.0037878788,0.4526082131,-0.0089102191,-0.0198019802,0.3986681465,-0.0008979631,-0.0020721946,0.4297447281,-0.0048612409,-0.0073364054,0.4077691454,-0.0209409973,-0.0320257285,0.3365149834
alpha_vol_adj_momentum_5d__review_queue_conditioned,alpha_vol_adj_momentum_5d,review_queue_conditioned,volatility_adjusted_momentum,factor_bucket,LOW_REFINED_FACTOR_EXPOSURE_REVIEW_ONLY,690,13,115,0.0007296586,-0.0002673436,0.4855072464,0.0032353709,-0.0012247443,0.4869565217,0.0093914881,-0.0177127904,0.4362318841,0.0000762866,-0.0019471714,0.4608695652,-0.0003353638,-0.0057722545,0.4478260870,-0.0023235111,-0.0322329730,0.3884057971
alpha_vol_adj_momentum_5d__review_queue_conditioned,alpha_vol_adj_momentum_5d,review_queue_conditioned,volatility_adjusted_momentum,factor_bucket,MEDIUM_REFINED_FACTOR_EXPOSURE_REVIEW_ONLY,230,13,115,-0.0000968237,-0.0022036575,0.4478260870,0.0046539211,-0.0029548698,0.4521739130,0.0096731783,-0.0158393566,0.4521739130,-0.0007501957,-0.0024877046,0.4478260870,0.0010831865,-0.0077837216,0.4043478261,-0.0020418208,-0.0330483425,0.4173913043
alpha_vol_adj_momentum_5d__risk_filtered,alpha_vol_adj_momentum_5d,risk_filtered,volatility_adjusted_momentum,factor_quantile,1,1134,50,115,-0.0003591980,-0.0013798746,0.4470899471,-0.0016037678,-0.0052085430,0.4329805996,-0.0115577367,-0.0277451348,0.3597883598,-0.0010422990,-0.0019631331,0.4250440917,-0.0051275075,-0.0084645692,0.3924162257,-0.0232474142,-0.0361704636,0.3227513228
alpha_vol_adj_momentum_5d__risk_filtered,alpha_vol_adj_momentum_5d,risk_filtered,volatility_adjusted_momentum,factor_quantile,2,1104,50,115,-0.0002755714,-0.0015054831,0.4583333333,-0.0016357198,-0.0047371569,0.4429347826,-0.0053938495,-0.0219322818,0.3949275362,-0.0009090132,-0.0026644955,0.4094202899,-0.0051201425,-0.0084306757,0.3885869565,-0.0170033636,-0.0333140371,0.3432971014
alpha_vol_adj_momentum_5d__risk_filtered,alpha_vol_adj_momentum_5d,risk_filtered,volatility_adjusted_momentum,factor_quantile,3,1087,50,115,0.0010602235,-0.0006226096,0.4737810488,0.0030959125,0.0000000000,0.4940202392,0.0014116396,-0.0132872708,0.4287028519,0.0003519773,-0.0008140260,0.4737810488,-0.0004528955,-0.0033814300,0.4581416743,-0.0104990960,-0.0240609549,0.3762649494
alpha_vol_adj_momentum_5d__risk_filtered,alpha_vol_adj_momentum_5d,risk_filtered,volatility_adjusted_momentum,factor_quantile,4,1104,50,115,0.0003224942,-0.0010515351,0.4701086957,0.0001300469,-0.0028469282,0.4610507246,-0.0067444354,-0.0172250785,0.4221014493,-0.0003109476,-0.0018990300,0.4483695652,-0.0033543758,-0.0057175943,0.4239130435,-0.0183539495,-0.0300979386,0.3586956522
alpha_vol_adj_momentum_5d__risk_filtered,alpha_vol_adj_momentum_5d,risk_filtered,volatility_adjusted_momentum,factor_quantile,5,1036,50,115,-0.0003166262,-0.0020082842,0.4536679537,-0.0010979174,-0.0061263388,0.4430501931,-0.0013368749,-0.0146403199,0.4295366795,-0.0010219656,-0.0036396924,0.4198841699,-0.0046519230,-0.0104576963,0.3996138996,-0.0129794223,-0.0309909010,0.3696911197
alpha_vol_adj_momentum_5d__risk_filtered,alpha_vol_adj_momentum_5d,risk_filtered,volatility_adjusted_momentum,factor_bucket,HIGH_REFINED_FACTOR_EXPOSURE_REVIEW_ONLY,2140,50,115,0.0000130882,-0.0015331547,0.4621495327,-0.0004644256,-0.0043296179,0.4523364486,-0.0041265697,-0.0158211913,0.4257009346,-0.0006551600,-0.0026246278,0.4345794393,-0.0039825342,-0.0075869817,0.4121495327,-0.0157520756,-0.0307604736,0.3640186916
alpha_vol_adj_momentum_5d__risk_filtered,alpha_vol_adj_momentum_5d,risk_filtered,volatility_adjusted_momentum,factor_bucket,INSUFFICIENT_REFINED_FACTOR_EVIDENCE_REVIEW_ONLY,535,50,110,-0.0017467395,-0.0013336297,0.4523364486,0.0072524134,0.0039741220,0.5383177570,0.0168486607,0.0046843394,0.5196261682,-0.0004867846,-0.0016691789,0.4560747664,0.0017090191,-0.0009608605,0.4878504673,0.0022429979,-0.0190566229,0.4317757009
alpha_vol_adj_momentum_5d__risk_filtered,alpha_vol_adj_momentum_5d,risk_filtered,volatility_adjusted_momentum,factor_bucket,LOW_REFINED_FACTOR_EXPOSURE_REVIEW_ONLY,2238,50,115,-0.0003179452,-0.0014576826,0.4526362824,-0.0016195296,-0.0049636930,0.4378909741,-0.0085171060,-0.0254839516,0.3771224307,-0.0009765495,-0.0023602843,0.4173369080,-0.0051238743,-0.0084603772,0.3905272565,-0.0201672391,-0.0344463214,0.3328865058
alpha_vol_adj_momentum_5d__risk_filtered,alpha_vol_adj_momentum_5d,risk_filtered,volatility_adjusted_momentum,factor_bucket,MEDIUM_REFINED_FACTOR_EXPOSURE_REVIEW_ONLY,1087,50,115,0.0010602235,-0.0006226096,0.4737810488,0.0030959125,0.0000000000,0.4940202392,0.0014116396,-0.0132872708,0.4287028519,0.0003519773,-0.0008140260,0.4737810488,-0.0004528955,-0.0033814300,0.4581416743,-0.0104990960,-0.0240609549,0.3762649494
