trade_date,board_id,board_name,board_type,classification_system,open,high,low,close,volume,amount,turnover,constituent_count,positive_constituent_share,negative_constituent_share,trailing_return_5d,trailing_return_20d,trailing_volatility_20d,source_id,source_provider,provider_timestamp,pit_available_date,no_lookahead_status,data_status,non_actionable_disclaimer
2025-11-19,market_breadth_proxy,Market breadth derived proxy,derived_market_breadth,committed_provider02b_cross_section_proxy,,,,,,,,50,0.3400000000,0.6000000000,-0.0154015256,-0.0018344952,,market_breadth_proxy,baostock,2025-11-19,2025-11-19,passed_current_or_past_only,derived_from_committed_provider02b_and_regime01,research_only_not_recommendation_or_position_output
2025-11-19,market_dispersion_proxy,Market dispersion derived proxy,derived_market_dispersion,committed_provider02b_cross_section_proxy,,,,,,,,50,0.3400000000,0.6000000000,-0.0154015256,-0.0018344952,,industry_indices,baostock,2025-11-19,2025-11-19,passed_current_or_past_only,derived_from_committed_provider02b_and_regime01,research_only_not_recommendation_or_position_output
2025-11-19,market_liquidity_proxy,Market liquidity derived proxy,derived_market_liquidity,committed_provider02b_cross_section_proxy,,,,,,,1.3454060000,50,0.3400000000,0.6000000000,-0.0154015256,-0.0018344952,,market_turnover_proxy,baostock,2025-11-19,2025-11-19,passed_current_or_past_only,derived_from_committed_provider02b_and_regime01,research_only_not_recommendation_or_position_output
2025-11-20,market_breadth_proxy,Market breadth derived proxy,derived_market_breadth,committed_provider02b_cross_section_proxy,,,,,,,,50,0.3200000000,0.6800000000,-0.0108534855,-0.0026628341,,market_breadth_proxy,baostock,2025-11-20,2025-11-20,passed_current_or_past_only,derived_from_committed_provider02b_and_regime01,research_only_not_recommendation_or_position_output
2025-11-20,market_dispersion_proxy,Market dispersion derived proxy,derived_market_dispersion,committed_provider02b_cross_section_proxy,,,,,,,,50,0.3200000000,0.6800000000,-0.0108534855,-0.0026628341,,industry_indices,baostock,2025-11-20,2025-11-20,passed_current_or_past_only,derived_from_committed_provider02b_and_regime01,research_only_not_recommendation_or_position_output
2025-11-20,market_liquidity_proxy,Market liquidity derived proxy,derived_market_liquidity,committed_provider02b_cross_section_proxy,,,,,,,1.5511560000,50,0.3200000000,0.6800000000,-0.0108534855,-0.0026628341,,market_turnover_proxy,baostock,2025-11-20,2025-11-20,passed_current_or_past_only,derived_from_committed_provider02b_and_regime01,research_only_not_recommendation_or_position_output
2025-11-21,market_breadth_proxy,Market breadth derived proxy,derived_market_breadth,committed_provider02b_cross_section_proxy,,,,,,,,50,0.0600000000,0.9200000000,0.0164033311,0.0257253243,,market_breadth_proxy,baostock,2025-11-21,2025-11-21,passed_current_or_past_only,derived_from_committed_provider02b_and_regime01,research_only_not_recommendation_or_position_output
2025-11-21,market_dispersion_proxy,Market dispersion derived proxy,derived_market_dispersion,committed_provider02b_cross_section_proxy,,,,,,,,50,0.0600000000,0.9200000000,0.0164033311,0.0257253243,,industry_indices,baostock,2025-11-21,2025-11-21,passed_current_or_past_only,derived_from_committed_provider02b_and_regime01,research_only_not_recommendation_or_position_output
2025-11-21,market_liquidity_proxy,Market liquidity derived proxy,derived_market_liquidity,committed_provider02b_cross_section_proxy,,,,,,,1.6830220000,50,0.0600000000,0.9200000000,0.0164033311,0.0257253243,,market_turnover_proxy,baostock,2025-11-21,2025-11-21,passed_current_or_past_only,derived_from_committed_provider02b_and_regime01,research_only_not_recommendation_or_position_output
2025-11-24,market_breadth_proxy,Market breadth derived proxy,derived_market_breadth,committed_provider02b_cross_section_proxy,,,,,,,,50,0.5200000000,0.4800000000,0.0288750944,0.0367747172,,market_breadth_proxy,baostock,2025-11-24,2025-11-24,passed_current_or_past_only,derived_from_committed_provider02b_and_regime01,research_only_not_recommendation_or_position_output
2025-11-24,market_dispersion_proxy,Market dispersion derived proxy,derived_market_dispersion,committed_provider02b_cross_section_proxy,,,,,,,,50,0.5200000000,0.4800000000,0.0288750944,0.0367747172,,industry_indices,baostock,2025-11-24,2025-11-24,passed_current_or_past_only,derived_from_committed_provider02b_and_regime01,research_only_not_recommendation_or_position_output
2025-11-24,market_liquidity_proxy,Market liquidity derived proxy,derived_market_liquidity,committed_provider02b_cross_section_proxy,,,,,,,1.5497320000,50,0.5200000000,0.4800000000,0.0288750944,0.0367747172,,market_turnover_proxy,baostock,2025-11-24,2025-11-24,passed_current_or_past_only,derived_from_committed_provider02b_and_regime01,research_only_not_recommendation_or_position_output
2025-11-25,market_breadth_proxy,Market breadth derived proxy,derived_market_breadth,committed_provider02b_cross_section_proxy,,,,,,,,50,0.7400000000,0.2000000000,0.0142370241,0.0290239764,,market_breadth_proxy,baostock,2025-11-25,2025-11-25,passed_current_or_past_only,derived_from_committed_provider02b_and_regime01,research_only_not_recommendation_or_position_output
2025-11-25,market_dispersion_proxy,Market dispersion derived proxy,derived_market_dispersion,committed_provider02b_cross_section_proxy,,,,,,,,50,0.7400000000,0.2000000000,0.0142370241,0.0290239764,,industry_indices,baostock,2025-11-25,2025-11-25,passed_current_or_past_only,derived_from_committed_provider02b_and_regime01,research_only_not_recommendation_or_position_output
2025-11-25,market_liquidity_proxy,Market liquidity derived proxy,derived_market_liquidity,committed_provider02b_cross_section_proxy,,,,,,,1.4580080000,50,0.7400000000,0.2000000000,0.0142370241,0.0290239764,,market_turnover_proxy,baostock,2025-11-25,2025-11-25,passed_current_or_past_only,derived_from_committed_provider02b_and_regime01,research_only_not_recommendation_or_position_output
2025-11-26,market_breadth_proxy,Market breadth derived proxy,derived_market_breadth,committed_provider02b_cross_section_proxy,,,,,,,,50,0.5600000000,0.4000000000,0.0029712733,0.0257730748,,market_breadth_proxy,baostock,2025-11-26,2025-11-26,passed_current_or_past_only,derived_from_committed_provider02b_and_regime01,research_only_not_recommendation_or_position_output
2025-11-26,market_dispersion_proxy,Market dispersion derived proxy,derived_market_dispersion,committed_provider02b_cross_section_proxy,,,,,,,,50,0.5600000000,0.4000000000,0.0029712733,0.0257730748,,industry_indices,baostock,2025-11-26,2025-11-26,passed_current_or_past_only,derived_from_committed_provider02b_and_regime01,research_only_not_recommendation_or_position_output
2025-11-26,market_liquidity_proxy,Market liquidity derived proxy,derived_market_liquidity,committed_provider02b_cross_section_proxy,,,,,,,1.4031340000,50,0.5600000000,0.4000000000,0.0029712733,0.0257730748,,market_turnover_proxy,baostock,2025-11-26,2025-11-26,passed_current_or_past_only,derived_from_committed_provider02b_and_regime01,research_only_not_recommendation_or_position_output
2025-11-27,market_breadth_proxy,Market breadth derived proxy,derived_market_breadth,committed_provider02b_cross_section_proxy,,,,,,,,50,0.4000000000,0.5400000000,0.0069016436,0.0281554068,,market_breadth_proxy,baostock,2025-11-27,2025-11-27,passed_current_or_past_only,derived_from_committed_provider02b_and_regime01,research_only_not_recommendation_or_position_output
2025-11-27,market_dispersion_proxy,Market dispersion derived proxy,derived_market_dispersion,committed_provider02b_cross_section_proxy,,,,,,,,50,0.4000000000,0.5400000000,0.0069016436,0.0281554068,,industry_indices,baostock,2025-11-27,2025-11-27,passed_current_or_past_only,derived_from_committed_provider02b_and_regime01,research_only_not_recommendation_or_position_output
2025-11-27,market_liquidity_proxy,Market liquidity derived proxy,derived_market_liquidity,committed_provider02b_cross_section_proxy,,,,,,,1.3681660000,50,0.4000000000,0.5400000000,0.0069016436,0.0281554068,,market_turnover_proxy,baostock,2025-11-27,2025-11-27,passed_current_or_past_only,derived_from_committed_provider02b_and_regime01,research_only_not_recommendation_or_position_output
2025-11-28,market_breadth_proxy,Market breadth derived proxy,derived_market_breadth,committed_provider02b_cross_section_proxy,,,,,,,,50,0.7400000000,0.2400000000,0.0127854046,0.0288465124,,market_breadth_proxy,baostock,2025-11-28,2025-11-28,passed_current_or_past_only,derived_from_committed_provider02b_and_regime01,research_only_not_recommendation_or_position_output
2025-11-28,market_dispersion_proxy,Market dispersion derived proxy,derived_market_dispersion,committed_provider02b_cross_section_proxy,,,,,,,,50,0.7400000000,0.2400000000,0.0127854046,0.0288465124,,industry_indices,baostock,2025-11-28,2025-11-28,passed_current_or_past_only,derived_from_committed_provider02b_and_regime01,research_only_not_recommendation_or_position_output
2025-11-28,market_liquidity_proxy,Market liquidity derived proxy,derived_market_liquidity,committed_provider02b_cross_section_proxy,,,,,,,1.2132440000,50,0.7400000000,0.2400000000,0.0127854046,0.0288465124,,market_turnover_proxy,baostock,2025-11-28,2025-11-28,passed_current_or_past_only,derived_from_committed_provider02b_and_regime01,research_only_not_recommendation_or_position_output
2025-12-01,market_breadth_proxy,Market breadth derived proxy,derived_market_breadth,committed_provider02b_cross_section_proxy,,,,,,,,50,0.6938775510,0.2244897959,0.0098916295,0.0137412210,,market_breadth_proxy,baostock,2025-12-01,2025-12-01,passed_current_or_past_only,derived_from_committed_provider02b_and_regime01,research_only_not_recommendation_or_position_output
2025-12-01,market_dispersion_proxy,Market dispersion derived proxy,derived_market_dispersion,committed_provider02b_cross_section_proxy,,,,,,,,50,0.6938775510,0.2244897959,0.0098916295,0.0137412210,,industry_indices,baostock,2025-12-01,2025-12-01,passed_current_or_past_only,derived_from_committed_provider02b_and_regime01,research_only_not_recommendation_or_position_output
2025-12-01,market_liquidity_proxy,Market liquidity derived proxy,derived_market_liquidity,committed_provider02b_cross_section_proxy,,,,,,,1.4698102041,50,0.6938775510,0.2244897959,0.0098916295,0.0137412210,,market_turnover_proxy,baostock,2025-12-01,2025-12-01,passed_current_or_past_only,derived_from_committed_provider02b_and_regime01,research_only_not_recommendation_or_position_output
2025-12-02,market_breadth_proxy,Market breadth derived proxy,derived_market_breadth,committed_provider02b_cross_section_proxy,,,,,,,,50,0.2857142857,0.6938775510,0.0096366435,0.0212867754,,market_breadth_proxy,baostock,2025-12-02,2025-12-02,passed_current_or_past_only,derived_from_committed_provider02b_and_regime01,research_only_not_recommendation_or_position_output
2025-12-02,market_dispersion_proxy,Market dispersion derived proxy,derived_market_dispersion,committed_provider02b_cross_section_proxy,,,,,,,,50,0.2857142857,0.6938775510,0.0096366435,0.0212867754,,industry_indices,baostock,2025-12-02,2025-12-02,passed_current_or_past_only,derived_from_committed_provider02b_and_regime01,research_only_not_recommendation_or_position_output
2025-12-02,market_liquidity_proxy,Market liquidity derived proxy,derived_market_liquidity,committed_provider02b_cross_section_proxy,,,,,,,1.3281653061,50,0.2857142857,0.6938775510,0.0096366435,0.0212867754,,market_turnover_proxy,baostock,2025-12-02,2025-12-02,passed_current_or_past_only,derived_from_committed_provider02b_and_regime01,research_only_not_recommendation_or_position_output
2025-12-03,market_breadth_proxy,Market breadth derived proxy,derived_market_breadth,committed_provider02b_cross_section_proxy,,,,,,,,50,0.2244897959,0.7551020408,0.0134138265,0.0218251687,,market_breadth_proxy,baostock,2025-12-03,2025-12-03,passed_current_or_past_only,derived_from_committed_provider02b_and_regime01,research_only_not_recommendation_or_position_output
2025-12-03,market_dispersion_proxy,Market dispersion derived proxy,derived_market_dispersion,committed_provider02b_cross_section_proxy,,,,,,,,50,0.2244897959,0.7551020408,0.0134138265,0.0218251687,,industry_indices,baostock,2025-12-03,2025-12-03,passed_current_or_past_only,derived_from_committed_provider02b_and_regime01,research_only_not_recommendation_or_position_output
2025-12-03,market_liquidity_proxy,Market liquidity derived proxy,derived_market_liquidity,committed_provider02b_cross_section_proxy,,,,,,,1.3062408163,50,0.2244897959,0.7551020408,0.0134138265,0.0218251687,,market_turnover_proxy,baostock,2025-12-03,2025-12-03,passed_current_or_past_only,derived_from_committed_provider02b_and_regime01,research_only_not_recommendation_or_position_output
2025-12-04,market_breadth_proxy,Market breadth derived proxy,derived_market_breadth,committed_provider02b_cross_section_proxy,,,,,,,,50,0.5306122449,0.4693877551,0.0012357457,0.0376502365,,market_breadth_proxy,baostock,2025-12-04,2025-12-04,passed_current_or_past_only,derived_from_committed_provider02b_and_regime01,research_only_not_recommendation_or_position_output
2025-12-04,market_dispersion_proxy,Market dispersion derived proxy,derived_market_dispersion,committed_provider02b_cross_section_proxy,,,,,,,,50,0.5306122449,0.4693877551,0.0012357457,0.0376502365,,industry_indices,baostock,2025-12-04,2025-12-04,passed_current_or_past_only,derived_from_committed_provider02b_and_regime01,research_only_not_recommendation_or_position_output
2025-12-04,market_liquidity_proxy,Market liquidity derived proxy,derived_market_liquidity,committed_provider02b_cross_section_proxy,,,,,,,1.0478081633,50,0.5306122449,0.4693877551,0.0012357457,0.0376502365,,market_turnover_proxy,baostock,2025-12-04,2025-12-04,passed_current_or_past_only,derived_from_committed_provider02b_and_regime01,research_only_not_recommendation_or_position_output
2025-12-05,market_breadth_proxy,Market breadth derived proxy,derived_market_breadth,committed_provider02b_cross_section_proxy,,,,,,,,50,0.7551020408,0.2448979592,-0.0007823691,0.0449679017,,market_breadth_proxy,baostock,2025-12-05,2025-12-05,passed_current_or_past_only,derived_from_committed_provider02b_and_regime01,research_only_not_recommendation_or_position_output
2025-12-05,market_dispersion_proxy,Market dispersion derived proxy,derived_market_dispersion,committed_provider02b_cross_section_proxy,,,,,,,,50,0.7551020408,0.2448979592,-0.0007823691,0.0449679017,,industry_indices,baostock,2025-12-05,2025-12-05,passed_current_or_past_only,derived_from_committed_provider02b_and_regime01,research_only_not_recommendation_or_position_output
2025-12-05,market_liquidity_proxy,Market liquidity derived proxy,derived_market_liquidity,committed_provider02b_cross_section_proxy,,,,,,,1.4061877551,50,0.7551020408,0.2448979592,-0.0007823691,0.0449679017,,market_turnover_proxy,baostock,2025-12-05,2025-12-05,passed_current_or_past_only,derived_from_committed_provider02b_and_regime01,research_only_not_recommendation_or_position_output
2025-12-08,market_breadth_proxy,Market breadth derived proxy,derived_market_breadth,committed_provider02b_cross_section_proxy,,,,,,,,50,0.5306122449,0.4693877551,-0.0150797495,0.0335178556,,market_breadth_proxy,baostock,2025-12-08,2025-12-08,passed_current_or_past_only,derived_from_committed_provider02b_and_regime01,research_only_not_recommendation_or_position_output
2025-12-08,market_dispersion_proxy,Market dispersion derived proxy,derived_market_dispersion,committed_provider02b_cross_section_proxy,,,,,,,,50,0.5306122449,0.4693877551,-0.0150797495,0.0335178556,,industry_indices,baostock,2025-12-08,2025-12-08,passed_current_or_past_only,derived_from_committed_provider02b_and_regime01,research_only_not_recommendation_or_position_output
2025-12-08,market_liquidity_proxy,Market liquidity derived proxy,derived_market_liquidity,committed_provider02b_cross_section_proxy,,,,,,,1.5169857143,50,0.5306122449,0.4693877551,-0.0150797495,0.0335178556,,market_turnover_proxy,baostock,2025-12-08,2025-12-08,passed_current_or_past_only,derived_from_committed_provider02b_and_regime01,research_only_not_recommendation_or_position_output
2025-12-09,market_breadth_proxy,Market breadth derived proxy,derived_market_breadth,committed_provider02b_cross_section_proxy,,,,,,,,50,0.1428571429,0.8571428571,-0.0218929564,0.0303226690,,market_breadth_proxy,baostock,2025-12-09,2025-12-09,passed_current_or_past_only,derived_from_committed_provider02b_and_regime01,research_only_not_recommendation_or_position_output
2025-12-09,market_dispersion_proxy,Market dispersion derived proxy,derived_market_dispersion,committed_provider02b_cross_section_proxy,,,,,,,,50,0.1428571429,0.8571428571,-0.0218929564,0.0303226690,,industry_indices,baostock,2025-12-09,2025-12-09,passed_current_or_past_only,derived_from_committed_provider02b_and_regime01,research_only_not_recommendation_or_position_output
2025-12-09,market_liquidity_proxy,Market liquidity derived proxy,derived_market_liquidity,committed_provider02b_cross_section_proxy,,,,,,,1.2927102041,50,0.1428571429,0.8571428571,-0.0218929564,0.0303226690,,market_turnover_proxy,baostock,2025-12-09,2025-12-09,passed_current_or_past_only,derived_from_committed_provider02b_and_regime01,research_only_not_recommendation_or_position_output
2025-12-10,market_breadth_proxy,Market breadth derived proxy,derived_market_breadth,committed_provider02b_cross_section_proxy,,,,,,,,50,0.6938775510,0.2857142857,-0.0026029507,0.0363896090,,market_breadth_proxy,baostock,2025-12-10,2025-12-10,passed_current_or_past_only,derived_from_committed_provider02b_and_regime01,research_only_not_recommendation_or_position_output
2025-12-10,market_dispersion_proxy,Market dispersion derived proxy,derived_market_dispersion,committed_provider02b_cross_section_proxy,,,,,,,,50,0.6938775510,0.2857142857,-0.0026029507,0.0363896090,,industry_indices,baostock,2025-12-10,2025-12-10,passed_current_or_past_only,derived_from_committed_provider02b_and_regime01,research_only_not_recommendation_or_position_output
2025-12-10,market_liquidity_proxy,Market liquidity derived proxy,derived_market_liquidity,committed_provider02b_cross_section_proxy,,,,,,,1.2837326531,50,0.6938775510,0.2857142857,-0.0026029507,0.0363896090,,market_turnover_proxy,baostock,2025-12-10,2025-12-10,passed_current_or_past_only,derived_from_committed_provider02b_and_regime01,research_only_not_recommendation_or_position_output
2025-12-11,market_breadth_proxy,Market breadth derived proxy,derived_market_breadth,committed_provider02b_cross_section_proxy,,,,,,,,50,0.1428571429,0.8571428571,0.0001335183,0.0522234291,,market_breadth_proxy,baostock,2025-12-11,2025-12-11,passed_current_or_past_only,derived_from_committed_provider02b_and_regime01,research_only_not_recommendation_or_position_output
2025-12-11,market_dispersion_proxy,Market dispersion derived proxy,derived_market_dispersion,committed_provider02b_cross_section_proxy,,,,,,,,50,0.1428571429,0.8571428571,0.0001335183,0.0522234291,,industry_indices,baostock,2025-12-11,2025-12-11,passed_current_or_past_only,derived_from_committed_provider02b_and_regime01,research_only_not_recommendation_or_position_output
2025-12-11,market_liquidity_proxy,Market liquidity derived proxy,derived_market_liquidity,committed_provider02b_cross_section_proxy,,,,,,,1.4050938776,50,0.1428571429,0.8571428571,0.0001335183,0.0522234291,,market_turnover_proxy,baostock,2025-12-11,2025-12-11,passed_current_or_past_only,derived_from_committed_provider02b_and_regime01,research_only_not_recommendation_or_position_output
2025-12-12,market_breadth_proxy,Market breadth derived proxy,derived_market_breadth,committed_provider02b_cross_section_proxy,,,,,,,,50,0.7755102041,0.2244897959,-0.0027880461,0.0393111473,,market_breadth_proxy,baostock,2025-12-12,2025-12-12,passed_current_or_past_only,derived_from_committed_provider02b_and_regime01,research_only_not_recommendation_or_position_output
2025-12-12,market_dispersion_proxy,Market dispersion derived proxy,derived_market_dispersion,committed_provider02b_cross_section_proxy,,,,,,,,50,0.7755102041,0.2244897959,-0.0027880461,0.0393111473,,industry_indices,baostock,2025-12-12,2025-12-12,passed_current_or_past_only,derived_from_committed_provider02b_and_regime01,research_only_not_recommendation_or_position_output
2025-12-12,market_liquidity_proxy,Market liquidity derived proxy,derived_market_liquidity,committed_provider02b_cross_section_proxy,,,,,,,1.5803551020,50,0.7755102041,0.2244897959,-0.0027880461,0.0393111473,,market_turnover_proxy,baostock,2025-12-12,2025-12-12,passed_current_or_past_only,derived_from_committed_provider02b_and_regime01,research_only_not_recommendation_or_position_output
2025-12-15,market_breadth_proxy,Market breadth derived proxy,derived_market_breadth,committed_provider02b_cross_section_proxy,,,,,,,,50,0.3600000000,0.6400000000,0.0130850440,0.0417110092,,market_breadth_proxy,baostock,2025-12-15,2025-12-15,passed_current_or_past_only,derived_from_committed_provider02b_and_regime01,research_only_not_recommendation_or_position_output
2025-12-15,market_dispersion_proxy,Market dispersion derived proxy,derived_market_dispersion,committed_provider02b_cross_section_proxy,,,,,,,,50,0.3600000000,0.6400000000,0.0130850440,0.0417110092,,industry_indices,baostock,2025-12-15,2025-12-15,passed_current_or_past_only,derived_from_committed_provider02b_and_regime01,research_only_not_recommendation_or_position_output
2025-12-15,market_liquidity_proxy,Market liquidity derived proxy,derived_market_liquidity,committed_provider02b_cross_section_proxy,,,,,,,1.3522400000,50,0.3600000000,0.6400000000,0.0130850440,0.0417110092,,market_turnover_proxy,baostock,2025-12-15,2025-12-15,passed_current_or_past_only,derived_from_committed_provider02b_and_regime01,research_only_not_recommendation_or_position_output
2025-12-16,market_breadth_proxy,Market breadth derived proxy,derived_market_breadth,committed_provider02b_cross_section_proxy,,,,,,,,50,0.2200000000,0.7800000000,0.0273881284,0.0564472982,0.0093132933,market_breadth_proxy,baostock,2025-12-16,2025-12-16,passed_current_or_past_only,derived_from_committed_provider02b_and_regime01,research_only_not_recommendation_or_position_output
2025-12-16,market_dispersion_proxy,Market dispersion derived proxy,derived_market_dispersion,committed_provider02b_cross_section_proxy,,,,,,,,50,0.2200000000,0.7800000000,0.0273881284,0.0564472982,0.0093132933,industry_indices,baostock,2025-12-16,2025-12-16,passed_current_or_past_only,derived_from_committed_provider02b_and_regime01,research_only_not_recommendation_or_position_output
2025-12-16,market_liquidity_proxy,Market liquidity derived proxy,derived_market_liquidity,committed_provider02b_cross_section_proxy,,,,,,,1.2641400000,50,0.2200000000,0.7800000000,0.0273881284,0.0564472982,0.0093132933,market_turnover_proxy,baostock,2025-12-16,2025-12-16,passed_current_or_past_only,derived_from_committed_provider02b_and_regime01,research_only_not_recommendation_or_position_output
2025-12-17,market_breadth_proxy,Market breadth derived proxy,derived_market_breadth,committed_provider02b_cross_section_proxy,,,,,,,,50,0.9000000000,0.0800000000,0.0118308032,0.0331881984,0.0093373383,market_breadth_proxy,baostock,2025-12-17,2025-12-17,passed_current_or_past_only,derived_from_committed_provider02b_and_regime01,research_only_not_recommendation_or_position_output
2025-12-17,market_dispersion_proxy,Market dispersion derived proxy,derived_market_dispersion,committed_provider02b_cross_section_proxy,,,,,,,,50,0.9000000000,0.0800000000,0.0118308032,0.0331881984,0.0093373383,industry_indices,baostock,2025-12-17,2025-12-17,passed_current_or_past_only,derived_from_committed_provider02b_and_regime01,research_only_not_recommendation_or_position_output
2025-12-17,market_liquidity_proxy,Market liquidity derived proxy,derived_market_liquidity,committed_provider02b_cross_section_proxy,,,,,,,1.4805680000,50,0.9000000000,0.0800000000,0.0118308032,0.0331881984,0.0093373383,market_turnover_proxy,baostock,2025-12-17,2025-12-17,passed_current_or_past_only,derived_from_committed_provider02b_and_regime01,research_only_not_recommendation_or_position_output
2025-12-18,market_breadth_proxy,Market breadth derived proxy,derived_market_breadth,committed_provider02b_cross_section_proxy,,,,,,,,50,0.2000000000,0.8000000000,0.0197116600,0.0399014442,0.0075055519,market_breadth_proxy,baostock,2025-12-18,2025-12-18,passed_current_or_past_only,derived_from_committed_provider02b_and_regime01,research_only_not_recommendation_or_position_output
2025-12-18,market_dispersion_proxy,Market dispersion derived proxy,derived_market_dispersion,committed_provider02b_cross_section_proxy,,,,,,,,50,0.2000000000,0.8000000000,0.0197116600,0.0399014442,0.0075055519,industry_indices,baostock,2025-12-18,2025-12-18,passed_current_or_past_only,derived_from_committed_provider02b_and_regime01,research_only_not_recommendation_or_position_output
2025-12-18,market_liquidity_proxy,Market liquidity derived proxy,derived_market_liquidity,committed_provider02b_cross_section_proxy,,,,,,,1.1172020000,50,0.2000000000,0.8000000000,0.0197116600,0.0399014442,0.0075055519,market_turnover_proxy,baostock,2025-12-18,2025-12-18,passed_current_or_past_only,derived_from_committed_provider02b_and_regime01,research_only_not_recommendation_or_position_output
2025-12-19,market_breadth_proxy,Market breadth derived proxy,derived_market_breadth,committed_provider02b_cross_section_proxy,,,,,,,,50,0.7600000000,0.1800000000,0.0194961532,0.0329891035,0.0076870652,market_breadth_proxy,baostock,2025-12-19,2025-12-19,passed_current_or_past_only,derived_from_committed_provider02b_and_regime01,research_only_not_recommendation_or_position_output
2025-12-19,market_dispersion_proxy,Market dispersion derived proxy,derived_market_dispersion,committed_provider02b_cross_section_proxy,,,,,,,,50,0.7600000000,0.1800000000,0.0194961532,0.0329891035,0.0076870652,industry_indices,baostock,2025-12-19,2025-12-19,passed_current_or_past_only,derived_from_committed_provider02b_and_regime01,research_only_not_recommendation_or_position_output
2025-12-19,market_liquidity_proxy,Market liquidity derived proxy,derived_market_liquidity,committed_provider02b_cross_section_proxy,,,,,,,1.2388640000,50,0.7600000000,0.1800000000,0.0194961532,0.0329891035,0.0076870652,market_turnover_proxy,baostock,2025-12-19,2025-12-19,passed_current_or_past_only,derived_from_committed_provider02b_and_regime01,research_only_not_recommendation_or_position_output
2025-12-22,market_breadth_proxy,Market breadth derived proxy,derived_market_breadth,committed_provider02b_cross_section_proxy,,,,,,,,50,0.5400000000,0.4200000000,0.0060171001,0.0241662616,0.0074830481,market_breadth_proxy,baostock,2025-12-22,2025-12-22,passed_current_or_past_only,derived_from_committed_provider02b_and_regime01,research_only_not_recommendation_or_position_output
2025-12-22,market_dispersion_proxy,Market dispersion derived proxy,derived_market_dispersion,committed_provider02b_cross_section_proxy,,,,,,,,50,0.5400000000,0.4200000000,0.0060171001,0.0241662616,0.0074830481,industry_indices,baostock,2025-12-22,2025-12-22,passed_current_or_past_only,derived_from_committed_provider02b_and_regime01,research_only_not_recommendation_or_position_output
2025-12-22,market_liquidity_proxy,Market liquidity derived proxy,derived_market_liquidity,committed_provider02b_cross_section_proxy,,,,,,,1.3403460000,50,0.5400000000,0.4200000000,0.0060171001,0.0241662616,0.0074830481,market_turnover_proxy,baostock,2025-12-22,2025-12-22,passed_current_or_past_only,derived_from_committed_provider02b_and_regime01,research_only_not_recommendation_or_position_output
2025-12-23,market_breadth_proxy,Market breadth derived proxy,derived_market_breadth,committed_provider02b_cross_section_proxy,,,,,,,,50,0.3600000000,0.5800000000,0.0066110058,0.0222854200,0.0074170756,market_breadth_proxy,baostock,2025-12-23,2025-12-23,passed_current_or_past_only,derived_from_committed_provider02b_and_regime01,research_only_not_recommendation_or_position_output
2025-12-23,market_dispersion_proxy,Market dispersion derived proxy,derived_market_dispersion,committed_provider02b_cross_section_proxy,,,,,,,,50,0.3600000000,0.5800000000,0.0066110058,0.0222854200,0.0074170756,industry_indices,baostock,2025-12-23,2025-12-23,passed_current_or_past_only,derived_from_committed_provider02b_and_regime01,research_only_not_recommendation_or_position_output
2025-12-23,market_liquidity_proxy,Market liquidity derived proxy,derived_market_liquidity,committed_provider02b_cross_section_proxy,,,,,,,1.2725300000,50,0.3600000000,0.5800000000,0.0066110058,0.0222854200,0.0074170756,market_turnover_proxy,baostock,2025-12-23,2025-12-23,passed_current_or_past_only,derived_from_committed_provider02b_and_regime01,research_only_not_recommendation_or_position_output
2025-12-24,market_breadth_proxy,Market breadth derived proxy,derived_market_breadth,committed_provider02b_cross_section_proxy,,,,,,,,50,0.5400000000,0.4400000000,-0.0008888753,0.0147684796,0.0074062708,market_breadth_proxy,baostock,2025-12-24,2025-12-24,passed_current_or_past_only,derived_from_committed_provider02b_and_regime01,research_only_not_recommendation_or_position_output
2025-12-24,market_dispersion_proxy,Market dispersion derived proxy,derived_market_dispersion,committed_provider02b_cross_section_proxy,,,,,,,,50,0.5400000000,0.4400000000,-0.0008888753,0.0147684796,0.0074062708,industry_indices,baostock,2025-12-24,2025-12-24,passed_current_or_past_only,derived_from_committed_provider02b_and_regime01,research_only_not_recommendation_or_position_output
2025-12-24,market_liquidity_proxy,Market liquidity derived proxy,derived_market_liquidity,committed_provider02b_cross_section_proxy,,,,,,,1.2556640000,50,0.5400000000,0.4400000000,-0.0008888753,0.0147684796,0.0074062708,market_turnover_proxy,baostock,2025-12-24,2025-12-24,passed_current_or_past_only,derived_from_committed_provider02b_and_regime01,research_only_not_recommendation_or_position_output
2025-12-25,market_breadth_proxy,Market breadth derived proxy,derived_market_breadth,committed_provider02b_cross_section_proxy,,,,,,,,50,0.5600000000,0.3800000000,0.0162001985,0.0138778254,0.0074126228,market_breadth_proxy,baostock,2025-12-25,2025-12-25,passed_current_or_past_only,derived_from_committed_provider02b_and_regime01,research_only_not_recommendation_or_position_output
2025-12-25,market_dispersion_proxy,Market dispersion derived proxy,derived_market_dispersion,committed_provider02b_cross_section_proxy,,,,,,,,50,0.5600000000,0.3800000000,0.0162001985,0.0138778254,0.0074126228,industry_indices,baostock,2025-12-25,2025-12-25,passed_current_or_past_only,derived_from_committed_provider02b_and_regime01,research_only_not_recommendation_or_position_output
2025-12-25,market_liquidity_proxy,Market liquidity derived proxy,derived_market_liquidity,committed_provider02b_cross_section_proxy,,,,,,,1.1015960000,50,0.5600000000,0.3800000000,0.0162001985,0.0138778254,0.0074126228,market_turnover_proxy,baostock,2025-12-25,2025-12-25,passed_current_or_past_only,derived_from_committed_provider02b_and_regime01,research_only_not_recommendation_or_position_output
2025-12-26,market_breadth_proxy,Market breadth derived proxy,derived_market_breadth,committed_provider02b_cross_section_proxy,,,,,,,,50,0.4600000000,0.5000000000,0.0286551262,0.0104035437,0.0071573350,market_breadth_proxy,baostock,2025-12-26,2025-12-26,passed_current_or_past_only,derived_from_committed_provider02b_and_regime01,research_only_not_recommendation_or_position_output
2025-12-26,market_dispersion_proxy,Market dispersion derived proxy,derived_market_dispersion,committed_provider02b_cross_section_proxy,,,,,,,,50,0.4600000000,0.5000000000,0.0286551262,0.0104035437,0.0071573350,industry_indices,baostock,2025-12-26,2025-12-26,passed_current_or_past_only,derived_from_committed_provider02b_and_regime01,research_only_not_recommendation_or_position_output
2025-12-26,market_liquidity_proxy,Market liquidity derived proxy,derived_market_liquidity,committed_provider02b_cross_section_proxy,,,,,,,1.4754200000,50,0.4600000000,0.5000000000,0.0286551262,0.0104035437,0.0071573350,market_turnover_proxy,baostock,2025-12-26,2025-12-26,passed_current_or_past_only,derived_from_committed_provider02b_and_regime01,research_only_not_recommendation_or_position_output
2025-12-29,market_breadth_proxy,Market breadth derived proxy,derived_market_breadth,committed_provider02b_cross_section_proxy,,,,,,,,50,0.2800000000,0.7000000000,0.0295931641,0.0169461079,0.0070515151,market_breadth_proxy,baostock,2025-12-29,2025-12-29,passed_current_or_past_only,derived_from_committed_provider02b_and_regime01,research_only_not_recommendation_or_position_output
2025-12-29,market_dispersion_proxy,Market dispersion derived proxy,derived_market_dispersion,committed_provider02b_cross_section_proxy,,,,,,,,50,0.2800000000,0.7000000000,0.0295931641,0.0169461079,0.0070515151,industry_indices,baostock,2025-12-29,2025-12-29,passed_current_or_past_only,derived_from_committed_provider02b_and_regime01,research_only_not_recommendation_or_position_output
2025-12-29,market_liquidity_proxy,Market liquidity derived proxy,derived_market_liquidity,committed_provider02b_cross_section_proxy,,,,,,,1.4458320000,50,0.2800000000,0.7000000000,0.0295931641,0.0169461079,0.0070515151,market_turnover_proxy,baostock,2025-12-29,2025-12-29,passed_current_or_past_only,derived_from_committed_provider02b_and_regime01,research_only_not_recommendation_or_position_output
2025-12-30,market_breadth_proxy,Market breadth derived proxy,derived_market_breadth,committed_provider02b_cross_section_proxy,,,,,,,,50,0.5400000000,0.4400000000,0.0185694619,0.0220558342,0.0070293814,market_breadth_proxy,baostock,2025-12-30,2025-12-30,passed_current_or_past_only,derived_from_committed_provider02b_and_regime01,research_only_not_recommendation_or_position_output
2025-12-30,market_dispersion_proxy,Market dispersion derived proxy,derived_market_dispersion,committed_provider02b_cross_section_proxy,,,,,,,,50,0.5400000000,0.4400000000,0.0185694619,0.0220558342,0.0070293814,industry_indices,baostock,2025-12-30,2025-12-30,passed_current_or_past_only,derived_from_committed_provider02b_and_regime01,research_only_not_recommendation_or_position_output
2025-12-30,market_liquidity_proxy,Market liquidity derived proxy,derived_market_liquidity,committed_provider02b_cross_section_proxy,,,,,,,1.3847200000,50,0.5400000000,0.4400000000,0.0185694619,0.0220558342,0.0070293814,market_turnover_proxy,baostock,2025-12-30,2025-12-30,passed_current_or_past_only,derived_from_committed_provider02b_and_regime01,research_only_not_recommendation_or_position_output
2025-12-31,market_breadth_proxy,Market breadth derived proxy,derived_market_breadth,committed_provider02b_cross_section_proxy,,,,,,,,50,0.2600000000,0.7200000000,0.0278583770,0.0165014251,0.0080304756,market_breadth_proxy,baostock,2025-12-31,2025-12-31,passed_current_or_past_only,derived_from_committed_provider02b_and_regime01,research_only_not_recommendation_or_position_output
2025-12-31,market_dispersion_proxy,Market dispersion derived proxy,derived_market_dispersion,committed_provider02b_cross_section_proxy,,,,,,,,50,0.2600000000,0.7200000000,0.0278583770,0.0165014251,0.0080304756,industry_indices,baostock,2025-12-31,2025-12-31,passed_current_or_past_only,derived_from_committed_provider02b_and_regime01,research_only_not_recommendation_or_position_output
2025-12-31,market_liquidity_proxy,Market liquidity derived proxy,derived_market_liquidity,committed_provider02b_cross_section_proxy,,,,,,,1.1982880000,50,0.2600000000,0.7200000000,0.0278583770,0.0165014251,0.0080304756,market_turnover_proxy,baostock,2025-12-31,2025-12-31,passed_current_or_past_only,derived_from_committed_provider02b_and_regime01,research_only_not_recommendation_or_position_output
2026-01-05,market_breadth_proxy,Market breadth derived proxy,derived_market_breadth,committed_provider02b_cross_section_proxy,,,,,,,,50,0.8600000000,0.1400000000,0.0152975180,-0.0236905096,0.0084552408,market_breadth_proxy,baostock,2026-01-05,2026-01-05,passed_current_or_past_only,derived_from_committed_provider02b_and_regime01,research_only_not_recommendation_or_position_output
2026-01-05,market_dispersion_proxy,Market dispersion derived proxy,derived_market_dispersion,committed_provider02b_cross_section_proxy,,,,,,,,50,0.8600000000,0.1400000000,0.0152975180,-0.0236905096,0.0084552408,industry_indices,baostock,2026-01-05,2026-01-05,passed_current_or_past_only,derived_from_committed_provider02b_and_regime01,research_only_not_recommendation_or_position_output
2026-01-05,market_liquidity_proxy,Market liquidity derived proxy,derived_market_liquidity,committed_provider02b_cross_section_proxy,,,,,,,1.6778720000,50,0.8600000000,0.1400000000,0.0152975180,-0.0236905096,0.0084552408,market_turnover_proxy,baostock,2026-01-05,2026-01-05,passed_current_or_past_only,derived_from_committed_provider02b_and_regime01,research_only_not_recommendation_or_position_output
2026-01-06,market_breadth_proxy,Market breadth derived proxy,derived_market_breadth,committed_provider02b_cross_section_proxy,,,,,,,,50,0.8600000000,0.1000000000,-0.0061914623,-0.0272583483,0.0084137372,market_breadth_proxy,baostock,2026-01-06,2026-01-06,passed_current_or_past_only,derived_from_committed_provider02b_and_regime01,research_only_not_recommendation_or_position_output
2026-01-06,market_dispersion_proxy,Market dispersion derived proxy,derived_market_dispersion,committed_provider02b_cross_section_proxy,,,,,,,,50,0.8600000000,0.1000000000,-0.0061914623,-0.0272583483,0.0084137372,industry_indices,baostock,2026-01-06,2026-01-06,passed_current_or_past_only,derived_from_committed_provider02b_and_regime01,research_only_not_recommendation_or_position_output
2026-01-06,market_liquidity_proxy,Market liquidity derived proxy,derived_market_liquidity,committed_provider02b_cross_section_proxy,,,,,,,2.3037580000,50,0.8600000000,0.1000000000,-0.0061914623,-0.0272583483,0.0084137372,market_turnover_proxy,baostock,2026-01-06,2026-01-06,passed_current_or_past_only,derived_from_committed_provider02b_and_regime01,research_only_not_recommendation_or_position_output
2026-01-07,market_breadth_proxy,Market breadth derived proxy,derived_market_breadth,committed_provider02b_cross_section_proxy,,,,,,,,50,0.1800000000,0.8200000000,-0.0072718506,-0.0163257392,0.0085629821,market_breadth_proxy,baostock,2026-01-07,2026-01-07,passed_current_or_past_only,derived_from_committed_provider02b_and_regime01,research_only_not_recommendation_or_position_output
2026-01-07,market_dispersion_proxy,Market dispersion derived proxy,derived_market_dispersion,committed_provider02b_cross_section_proxy,,,,,,,,50,0.1800000000,0.8200000000,-0.0072718506,-0.0163257392,0.0085629821,industry_indices,baostock,2026-01-07,2026-01-07,passed_current_or_past_only,derived_from_committed_provider02b_and_regime01,research_only_not_recommendation_or_position_output
2026-01-07,market_liquidity_proxy,Market liquidity derived proxy,derived_market_liquidity,committed_provider02b_cross_section_proxy,,,,,,,1.9041200000,50,0.1800000000,0.8200000000,-0.0072718506,-0.0163257392,0.0085629821,market_turnover_proxy,baostock,2026-01-07,2026-01-07,passed_current_or_past_only,derived_from_committed_provider02b_and_regime01,research_only_not_recommendation_or_position_output
2026-01-08,market_breadth_proxy,Market breadth derived proxy,derived_market_breadth,committed_provider02b_cross_section_proxy,,,,,,,,50,0.2200000000,0.7400000000,0.0029077052,-0.0141915821,0.0085585497,market_breadth_proxy,baostock,2026-01-08,2026-01-08,passed_current_or_past_only,derived_from_committed_provider02b_and_regime01,research_only_not_recommendation_or_position_output
2026-01-08,market_dispersion_proxy,Market dispersion derived proxy,derived_market_dispersion,committed_provider02b_cross_section_proxy,,,,,,,,50,0.2200000000,0.7400000000,0.0029077052,-0.0141915821,0.0085585497,industry_indices,baostock,2026-01-08,2026-01-08,passed_current_or_past_only,derived_from_committed_provider02b_and_regime01,research_only_not_recommendation_or_position_output
2026-01-08,market_liquidity_proxy,Market liquidity derived proxy,derived_market_liquidity,committed_provider02b_cross_section_proxy,,,,,,,1.7547680000,50,0.2200000000,0.7400000000,0.0029077052,-0.0141915821,0.0085585497,market_turnover_proxy,baostock,2026-01-08,2026-01-08,passed_current_or_past_only,derived_from_committed_provider02b_and_regime01,research_only_not_recommendation_or_position_output
2026-01-09,market_breadth_proxy,Market breadth derived proxy,derived_market_breadth,committed_provider02b_cross_section_proxy,,,,,,,,50,0.8400000000,0.1600000000,-0.0056839132,-0.0242336810,0.0082646780,market_breadth_proxy,baostock,2026-01-09,2026-01-09,passed_current_or_past_only,derived_from_committed_provider02b_and_regime01,research_only_not_recommendation_or_position_output
2026-01-09,market_dispersion_proxy,Market dispersion derived proxy,derived_market_dispersion,committed_provider02b_cross_section_proxy,,,,,,,,50,0.8400000000,0.1600000000,-0.0056839132,-0.0242336810,0.0082646780,industry_indices,baostock,2026-01-09,2026-01-09,passed_current_or_past_only,derived_from_committed_provider02b_and_regime01,research_only_not_recommendation_or_position_output
2026-01-09,market_liquidity_proxy,Market liquidity derived proxy,derived_market_liquidity,committed_provider02b_cross_section_proxy,,,,,,,1.7914140000,50,0.8400000000,0.1600000000,-0.0056839132,-0.0242336810,0.0082646780,market_turnover_proxy,baostock,2026-01-09,2026-01-09,passed_current_or_past_only,derived_from_committed_provider02b_and_regime01,research_only_not_recommendation_or_position_output
2026-01-12,market_breadth_proxy,Market breadth derived proxy,derived_market_breadth,committed_provider02b_cross_section_proxy,,,,,,,,50,0.6600000000,0.3200000000,-0.0115784715,-0.0147934969,0.0084222530,market_breadth_proxy,baostock,2026-01-12,2026-01-12,passed_current_or_past_only,derived_from_committed_provider02b_and_regime01,research_only_not_recommendation_or_position_output
2026-01-12,market_dispersion_proxy,Market dispersion derived proxy,derived_market_dispersion,committed_provider02b_cross_section_proxy,,,,,,,,50,0.6600000000,0.3200000000,-0.0115784715,-0.0147934969,0.0084222530,industry_indices,baostock,2026-01-12,2026-01-12,passed_current_or_past_only,derived_from_committed_provider02b_and_regime01,research_only_not_recommendation_or_position_output
2026-01-12,market_liquidity_proxy,Market liquidity derived proxy,derived_market_liquidity,committed_provider02b_cross_section_proxy,,,,,,,2.3147880000,50,0.6600000000,0.3200000000,-0.0115784715,-0.0147934969,0.0084222530,market_turnover_proxy,baostock,2026-01-12,2026-01-12,passed_current_or_past_only,derived_from_committed_provider02b_and_regime01,research_only_not_recommendation_or_position_output
2026-01-13,market_breadth_proxy,Market breadth derived proxy,derived_market_breadth,committed_provider02b_cross_section_proxy,,,,,,,,50,0.2800000000,0.7000000000,-0.0088540040,-0.0077161416,0.0083238491,market_breadth_proxy,baostock,2026-01-13,2026-01-13,passed_current_or_past_only,derived_from_committed_provider02b_and_regime01,research_only_not_recommendation_or_position_output
2026-01-13,market_dispersion_proxy,Market dispersion derived proxy,derived_market_dispersion,committed_provider02b_cross_section_proxy,,,,,,,,50,0.2800000000,0.7000000000,-0.0088540040,-0.0077161416,0.0083238491,industry_indices,baostock,2026-01-13,2026-01-13,passed_current_or_past_only,derived_from_committed_provider02b_and_regime01,research_only_not_recommendation_or_position_output
2026-01-13,market_liquidity_proxy,Market liquidity derived proxy,derived_market_liquidity,committed_provider02b_cross_section_proxy,,,,,,,2.3525080000,50,0.2800000000,0.7000000000,-0.0088540040,-0.0077161416,0.0083238491,market_turnover_proxy,baostock,2026-01-13,2026-01-13,passed_current_or_past_only,derived_from_committed_provider02b_and_regime01,research_only_not_recommendation_or_position_output
2026-01-14,market_breadth_proxy,Market breadth derived proxy,derived_market_breadth,committed_provider02b_cross_section_proxy,,,,,,,,50,0.4200000000,0.5600000000,-0.0039775782,-0.0059284081,0.0076761526,market_breadth_proxy,baostock,2026-01-14,2026-01-14,passed_current_or_past_only,derived_from_committed_provider02b_and_regime01,research_only_not_recommendation_or_position_output
2026-01-14,market_dispersion_proxy,Market dispersion derived proxy,derived_market_dispersion,committed_provider02b_cross_section_proxy,,,,,,,,50,0.4200000000,0.5600000000,-0.0039775782,-0.0059284081,0.0076761526,industry_indices,baostock,2026-01-14,2026-01-14,passed_current_or_past_only,derived_from_committed_provider02b_and_regime01,research_only_not_recommendation_or_position_output
2026-01-14,market_liquidity_proxy,Market liquidity derived proxy,derived_market_liquidity,committed_provider02b_cross_section_proxy,,,,,,,2.6757320000,50,0.4200000000,0.5600000000,-0.0039775782,-0.0059284081,0.0076761526,market_turnover_proxy,baostock,2026-01-14,2026-01-14,passed_current_or_past_only,derived_from_committed_provider02b_and_regime01,research_only_not_recommendation_or_position_output
2026-01-15,market_breadth_proxy,Market breadth derived proxy,derived_market_breadth,committed_provider02b_cross_section_proxy,,,,,,,,50,0.5400000000,0.4400000000,-0.0058340761,-0.0067035197,0.0069276680,market_breadth_proxy,baostock,2026-01-15,2026-01-15,passed_current_or_past_only,derived_from_committed_provider02b_and_regime01,research_only_not_recommendation_or_position_output
2026-01-15,market_dispersion_proxy,Market dispersion derived proxy,derived_market_dispersion,committed_provider02b_cross_section_proxy,,,,,,,,50,0.5400000000,0.4400000000,-0.0058340761,-0.0067035197,0.0069276680,industry_indices,baostock,2026-01-15,2026-01-15,passed_current_or_past_only,derived_from_committed_provider02b_and_regime01,research_only_not_recommendation_or_position_output
2026-01-15,market_liquidity_proxy,Market liquidity derived proxy,derived_market_liquidity,committed_provider02b_cross_section_proxy,,,,,,,1.9996880000,50,0.5400000000,0.4400000000,-0.0058340761,-0.0067035197,0.0069276680,market_turnover_proxy,baostock,2026-01-15,2026-01-15,passed_current_or_past_only,derived_from_committed_provider02b_and_regime01,research_only_not_recommendation_or_position_output
2026-01-16,market_breadth_proxy,Market breadth derived proxy,derived_market_breadth,committed_provider02b_cross_section_proxy,,,,,,,,50,0.3800000000,0.6200000000,-0.0062081550,-0.0151033646,0.0067144678,market_breadth_proxy,baostock,2026-01-16,2026-01-16,passed_current_or_past_only,derived_from_committed_provider02b_and_regime01,research_only_not_recommendation_or_position_output
2026-01-16,market_dispersion_proxy,Market dispersion derived proxy,derived_market_dispersion,committed_provider02b_cross_section_proxy,,,,,,,,50,0.3800000000,0.6200000000,-0.0062081550,-0.0151033646,0.0067144678,industry_indices,baostock,2026-01-16,2026-01-16,passed_current_or_past_only,derived_from_committed_provider02b_and_regime01,research_only_not_recommendation_or_position_output
2026-01-16,market_liquidity_proxy,Market liquidity derived proxy,derived_market_liquidity,committed_provider02b_cross_section_proxy,,,,,,,1.9706860000,50,0.3800000000,0.6200000000,-0.0062081550,-0.0151033646,0.0067144678,market_turnover_proxy,baostock,2026-01-16,2026-01-16,passed_current_or_past_only,derived_from_committed_provider02b_and_regime01,research_only_not_recommendation_or_position_output
2026-01-19,market_breadth_proxy,Market breadth derived proxy,derived_market_breadth,committed_provider02b_cross_section_proxy,,,,,,,,50,0.4600000000,0.5200000000,-0.0058067077,-0.0056842016,0.0068017746,market_breadth_proxy,baostock,2026-01-19,2026-01-19,passed_current_or_past_only,derived_from_committed_provider02b_and_regime01,research_only_not_recommendation_or_position_output
2026-01-19,market_dispersion_proxy,Market dispersion derived proxy,derived_market_dispersion,committed_provider02b_cross_section_proxy,,,,,,,,50,0.4600000000,0.5200000000,-0.0058067077,-0.0056842016,0.0068017746,industry_indices,baostock,2026-01-19,2026-01-19,passed_current_or_past_only,derived_from_committed_provider02b_and_regime01,research_only_not_recommendation_or_position_output
2026-01-19,market_liquidity_proxy,Market liquidity derived proxy,derived_market_liquidity,committed_provider02b_cross_section_proxy,,,,,,,1.7080100000,50,0.4600000000,0.5200000000,-0.0058067077,-0.0056842016,0.0068017746,market_turnover_proxy,baostock,2026-01-19,2026-01-19,passed_current_or_past_only,derived_from_committed_provider02b_and_regime01,research_only_not_recommendation_or_position_output
2026-01-20,market_breadth_proxy,Market breadth derived proxy,derived_market_breadth,committed_provider02b_cross_section_proxy,,,,,,,,50,0.4800000000,0.5200000000,-0.0027943930,0.0036041617,0.0065586209,market_breadth_proxy,baostock,2026-01-20,2026-01-20,passed_current_or_past_only,derived_from_committed_provider02b_and_regime01,research_only_not_recommendation_or_position_output
2026-01-20,market_dispersion_proxy,Market dispersion derived proxy,derived_market_dispersion,committed_provider02b_cross_section_proxy,,,,,,,,50,0.4800000000,0.5200000000,-0.0027943930,0.0036041617,0.0065586209,industry_indices,baostock,2026-01-20,2026-01-20,passed_current_or_past_only,derived_from_committed_provider02b_and_regime01,research_only_not_recommendation_or_position_output
2026-01-20,market_liquidity_proxy,Market liquidity derived proxy,derived_market_liquidity,committed_provider02b_cross_section_proxy,,,,,,,1.9135620000,50,0.4800000000,0.5200000000,-0.0027943930,0.0036041617,0.0065586209,market_turnover_proxy,baostock,2026-01-20,2026-01-20,passed_current_or_past_only,derived_from_committed_provider02b_and_regime01,research_only_not_recommendation_or_position_output
2026-01-21,market_breadth_proxy,Market breadth derived proxy,derived_market_breadth,committed_provider02b_cross_section_proxy,,,,,,,,50,0.4000000000,0.6000000000,-0.0010751060,0.0008055567,0.0065602269,market_breadth_proxy,baostock,2026-01-21,2026-01-21,passed_current_or_past_only,derived_from_committed_provider02b_and_regime01,research_only_not_recommendation_or_position_output
2026-01-21,market_dispersion_proxy,Market dispersion derived proxy,derived_market_dispersion,committed_provider02b_cross_section_proxy,,,,,,,,50,0.4000000000,0.6000000000,-0.0010751060,0.0008055567,0.0065602269,industry_indices,baostock,2026-01-21,2026-01-21,passed_current_or_past_only,derived_from_committed_provider02b_and_regime01,research_only_not_recommendation_or_position_output
2026-01-21,market_liquidity_proxy,Market liquidity derived proxy,derived_market_liquidity,committed_provider02b_cross_section_proxy,,,,,,,1.9008000000,50,0.4000000000,0.6000000000,-0.0010751060,0.0008055567,0.0065602269,market_turnover_proxy,baostock,2026-01-21,2026-01-21,passed_current_or_past_only,derived_from_committed_provider02b_and_regime01,research_only_not_recommendation_or_position_output
2026-01-22,market_breadth_proxy,Market breadth derived proxy,derived_market_breadth,committed_provider02b_cross_section_proxy,,,,,,,,50,0.3400000000,0.6000000000,0.0063849402,-0.0027652423,0.0066574801,market_breadth_proxy,baostock,2026-01-22,2026-01-22,passed_current_or_past_only,derived_from_committed_provider02b_and_regime01,research_only_not_recommendation_or_position_output
2026-01-22,market_dispersion_proxy,Market dispersion derived proxy,derived_market_dispersion,committed_provider02b_cross_section_proxy,,,,,,,,50,0.3400000000,0.6000000000,0.0063849402,-0.0027652423,0.0066574801,industry_indices,baostock,2026-01-22,2026-01-22,passed_current_or_past_only,derived_from_committed_provider02b_and_regime01,research_only_not_recommendation_or_position_output
2026-01-22,market_liquidity_proxy,Market liquidity derived proxy,derived_market_liquidity,committed_provider02b_cross_section_proxy,,,,,,,1.8412220000,50,0.3400000000,0.6000000000,0.0063849402,-0.0027652423,0.0066574801,market_turnover_proxy,baostock,2026-01-22,2026-01-22,passed_current_or_past_only,derived_from_committed_provider02b_and_regime01,research_only_not_recommendation_or_position_output
2026-01-23,market_breadth_proxy,Market breadth derived proxy,derived_market_breadth,committed_provider02b_cross_section_proxy,,,,,,,,50,0.5000000000,0.4600000000,0.0008173318,0.0055655968,0.0066531444,market_breadth_proxy,baostock,2026-01-23,2026-01-23,passed_current_or_past_only,derived_from_committed_provider02b_and_regime01,research_only_not_recommendation_or_position_output
2026-01-23,market_dispersion_proxy,Market dispersion derived proxy,derived_market_dispersion,committed_provider02b_cross_section_proxy,,,,,,,,50,0.5000000000,0.4600000000,0.0008173318,0.0055655968,0.0066531444,industry_indices,baostock,2026-01-23,2026-01-23,passed_current_or_past_only,derived_from_committed_provider02b_and_regime01,research_only_not_recommendation_or_position_output
2026-01-23,market_liquidity_proxy,Market liquidity derived proxy,derived_market_liquidity,committed_provider02b_cross_section_proxy,,,,,,,2.1465880000,50,0.5000000000,0.4600000000,0.0008173318,0.0055655968,0.0066531444,market_turnover_proxy,baostock,2026-01-23,2026-01-23,passed_current_or_past_only,derived_from_committed_provider02b_and_regime01,research_only_not_recommendation_or_position_output
2026-01-26,market_breadth_proxy,Market breadth derived proxy,derived_market_breadth,committed_provider02b_cross_section_proxy,,,,,,,,50,0.3800000000,0.6200000000,-0.0214541900,-0.0108494138,0.0066318461,market_breadth_proxy,baostock,2026-01-26,2026-01-26,passed_current_or_past_only,derived_from_committed_provider02b_and_regime01,research_only_not_recommendation_or_position_output
2026-01-26,market_dispersion_proxy,Market dispersion derived proxy,derived_market_dispersion,committed_provider02b_cross_section_proxy,,,,,,,,50,0.3800000000,0.6200000000,-0.0214541900,-0.0108494138,0.0066318461,industry_indices,baostock,2026-01-26,2026-01-26,passed_current_or_past_only,derived_from_committed_provider02b_and_regime01,research_only_not_recommendation_or_position_output
2026-01-26,market_liquidity_proxy,Market liquidity derived proxy,derived_market_liquidity,committed_provider02b_cross_section_proxy,,,,,,,2.2507660000,50,0.3800000000,0.6200000000,-0.0214541900,-0.0108494138,0.0066318461,market_turnover_proxy,baostock,2026-01-26,2026-01-26,passed_current_or_past_only,derived_from_committed_provider02b_and_regime01,research_only_not_recommendation_or_position_output
2026-01-27,market_breadth_proxy,Market breadth derived proxy,derived_market_breadth,committed_provider02b_cross_section_proxy,,,,,,,,50,0.2800000000,0.7200000000,-0.0096870773,-0.0219026456,0.0065677248,market_breadth_proxy,baostock,2026-01-27,2026-01-27,passed_current_or_past_only,derived_from_committed_provider02b_and_regime01,research_only_not_recommendation_or_position_output
2026-01-27,market_dispersion_proxy,Market dispersion derived proxy,derived_market_dispersion,committed_provider02b_cross_section_proxy,,,,,,,,50,0.2800000000,0.7200000000,-0.0096870773,-0.0219026456,0.0065677248,industry_indices,baostock,2026-01-27,2026-01-27,passed_current_or_past_only,derived_from_committed_provider02b_and_regime01,research_only_not_recommendation_or_position_output
2026-01-27,market_liquidity_proxy,Market liquidity derived proxy,derived_market_liquidity,committed_provider02b_cross_section_proxy,,,,,,,1.9534140000,50,0.2800000000,0.7200000000,-0.0096870773,-0.0219026456,0.0065677248,market_turnover_proxy,baostock,2026-01-27,2026-01-27,passed_current_or_past_only,derived_from_committed_provider02b_and_regime01,research_only_not_recommendation_or_position_output
2026-01-28,market_breadth_proxy,Market breadth derived proxy,derived_market_breadth,committed_provider02b_cross_section_proxy,,,,,,,,50,0.3400000000,0.6600000000,-0.0040924619,-0.0149002603,0.0067230442,market_breadth_proxy,baostock,2026-01-28,2026-01-28,passed_current_or_past_only,derived_from_committed_provider02b_and_regime01,research_only_not_recommendation_or_position_output
2026-01-28,market_dispersion_proxy,Market dispersion derived proxy,derived_market_dispersion,committed_provider02b_cross_section_proxy,,,,,,,,50,0.3400000000,0.6600000000,-0.0040924619,-0.0149002603,0.0067230442,industry_indices,baostock,2026-01-28,2026-01-28,passed_current_or_past_only,derived_from_committed_provider02b_and_regime01,research_only_not_recommendation_or_position_output
2026-01-28,market_liquidity_proxy,Market liquidity derived proxy,derived_market_liquidity,committed_provider02b_cross_section_proxy,,,,,,,2.0153020000,50,0.3400000000,0.6600000000,-0.0040924619,-0.0149002603,0.0067230442,market_turnover_proxy,baostock,2026-01-28,2026-01-28,passed_current_or_past_only,derived_from_committed_provider02b_and_regime01,research_only_not_recommendation_or_position_output
2026-01-29,market_breadth_proxy,Market breadth derived proxy,derived_market_breadth,committed_provider02b_cross_section_proxy,,,,,,,,50,0.6200000000,0.3800000000,-0.0175543095,-0.0196536098,0.0070479854,market_breadth_proxy,baostock,2026-01-29,2026-01-29,passed_current_or_past_only,derived_from_committed_provider02b_and_regime01,research_only_not_recommendation_or_position_output
2026-01-29,market_dispersion_proxy,Market dispersion derived proxy,derived_market_dispersion,committed_provider02b_cross_section_proxy,,,,,,,,50,0.6200000000,0.3800000000,-0.0175543095,-0.0196536098,0.0070479854,industry_indices,baostock,2026-01-29,2026-01-29,passed_current_or_past_only,derived_from_committed_provider02b_and_regime01,research_only_not_recommendation_or_position_output
2026-01-29,market_liquidity_proxy,Market liquidity derived proxy,derived_market_liquidity,committed_provider02b_cross_section_proxy,,,,,,,2.3105060000,50,0.6200000000,0.3800000000,-0.0175543095,-0.0196536098,0.0070479854,market_turnover_proxy,baostock,2026-01-29,2026-01-29,passed_current_or_past_only,derived_from_committed_provider02b_and_regime01,research_only_not_recommendation_or_position_output
2026-01-30,market_breadth_proxy,Market breadth derived proxy,derived_market_breadth,committed_provider02b_cross_section_proxy,,,,,,,,50,0.1200000000,0.8800000000,-0.0133318457,-0.0193111841,0.0073326167,market_breadth_proxy,baostock,2026-01-30,2026-01-30,passed_current_or_past_only,derived_from_committed_provider02b_and_regime01,research_only_not_recommendation_or_position_output
2026-01-30,market_dispersion_proxy,Market dispersion derived proxy,derived_market_dispersion,committed_provider02b_cross_section_proxy,,,,,,,,50,0.1200000000,0.8800000000,-0.0133318457,-0.0193111841,0.0073326167,industry_indices,baostock,2026-01-30,2026-01-30,passed_current_or_past_only,derived_from_committed_provider02b_and_regime01,research_only_not_recommendation_or_position_output
2026-01-30,market_liquidity_proxy,Market liquidity derived proxy,derived_market_liquidity,committed_provider02b_cross_section_proxy,,,,,,,2.0576400000,50,0.1200000000,0.8800000000,-0.0133318457,-0.0193111841,0.0073326167,market_turnover_proxy,baostock,2026-01-30,2026-01-30,passed_current_or_past_only,derived_from_committed_provider02b_and_regime01,research_only_not_recommendation_or_position_output
2026-02-02,market_breadth_proxy,Market breadth derived proxy,derived_market_breadth,committed_provider02b_cross_section_proxy,,,,,,,,50,0.2000000000,0.8000000000,0.0245498249,0.0149319583,0.0069461355,market_breadth_proxy,baostock,2026-02-02,2026-02-02,passed_current_or_past_only,derived_from_committed_provider02b_and_regime01,research_only_not_recommendation_or_position_output
2026-02-02,market_dispersion_proxy,Market dispersion derived proxy,derived_market_dispersion,committed_provider02b_cross_section_proxy,,,,,,,,50,0.2000000000,0.8000000000,0.0245498249,0.0149319583,0.0069461355,industry_indices,baostock,2026-02-02,2026-02-02,passed_current_or_past_only,derived_from_committed_provider02b_and_regime01,research_only_not_recommendation_or_position_output
2026-02-02,market_liquidity_proxy,Market liquidity derived proxy,derived_market_liquidity,committed_provider02b_cross_section_proxy,,,,,,,1.8474260000,50,0.2000000000,0.8000000000,0.0245498249,0.0149319583,0.0069461355,market_turnover_proxy,baostock,2026-02-02,2026-02-02,passed_current_or_past_only,derived_from_committed_provider02b_and_regime01,research_only_not_recommendation_or_position_output
2026-02-03,market_breadth_proxy,Market breadth derived proxy,derived_market_breadth,committed_provider02b_cross_section_proxy,,,,,,,,50,0.8400000000,0.1600000000,0.0137739744,0.0095252097,0.0072424142,market_breadth_proxy,baostock,2026-02-03,2026-02-03,passed_current_or_past_only,derived_from_committed_provider02b_and_regime01,research_only_not_recommendation_or_position_output
2026-02-03,market_dispersion_proxy,Market dispersion derived proxy,derived_market_dispersion,committed_provider02b_cross_section_proxy,,,,,,,,50,0.8400000000,0.1600000000,0.0137739744,0.0095252097,0.0072424142,industry_indices,baostock,2026-02-03,2026-02-03,passed_current_or_past_only,derived_from_committed_provider02b_and_regime01,research_only_not_recommendation_or_position_output
2026-02-03,market_liquidity_proxy,Market liquidity derived proxy,derived_market_liquidity,committed_provider02b_cross_section_proxy,,,,,,,1.6551840000,50,0.8400000000,0.1600000000,0.0137739744,0.0095252097,0.0072424142,market_turnover_proxy,baostock,2026-02-03,2026-02-03,passed_current_or_past_only,derived_from_committed_provider02b_and_regime01,research_only_not_recommendation_or_position_output
2026-02-04,market_breadth_proxy,Market breadth derived proxy,derived_market_breadth,committed_provider02b_cross_section_proxy,,,,,,,,50,0.8000000000,0.2000000000,0.0032211791,-0.0023672803,0.0071474749,market_breadth_proxy,baostock,2026-02-04,2026-02-04,passed_current_or_past_only,derived_from_committed_provider02b_and_regime01,research_only_not_recommendation_or_position_output
2026-02-04,market_dispersion_proxy,Market dispersion derived proxy,derived_market_dispersion,committed_provider02b_cross_section_proxy,,,,,,,,50,0.8000000000,0.2000000000,0.0032211791,-0.0023672803,0.0071474749,industry_indices,baostock,2026-02-04,2026-02-04,passed_current_or_past_only,derived_from_committed_provider02b_and_regime01,research_only_not_recommendation_or_position_output
2026-02-04,market_liquidity_proxy,Market liquidity derived proxy,derived_market_liquidity,committed_provider02b_cross_section_proxy,,,,,,,1.7349900000,50,0.8000000000,0.2000000000,0.0032211791,-0.0023672803,0.0071474749,market_turnover_proxy,baostock,2026-02-04,2026-02-04,passed_current_or_past_only,derived_from_committed_provider02b_and_regime01,research_only_not_recommendation_or_position_output
2026-02-05,market_breadth_proxy,Market breadth derived proxy,derived_market_breadth,committed_provider02b_cross_section_proxy,,,,,,,,50,0.4400000000,0.5600000000,0.0105256514,-0.0002738084,0.0071247047,market_breadth_proxy,baostock,2026-02-05,2026-02-05,passed_current_or_past_only,derived_from_committed_provider02b_and_regime01,research_only_not_recommendation_or_position_output
2026-02-05,market_dispersion_proxy,Market dispersion derived proxy,derived_market_dispersion,committed_provider02b_cross_section_proxy,,,,,,,,50,0.4400000000,0.5600000000,0.0105256514,-0.0002738084,0.0071247047,industry_indices,baostock,2026-02-05,2026-02-05,passed_current_or_past_only,derived_from_committed_provider02b_and_regime01,research_only_not_recommendation_or_position_output
2026-02-05,market_liquidity_proxy,Market liquidity derived proxy,derived_market_liquidity,committed_provider02b_cross_section_proxy,,,,,,,1.5788600000,50,0.4400000000,0.5600000000,0.0105256514,-0.0002738084,0.0071247047,market_turnover_proxy,baostock,2026-02-05,2026-02-05,passed_current_or_past_only,derived_from_committed_provider02b_and_regime01,research_only_not_recommendation_or_position_output
2026-02-06,market_breadth_proxy,Market breadth derived proxy,derived_market_breadth,committed_provider02b_cross_section_proxy,,,,,,,,50,0.2600000000,0.7400000000,0.0036199748,0.0060218849,0.0079231398,market_breadth_proxy,baostock,2026-02-06,2026-02-06,passed_current_or_past_only,derived_from_committed_provider02b_and_regime01,research_only_not_recommendation_or_position_output
2026-02-06,market_dispersion_proxy,Market dispersion derived proxy,derived_market_dispersion,committed_provider02b_cross_section_proxy,,,,,,,,50,0.2600000000,0.7400000000,0.0036199748,0.0060218849,0.0079231398,industry_indices,baostock,2026-02-06,2026-02-06,passed_current_or_past_only,derived_from_committed_provider02b_and_regime01,research_only_not_recommendation_or_position_output
2026-02-06,market_liquidity_proxy,Market liquidity derived proxy,derived_market_liquidity,committed_provider02b_cross_section_proxy,,,,,,,1.5168720000,50,0.2600000000,0.7400000000,0.0036199748,0.0060218849,0.0079231398,market_turnover_proxy,baostock,2026-02-06,2026-02-06,passed_current_or_past_only,derived_from_committed_provider02b_and_regime01,research_only_not_recommendation_or_position_output
2026-02-09,market_breadth_proxy,Market breadth derived proxy,derived_market_breadth,committed_provider02b_cross_section_proxy,,,,,,,,50,0.8400000000,0.1400000000,-0.0024394498,-0.0172951331,0.0078359260,market_breadth_proxy,baostock,2026-02-09,2026-02-09,passed_current_or_past_only,derived_from_committed_provider02b_and_regime01,research_only_not_recommendation_or_position_output
2026-02-09,market_dispersion_proxy,Market dispersion derived proxy,derived_market_dispersion,committed_provider02b_cross_section_proxy,,,,,,,,50,0.8400000000,0.1400000000,-0.0024394498,-0.0172951331,0.0078359260,industry_indices,baostock,2026-02-09,2026-02-09,passed_current_or_past_only,derived_from_committed_provider02b_and_regime01,research_only_not_recommendation_or_position_output
2026-02-09,market_liquidity_proxy,Market liquidity derived proxy,derived_market_liquidity,committed_provider02b_cross_section_proxy,,,,,,,1.5035620000,50,0.8400000000,0.1400000000,-0.0024394498,-0.0172951331,0.0078359260,market_turnover_proxy,baostock,2026-02-09,2026-02-09,passed_current_or_past_only,derived_from_committed_provider02b_and_regime01,research_only_not_recommendation_or_position_output
2026-02-10,market_breadth_proxy,Market breadth derived proxy,derived_market_breadth,committed_provider02b_cross_section_proxy,,,,,,,,50,0.4000000000,0.6000000000,0.0024533181,-0.0139625471,0.0078037624,market_breadth_proxy,baostock,2026-02-10,2026-02-10,passed_current_or_past_only,derived_from_committed_provider02b_and_regime01,research_only_not_recommendation_or_position_output
2026-02-10,market_dispersion_proxy,Market dispersion derived proxy,derived_market_dispersion,committed_provider02b_cross_section_proxy,,,,,,,,50,0.4000000000,0.6000000000,0.0024533181,-0.0139625471,0.0078037624,industry_indices,baostock,2026-02-10,2026-02-10,passed_current_or_past_only,derived_from_committed_provider02b_and_regime01,research_only_not_recommendation_or_position_output
2026-02-10,market_liquidity_proxy,Market liquidity derived proxy,derived_market_liquidity,committed_provider02b_cross_section_proxy,,,,,,,1.1348760000,50,0.4000000000,0.6000000000,0.0024533181,-0.0139625471,0.0078037624,market_turnover_proxy,baostock,2026-02-10,2026-02-10,passed_current_or_past_only,derived_from_committed_provider02b_and_regime01,research_only_not_recommendation_or_position_output
2026-02-11,market_breadth_proxy,Market breadth derived proxy,derived_market_breadth,committed_provider02b_cross_section_proxy,,,,,,,,50,0.4000000000,0.6000000000,0.0027696018,-0.0276988603,0.0077942517,market_breadth_proxy,baostock,2026-02-11,2026-02-11,passed_current_or_past_only,derived_from_committed_provider02b_and_regime01,research_only_not_recommendation_or_position_output
2026-02-11,market_dispersion_proxy,Market dispersion derived proxy,derived_market_dispersion,committed_provider02b_cross_section_proxy,,,,,,,,50,0.4000000000,0.6000000000,0.0027696018,-0.0276988603,0.0077942517,industry_indices,baostock,2026-02-11,2026-02-11,passed_current_or_past_only,derived_from_committed_provider02b_and_regime01,research_only_not_recommendation_or_position_output
2026-02-11,market_liquidity_proxy,Market liquidity derived proxy,derived_market_liquidity,committed_provider02b_cross_section_proxy,,,,,,,1.1735940000,50,0.4000000000,0.6000000000,0.0027696018,-0.0276988603,0.0077942517,market_turnover_proxy,baostock,2026-02-11,2026-02-11,passed_current_or_past_only,derived_from_committed_provider02b_and_regime01,research_only_not_recommendation_or_position_output
2026-02-12,market_breadth_proxy,Market breadth derived proxy,derived_market_breadth,committed_provider02b_cross_section_proxy,,,,,,,,50,0.3800000000,0.6200000000,-0.0018923514,-0.0323249452,0.0082053698,market_breadth_proxy,baostock,2026-02-12,2026-02-12,passed_current_or_past_only,derived_from_committed_provider02b_and_regime01,research_only_not_recommendation_or_position_output
2026-02-12,market_dispersion_proxy,Market dispersion derived proxy,derived_market_dispersion,committed_provider02b_cross_section_proxy,,,,,,,,50,0.3800000000,0.6200000000,-0.0018923514,-0.0323249452,0.0082053698,industry_indices,baostock,2026-02-12,2026-02-12,passed_current_or_past_only,derived_from_committed_provider02b_and_regime01,research_only_not_recommendation_or_position_output
2026-02-12,market_liquidity_proxy,Market liquidity derived proxy,derived_market_liquidity,committed_provider02b_cross_section_proxy,,,,,,,1.2174720000,50,0.3800000000,0.6200000000,-0.0018923514,-0.0323249452,0.0082053698,market_turnover_proxy,baostock,2026-02-12,2026-02-12,passed_current_or_past_only,derived_from_committed_provider02b_and_regime01,research_only_not_recommendation_or_position_output
2026-02-13,market_breadth_proxy,Market breadth derived proxy,derived_market_breadth,committed_provider02b_cross_section_proxy,,,,,,,,50,0.1800000000,0.8000000000,0.0146474805,-0.0520144641,0.0085378659,market_breadth_proxy,baostock,2026-02-13,2026-02-13,passed_current_or_past_only,derived_from_committed_provider02b_and_regime01,research_only_not_recommendation_or_position_output
2026-02-13,market_dispersion_proxy,Market dispersion derived proxy,derived_market_dispersion,committed_provider02b_cross_section_proxy,,,,,,,,50,0.1800000000,0.8000000000,0.0146474805,-0.0520144641,0.0085378659,industry_indices,baostock,2026-02-13,2026-02-13,passed_current_or_past_only,derived_from_committed_provider02b_and_regime01,research_only_not_recommendation_or_position_output
2026-02-13,market_liquidity_proxy,Market liquidity derived proxy,derived_market_liquidity,committed_provider02b_cross_section_proxy,,,,,,,1.1874140000,50,0.1800000000,0.8000000000,0.0146474805,-0.0520144641,0.0085378659,market_turnover_proxy,baostock,2026-02-13,2026-02-13,passed_current_or_past_only,derived_from_committed_provider02b_and_regime01,research_only_not_recommendation_or_position_output
2026-02-24,market_breadth_proxy,Market breadth derived proxy,derived_market_breadth,committed_provider02b_cross_section_proxy,,,,,,,,50,0.6200000000,0.3600000000,-0.0109712835,-0.0494571267,0.0086128279,market_breadth_proxy,baostock,2026-02-24,2026-02-24,passed_current_or_past_only,derived_from_committed_provider02b_and_regime01,research_only_not_recommendation_or_position_output
2026-02-24,market_dispersion_proxy,Market dispersion derived proxy,derived_market_dispersion,committed_provider02b_cross_section_proxy,,,,,,,,50,0.6200000000,0.3600000000,-0.0109712835,-0.0494571267,0.0086128279,industry_indices,baostock,2026-02-24,2026-02-24,passed_current_or_past_only,derived_from_committed_provider02b_and_regime01,research_only_not_recommendation_or_position_output
2026-02-24,market_liquidity_proxy,Market liquidity derived proxy,derived_market_liquidity,committed_provider02b_cross_section_proxy,,,,,,,1.4594600000,50,0.6200000000,0.3600000000,-0.0109712835,-0.0494571267,0.0086128279,market_turnover_proxy,baostock,2026-02-24,2026-02-24,passed_current_or_past_only,derived_from_committed_provider02b_and_regime01,research_only_not_recommendation_or_position_output
2026-02-25,market_breadth_proxy,Market breadth derived proxy,derived_market_breadth,committed_provider02b_cross_section_proxy,,,,,,,,50,0.6800000000,0.3200000000,-0.0281385797,-0.0418971674,0.0086234292,market_breadth_proxy,baostock,2026-02-25,2026-02-25,passed_current_or_past_only,derived_from_committed_provider02b_and_regime01,research_only_not_recommendation_or_position_output
2026-02-25,market_dispersion_proxy,Market dispersion derived proxy,derived_market_dispersion,committed_provider02b_cross_section_proxy,,,,,,,,50,0.6800000000,0.3200000000,-0.0281385797,-0.0418971674,0.0086234292,industry_indices,baostock,2026-02-25,2026-02-25,passed_current_or_past_only,derived_from_committed_provider02b_and_regime01,research_only_not_recommendation_or_position_output
2026-02-25,market_liquidity_proxy,Market liquidity derived proxy,derived_market_liquidity,committed_provider02b_cross_section_proxy,,,,,,,1.5662260000,50,0.6800000000,0.3200000000,-0.0281385797,-0.0418971674,0.0086234292,market_turnover_proxy,baostock,2026-02-25,2026-02-25,passed_current_or_past_only,derived_from_committed_provider02b_and_regime01,research_only_not_recommendation_or_position_output
2026-02-26,market_breadth_proxy,Market breadth derived proxy,derived_market_breadth,committed_provider02b_cross_section_proxy,,,,,,,,50,0.3200000000,0.6800000000,-0.0167514094,-0.0527493657,0.0086572336,market_breadth_proxy,baostock,2026-02-26,2026-02-26,passed_current_or_past_only,derived_from_committed_provider02b_and_regime01,research_only_not_recommendation_or_position_output
2026-02-26,market_dispersion_proxy,Market dispersion derived proxy,derived_market_dispersion,committed_provider02b_cross_section_proxy,,,,,,,,50,0.3200000000,0.6800000000,-0.0167514094,-0.0527493657,0.0086572336,industry_indices,baostock,2026-02-26,2026-02-26,passed_current_or_past_only,derived_from_committed_provider02b_and_regime01,research_only_not_recommendation_or_position_output
2026-02-26,market_liquidity_proxy,Market liquidity derived proxy,derived_market_liquidity,committed_provider02b_cross_section_proxy,,,,,,,1.5894860000,50,0.3200000000,0.6800000000,-0.0167514094,-0.0527493657,0.0086572336,market_turnover_proxy,baostock,2026-02-26,2026-02-26,passed_current_or_past_only,derived_from_committed_provider02b_and_regime01,research_only_not_recommendation_or_position_output
2026-02-27,market_breadth_proxy,Market breadth derived proxy,derived_market_breadth,committed_provider02b_cross_section_proxy,,,,,,,,50,0.5200000000,0.4600000000,-0.0106583875,-0.0441716614,0.0086361000,market_breadth_proxy,baostock,2026-02-27,2026-02-27,passed_current_or_past_only,derived_from_committed_provider02b_and_regime01,research_only_not_recommendation_or_position_output
2026-02-27,market_dispersion_proxy,Market dispersion derived proxy,derived_market_dispersion,committed_provider02b_cross_section_proxy,,,,,,,,50,0.5200000000,0.4600000000,-0.0106583875,-0.0441716614,0.0086361000,industry_indices,baostock,2026-02-27,2026-02-27,passed_current_or_past_only,derived_from_committed_provider02b_and_regime01,research_only_not_recommendation_or_position_output
2026-02-27,market_liquidity_proxy,Market liquidity derived proxy,derived_market_liquidity,committed_provider02b_cross_section_proxy,,,,,,,1.4098500000,50,0.5200000000,0.4600000000,-0.0106583875,-0.0441716614,0.0086361000,market_turnover_proxy,baostock,2026-02-27,2026-02-27,passed_current_or_past_only,derived_from_committed_provider02b_and_regime01,research_only_not_recommendation_or_position_output
2026-03-02,market_breadth_proxy,Market breadth derived proxy,derived_market_breadth,committed_provider02b_cross_section_proxy,,,,,,,,50,0.1600000000,0.8400000000,-0.0239419813,-0.0500603468,0.0092858123,market_breadth_proxy,baostock,2026-03-02,2026-03-02,passed_current_or_past_only,derived_from_committed_provider02b_and_regime01,research_only_not_recommendation_or_position_output
2026-03-02,market_dispersion_proxy,Market dispersion derived proxy,derived_market_dispersion,committed_provider02b_cross_section_proxy,,,,,,,,50,0.1600000000,0.8400000000,-0.0239419813,-0.0500603468,0.0092858123,industry_indices,baostock,2026-03-02,2026-03-02,passed_current_or_past_only,derived_from_committed_provider02b_and_regime01,research_only_not_recommendation_or_position_output
2026-03-02,market_liquidity_proxy,Market liquidity derived proxy,derived_market_liquidity,committed_provider02b_cross_section_proxy,,,,,,,1.7292800000,50,0.1600000000,0.8400000000,-0.0239419813,-0.0500603468,0.0092858123,market_turnover_proxy,baostock,2026-03-02,2026-03-02,passed_current_or_past_only,derived_from_committed_provider02b_and_regime01,research_only_not_recommendation_or_position_output
2026-03-03,market_breadth_proxy,Market breadth derived proxy,derived_market_breadth,committed_provider02b_cross_section_proxy,,,,,,,,50,0.1400000000,0.8400000000,0.0040507776,-0.0442120896,0.0095862115,market_breadth_proxy,baostock,2026-03-03,2026-03-03,passed_current_or_past_only,derived_from_committed_provider02b_and_regime01,research_only_not_recommendation_or_position_output
2026-03-03,market_dispersion_proxy,Market dispersion derived proxy,derived_market_dispersion,committed_provider02b_cross_section_proxy,,,,,,,,50,0.1400000000,0.8400000000,0.0040507776,-0.0442120896,0.0095862115,industry_indices,baostock,2026-03-03,2026-03-03,passed_current_or_past_only,derived_from_committed_provider02b_and_regime01,research_only_not_recommendation_or_position_output
2026-03-03,market_liquidity_proxy,Market liquidity derived proxy,derived_market_liquidity,committed_provider02b_cross_section_proxy,,,,,,,1.9183380000,50,0.1400000000,0.8400000000,0.0040507776,-0.0442120896,0.0095862115,market_turnover_proxy,baostock,2026-03-03,2026-03-03,passed_current_or_past_only,derived_from_committed_provider02b_and_regime01,research_only_not_recommendation_or_position_output
2026-03-04,market_breadth_proxy,Market breadth derived proxy,derived_market_breadth,committed_provider02b_cross_section_proxy,,,,,,,,50,0.2000000000,0.7800000000,0.0221332841,-0.0166335309,0.0098478527,market_breadth_proxy,baostock,2026-03-04,2026-03-04,passed_current_or_past_only,derived_from_committed_provider02b_and_regime01,research_only_not_recommendation_or_position_output
2026-03-04,market_dispersion_proxy,Market dispersion derived proxy,derived_market_dispersion,committed_provider02b_cross_section_proxy,,,,,,,,50,0.2000000000,0.7800000000,0.0221332841,-0.0166335309,0.0098478527,industry_indices,baostock,2026-03-04,2026-03-04,passed_current_or_past_only,derived_from_committed_provider02b_and_regime01,research_only_not_recommendation_or_position_output
2026-03-04,market_liquidity_proxy,Market liquidity derived proxy,derived_market_liquidity,committed_provider02b_cross_section_proxy,,,,,,,1.4060240000,50,0.2000000000,0.7800000000,0.0221332841,-0.0166335309,0.0098478527,market_turnover_proxy,baostock,2026-03-04,2026-03-04,passed_current_or_past_only,derived_from_committed_provider02b_and_regime01,research_only_not_recommendation_or_position_output
2026-03-05,market_breadth_proxy,Market breadth derived proxy,derived_market_breadth,committed_provider02b_cross_section_proxy,,,,,,,,50,0.7600000000,0.2200000000,0.0085780209,-0.0363143677,0.0096986884,market_breadth_proxy,baostock,2026-03-05,2026-03-05,passed_current_or_past_only,derived_from_committed_provider02b_and_regime01,research_only_not_recommendation_or_position_output
2026-03-05,market_dispersion_proxy,Market dispersion derived proxy,derived_market_dispersion,committed_provider02b_cross_section_proxy,,,,,,,,50,0.7600000000,0.2200000000,0.0085780209,-0.0363143677,0.0096986884,industry_indices,baostock,2026-03-05,2026-03-05,passed_current_or_past_only,derived_from_committed_provider02b_and_regime01,research_only_not_recommendation_or_position_output
2026-03-05,market_liquidity_proxy,Market liquidity derived proxy,derived_market_liquidity,committed_provider02b_cross_section_proxy,,,,,,,1.4107020000,50,0.7600000000,0.2200000000,0.0085780209,-0.0363143677,0.0096986884,market_turnover_proxy,baostock,2026-03-05,2026-03-05,passed_current_or_past_only,derived_from_committed_provider02b_and_regime01,research_only_not_recommendation_or_position_output
2026-03-06,market_breadth_proxy,Market breadth derived proxy,derived_market_breadth,committed_provider02b_cross_section_proxy,,,,,,,,50,0.7400000000,0.2600000000,0.0018669915,-0.0471307746,0.0096828290,market_breadth_proxy,baostock,2026-03-06,2026-03-06,passed_current_or_past_only,derived_from_committed_provider02b_and_regime01,research_only_not_recommendation_or_position_output
2026-03-06,market_dispersion_proxy,Market dispersion derived proxy,derived_market_dispersion,committed_provider02b_cross_section_proxy,,,,,,,,50,0.7400000000,0.2600000000,0.0018669915,-0.0471307746,0.0096828290,industry_indices,baostock,2026-03-06,2026-03-06,passed_current_or_past_only,derived_from_committed_provider02b_and_regime01,research_only_not_recommendation_or_position_output
2026-03-06,market_liquidity_proxy,Market liquidity derived proxy,derived_market_liquidity,committed_provider02b_cross_section_proxy,,,,,,,1.2560660000,50,0.7400000000,0.2600000000,0.0018669915,-0.0471307746,0.0096828290,market_turnover_proxy,baostock,2026-03-06,2026-03-06,passed_current_or_past_only,derived_from_committed_provider02b_and_regime01,research_only_not_recommendation_or_position_output
2026-03-09,market_breadth_proxy,Market breadth derived proxy,derived_market_breadth,committed_provider02b_cross_section_proxy,,,,,,,,50,0.2600000000,0.7400000000,0.0121556810,-0.0378811832,0.0089176652,market_breadth_proxy,baostock,2026-03-09,2026-03-09,passed_current_or_past_only,derived_from_committed_provider02b_and_regime01,research_only_not_recommendation_or_position_output
2026-03-09,market_dispersion_proxy,Market dispersion derived proxy,derived_market_dispersion,committed_provider02b_cross_section_proxy,,,,,,,,50,0.2600000000,0.7400000000,0.0121556810,-0.0378811832,0.0089176652,industry_indices,baostock,2026-03-09,2026-03-09,passed_current_or_past_only,derived_from_committed_provider02b_and_regime01,research_only_not_recommendation_or_position_output
2026-03-09,market_liquidity_proxy,Market liquidity derived proxy,derived_market_liquidity,committed_provider02b_cross_section_proxy,,,,,,,1.6897980000,50,0.2600000000,0.7400000000,0.0121556810,-0.0378811832,0.0089176652,market_turnover_proxy,baostock,2026-03-09,2026-03-09,passed_current_or_past_only,derived_from_committed_provider02b_and_regime01,research_only_not_recommendation_or_position_output
2026-03-10,market_breadth_proxy,Market breadth derived proxy,derived_market_breadth,committed_provider02b_cross_section_proxy,,,,,,,,50,0.8600000000,0.1400000000,-0.0079826623,-0.0169421028,0.0086597784,market_breadth_proxy,baostock,2026-03-10,2026-03-10,passed_current_or_past_only,derived_from_committed_provider02b_and_regime01,research_only_not_recommendation_or_position_output
2026-03-10,market_dispersion_proxy,Market dispersion derived proxy,derived_market_dispersion,committed_provider02b_cross_section_proxy,,,,,,,,50,0.8600000000,0.1400000000,-0.0079826623,-0.0169421028,0.0086597784,industry_indices,baostock,2026-03-10,2026-03-10,passed_current_or_past_only,derived_from_committed_provider02b_and_regime01,research_only_not_recommendation_or_position_output
2026-03-10,market_liquidity_proxy,Market liquidity derived proxy,derived_market_liquidity,committed_provider02b_cross_section_proxy,,,,,,,1.2831100000,50,0.8600000000,0.1400000000,-0.0079826623,-0.0169421028,0.0086597784,market_turnover_proxy,baostock,2026-03-10,2026-03-10,passed_current_or_past_only,derived_from_committed_provider02b_and_regime01,research_only_not_recommendation_or_position_output
2026-03-11,market_breadth_proxy,Market breadth derived proxy,derived_market_breadth,committed_provider02b_cross_section_proxy,,,,,,,,50,0.6600000000,0.3000000000,-0.0098126348,-0.0293915019,0.0085128465,market_breadth_proxy,baostock,2026-03-11,2026-03-11,passed_current_or_past_only,derived_from_committed_provider02b_and_regime01,research_only_not_recommendation_or_position_output
2026-03-11,market_dispersion_proxy,Market dispersion derived proxy,derived_market_dispersion,committed_provider02b_cross_section_proxy,,,,,,,,50,0.6600000000,0.3000000000,-0.0098126348,-0.0293915019,0.0085128465,industry_indices,baostock,2026-03-11,2026-03-11,passed_current_or_past_only,derived_from_committed_provider02b_and_regime01,research_only_not_recommendation_or_position_output
2026-03-11,market_liquidity_proxy,Market liquidity derived proxy,derived_market_liquidity,committed_provider02b_cross_section_proxy,,,,,,,1.4616680000,50,0.6600000000,0.3000000000,-0.0098126348,-0.0293915019,0.0085128465,market_turnover_proxy,baostock,2026-03-11,2026-03-11,passed_current_or_past_only,derived_from_committed_provider02b_and_regime01,research_only_not_recommendation_or_position_output
2026-03-12,market_breadth_proxy,Market breadth derived proxy,derived_market_breadth,committed_provider02b_cross_section_proxy,,,,,,,,50,0.4400000000,0.5400000000,-0.0222523014,-0.0108787085,0.0084520808,market_breadth_proxy,baostock,2026-03-12,2026-03-12,passed_current_or_past_only,derived_from_committed_provider02b_and_regime01,research_only_not_recommendation_or_position_output
2026-03-12,market_dispersion_proxy,Market dispersion derived proxy,derived_market_dispersion,committed_provider02b_cross_section_proxy,,,,,,,,50,0.4400000000,0.5400000000,-0.0222523014,-0.0108787085,0.0084520808,industry_indices,baostock,2026-03-12,2026-03-12,passed_current_or_past_only,derived_from_committed_provider02b_and_regime01,research_only_not_recommendation_or_position_output
2026-03-12,market_liquidity_proxy,Market liquidity derived proxy,derived_market_liquidity,committed_provider02b_cross_section_proxy,,,,,,,1.5724760000,50,0.4400000000,0.5400000000,-0.0222523014,-0.0108787085,0.0084520808,market_turnover_proxy,baostock,2026-03-12,2026-03-12,passed_current_or_past_only,derived_from_committed_provider02b_and_regime01,research_only_not_recommendation_or_position_output
2026-03-13,market_breadth_proxy,Market breadth derived proxy,derived_market_breadth,committed_provider02b_cross_section_proxy,,,,,,,,50,0.3600000000,0.6000000000,-0.0218717151,-0.0049228338,0.0083480602,market_breadth_proxy,baostock,2026-03-13,2026-03-13,passed_current_or_past_only,derived_from_committed_provider02b_and_regime01,research_only_not_recommendation_or_position_output
2026-03-13,market_dispersion_proxy,Market dispersion derived proxy,derived_market_dispersion,committed_provider02b_cross_section_proxy,,,,,,,,50,0.3600000000,0.6000000000,-0.0218717151,-0.0049228338,0.0083480602,industry_indices,baostock,2026-03-13,2026-03-13,passed_current_or_past_only,derived_from_committed_provider02b_and_regime01,research_only_not_recommendation_or_position_output
2026-03-13,market_liquidity_proxy,Market liquidity derived proxy,derived_market_liquidity,committed_provider02b_cross_section_proxy,,,,,,,1.5014960000,50,0.3600000000,0.6000000000,-0.0218717151,-0.0049228338,0.0083480602,market_turnover_proxy,baostock,2026-03-13,2026-03-13,passed_current_or_past_only,derived_from_committed_provider02b_and_regime01,research_only_not_recommendation_or_position_output
2026-03-16,market_breadth_proxy,Market breadth derived proxy,derived_market_breadth,committed_provider02b_cross_section_proxy,,,,,,,,50,0.4600000000,0.5200000000,-0.0542778106,0.0063628864,0.0076521856,market_breadth_proxy,baostock,2026-03-16,2026-03-16,passed_current_or_past_only,derived_from_committed_provider02b_and_regime01,research_only_not_recommendation_or_position_output
2026-03-16,market_dispersion_proxy,Market dispersion derived proxy,derived_market_dispersion,committed_provider02b_cross_section_proxy,,,,,,,,50,0.4600000000,0.5200000000,-0.0542778106,0.0063628864,0.0076521856,industry_indices,baostock,2026-03-16,2026-03-16,passed_current_or_past_only,derived_from_committed_provider02b_and_regime01,research_only_not_recommendation_or_position_output
2026-03-16,market_liquidity_proxy,Market liquidity derived proxy,derived_market_liquidity,committed_provider02b_cross_section_proxy,,,,,,,1.4879920000,50,0.4600000000,0.5200000000,-0.0542778106,0.0063628864,0.0076521856,market_turnover_proxy,baostock,2026-03-16,2026-03-16,passed_current_or_past_only,derived_from_committed_provider02b_and_regime01,research_only_not_recommendation_or_position_output
2026-03-17,market_breadth_proxy,Market breadth derived proxy,derived_market_breadth,committed_provider02b_cross_section_proxy,,,,,,,,50,0.3400000000,0.6600000000,-0.0350876406,0.0103089653,0.0077308769,market_breadth_proxy,baostock,2026-03-17,2026-03-17,passed_current_or_past_only,derived_from_committed_provider02b_and_regime01,research_only_not_recommendation_or_position_output
2026-03-17,market_dispersion_proxy,Market dispersion derived proxy,derived_market_dispersion,committed_provider02b_cross_section_proxy,,,,,,,,50,0.3400000000,0.6600000000,-0.0350876406,0.0103089653,0.0077308769,industry_indices,baostock,2026-03-17,2026-03-17,passed_current_or_past_only,derived_from_committed_provider02b_and_regime01,research_only_not_recommendation_or_position_output
2026-03-17,market_liquidity_proxy,Market liquidity derived proxy,derived_market_liquidity,committed_provider02b_cross_section_proxy,,,,,,,1.5386820000,50,0.3400000000,0.6600000000,-0.0350876406,0.0103089653,0.0077308769,market_turnover_proxy,baostock,2026-03-17,2026-03-17,passed_current_or_past_only,derived_from_committed_provider02b_and_regime01,research_only_not_recommendation_or_position_output
2026-03-18,market_breadth_proxy,Market breadth derived proxy,derived_market_breadth,committed_provider02b_cross_section_proxy,,,,,,,,50,0.3800000000,0.6000000000,-0.0259463666,0.0168032878,0.0084315567,market_breadth_proxy,baostock,2026-03-18,2026-03-18,passed_current_or_past_only,derived_from_committed_provider02b_and_regime01,research_only_not_recommendation_or_position_output
2026-03-18,market_dispersion_proxy,Market dispersion derived proxy,derived_market_dispersion,committed_provider02b_cross_section_proxy,,,,,,,,50,0.3800000000,0.6000000000,-0.0259463666,0.0168032878,0.0084315567,industry_indices,baostock,2026-03-18,2026-03-18,passed_current_or_past_only,derived_from_committed_provider02b_and_regime01,research_only_not_recommendation_or_position_output
2026-03-18,market_liquidity_proxy,Market liquidity derived proxy,derived_market_liquidity,committed_provider02b_cross_section_proxy,,,,,,,1.3237240000,50,0.3800000000,0.6000000000,-0.0259463666,0.0168032878,0.0084315567,market_turnover_proxy,baostock,2026-03-18,2026-03-18,passed_current_or_past_only,derived_from_committed_provider02b_and_regime01,research_only_not_recommendation_or_position_output
2026-03-19,market_breadth_proxy,Market breadth derived proxy,derived_market_breadth,committed_provider02b_cross_section_proxy,,,,,,,,50,0.1200000000,0.8800000000,-0.0230658975,0.0317286784,0.0084223155,market_breadth_proxy,baostock,2026-03-19,2026-03-19,passed_current_or_past_only,derived_from_committed_provider02b_and_regime01,research_only_not_recommendation_or_position_output
2026-03-19,market_dispersion_proxy,Market dispersion derived proxy,derived_market_dispersion,committed_provider02b_cross_section_proxy,,,,,,,,50,0.1200000000,0.8800000000,-0.0230658975,0.0317286784,0.0084223155,industry_indices,baostock,2026-03-19,2026-03-19,passed_current_or_past_only,derived_from_committed_provider02b_and_regime01,research_only_not_recommendation_or_position_output
2026-03-19,market_liquidity_proxy,Market liquidity derived proxy,derived_market_liquidity,committed_provider02b_cross_section_proxy,,,,,,,1.4851520000,50,0.1200000000,0.8800000000,-0.0230658975,0.0317286784,0.0084223155,market_turnover_proxy,baostock,2026-03-19,2026-03-19,passed_current_or_past_only,derived_from_committed_provider02b_and_regime01,research_only_not_recommendation_or_position_output
2026-03-20,market_breadth_proxy,Market breadth derived proxy,derived_market_breadth,committed_provider02b_cross_section_proxy,,,,,,,,50,0.3200000000,0.6800000000,-0.0141116373,0.0416954792,0.0105865371,market_breadth_proxy,baostock,2026-03-20,2026-03-20,passed_current_or_past_only,derived_from_committed_provider02b_and_regime01,research_only_not_recommendation_or_position_output
2026-03-20,market_dispersion_proxy,Market dispersion derived proxy,derived_market_dispersion,committed_provider02b_cross_section_proxy,,,,,,,,50,0.3200000000,0.6800000000,-0.0141116373,0.0416954792,0.0105865371,industry_indices,baostock,2026-03-20,2026-03-20,passed_current_or_past_only,derived_from_committed_provider02b_and_regime01,research_only_not_recommendation_or_position_output
2026-03-20,market_liquidity_proxy,Market liquidity derived proxy,derived_market_liquidity,committed_provider02b_cross_section_proxy,,,,,,,1.7300920000,50,0.3200000000,0.6800000000,-0.0141116373,0.0416954792,0.0105865371,market_turnover_proxy,baostock,2026-03-20,2026-03-20,passed_current_or_past_only,derived_from_committed_provider02b_and_regime01,research_only_not_recommendation_or_position_output
2026-03-23,market_breadth_proxy,Market breadth derived proxy,derived_market_breadth,committed_provider02b_cross_section_proxy,,,,,,,,50,0.0600000000,0.9400000000,0.0167390105,0.0792213965,0.0107654560,market_breadth_proxy,baostock,2026-03-23,2026-03-23,passed_current_or_past_only,derived_from_committed_provider02b_and_regime01,research_only_not_recommendation_or_position_output
2026-03-23,market_dispersion_proxy,Market dispersion derived proxy,derived_market_dispersion,committed_provider02b_cross_section_proxy,,,,,,,,50,0.0600000000,0.9400000000,0.0167390105,0.0792213965,0.0107654560,industry_indices,baostock,2026-03-23,2026-03-23,passed_current_or_past_only,derived_from_committed_provider02b_and_regime01,research_only_not_recommendation_or_position_output
2026-03-23,market_liquidity_proxy,Market liquidity derived proxy,derived_market_liquidity,committed_provider02b_cross_section_proxy,,,,,,,1.9379160000,50,0.0600000000,0.9400000000,0.0167390105,0.0792213965,0.0107654560,market_turnover_proxy,baostock,2026-03-23,2026-03-23,passed_current_or_past_only,derived_from_committed_provider02b_and_regime01,research_only_not_recommendation_or_position_output
2026-03-24,market_breadth_proxy,Market breadth derived proxy,derived_market_breadth,committed_provider02b_cross_section_proxy,,,,,,,,50,0.8800000000,0.1200000000,-0.0055138839,0.0726088841,0.0112130679,market_breadth_proxy,baostock,2026-03-24,2026-03-24,passed_current_or_past_only,derived_from_committed_provider02b_and_regime01,research_only_not_recommendation_or_position_output
2026-03-24,market_dispersion_proxy,Market dispersion derived proxy,derived_market_dispersion,committed_provider02b_cross_section_proxy,,,,,,,,50,0.8800000000,0.1200000000,-0.0055138839,0.0726088841,0.0112130679,industry_indices,baostock,2026-03-24,2026-03-24,passed_current_or_past_only,derived_from_committed_provider02b_and_regime01,research_only_not_recommendation_or_position_output
2026-03-24,market_liquidity_proxy,Market liquidity derived proxy,derived_market_liquidity,committed_provider02b_cross_section_proxy,,,,,,,1.5524680000,50,0.8800000000,0.1200000000,-0.0055138839,0.0726088841,0.0112130679,market_turnover_proxy,baostock,2026-03-24,2026-03-24,passed_current_or_past_only,derived_from_committed_provider02b_and_regime01,research_only_not_recommendation_or_position_output
2026-03-25,market_breadth_proxy,Market breadth derived proxy,derived_market_breadth,committed_provider02b_cross_section_proxy,,,,,,,,50,0.8200000000,0.1800000000,-0.0025121513,0.0548459695,0.0114721367,market_breadth_proxy,baostock,2026-03-25,2026-03-25,passed_current_or_past_only,derived_from_committed_provider02b_and_regime01,research_only_not_recommendation_or_position_output
2026-03-25,market_dispersion_proxy,Market dispersion derived proxy,derived_market_dispersion,committed_provider02b_cross_section_proxy,,,,,,,,50,0.8200000000,0.1800000000,-0.0025121513,0.0548459695,0.0114721367,industry_indices,baostock,2026-03-25,2026-03-25,passed_current_or_past_only,derived_from_committed_provider02b_and_regime01,research_only_not_recommendation_or_position_output
2026-03-25,market_liquidity_proxy,Market liquidity derived proxy,derived_market_liquidity,committed_provider02b_cross_section_proxy,,,,,,,1.4811080000,50,0.8200000000,0.1800000000,-0.0025121513,0.0548459695,0.0114721367,market_turnover_proxy,baostock,2026-03-25,2026-03-25,passed_current_or_past_only,derived_from_committed_provider02b_and_regime01,research_only_not_recommendation_or_position_output
2026-03-26,market_breadth_proxy,Market breadth derived proxy,derived_market_breadth,committed_provider02b_cross_section_proxy,,,,,,,,50,0.1400000000,0.8400000000,0.0003081607,0.0651775018,0.0116087167,market_breadth_proxy,baostock,2026-03-26,2026-03-26,passed_current_or_past_only,derived_from_committed_provider02b_and_regime01,research_only_not_recommendation_or_position_output
2026-03-26,market_dispersion_proxy,Market dispersion derived proxy,derived_market_dispersion,committed_provider02b_cross_section_proxy,,,,,,,,50,0.1400000000,0.8400000000,0.0003081607,0.0651775018,0.0116087167,industry_indices,baostock,2026-03-26,2026-03-26,passed_current_or_past_only,derived_from_committed_provider02b_and_regime01,research_only_not_recommendation_or_position_output
2026-03-26,market_liquidity_proxy,Market liquidity derived proxy,derived_market_liquidity,committed_provider02b_cross_section_proxy,,,,,,,1.4294940000,50,0.1400000000,0.8400000000,0.0003081607,0.0651775018,0.0116087167,market_turnover_proxy,baostock,2026-03-26,2026-03-26,passed_current_or_past_only,derived_from_committed_provider02b_and_regime01,research_only_not_recommendation_or_position_output
2026-03-27,market_breadth_proxy,Market breadth derived proxy,derived_market_breadth,committed_provider02b_cross_section_proxy,,,,,,,,50,0.8000000000,0.1800000000,-0.0137212531,0.0596053169,0.0115264746,market_breadth_proxy,baostock,2026-03-27,2026-03-27,passed_current_or_past_only,derived_from_committed_provider02b_and_regime01,research_only_not_recommendation_or_position_output
2026-03-27,market_dispersion_proxy,Market dispersion derived proxy,derived_market_dispersion,committed_provider02b_cross_section_proxy,,,,,,,,50,0.8000000000,0.1800000000,-0.0137212531,0.0596053169,0.0115264746,industry_indices,baostock,2026-03-27,2026-03-27,passed_current_or_past_only,derived_from_committed_provider02b_and_regime01,research_only_not_recommendation_or_position_output
2026-03-27,market_liquidity_proxy,Market liquidity derived proxy,derived_market_liquidity,committed_provider02b_cross_section_proxy,,,,,,,1.5652440000,50,0.8000000000,0.1800000000,-0.0137212531,0.0596053169,0.0115264746,market_turnover_proxy,baostock,2026-03-27,2026-03-27,passed_current_or_past_only,derived_from_committed_provider02b_and_regime01,research_only_not_recommendation_or_position_output
2026-03-30,market_breadth_proxy,Market breadth derived proxy,derived_market_breadth,committed_provider02b_cross_section_proxy,,,,,,,,50,0.4400000000,0.5600000000,-0.0114279545,0.0592745467,0.0112601152,market_breadth_proxy,baostock,2026-03-30,2026-03-30,passed_current_or_past_only,derived_from_committed_provider02b_and_regime01,research_only_not_recommendation_or_position_output
2026-03-30,market_dispersion_proxy,Market dispersion derived proxy,derived_market_dispersion,committed_provider02b_cross_section_proxy,,,,,,,,50,0.4400000000,0.5600000000,-0.0114279545,0.0592745467,0.0112601152,industry_indices,baostock,2026-03-30,2026-03-30,passed_current_or_past_only,derived_from_committed_provider02b_and_regime01,research_only_not_recommendation_or_position_output
2026-03-30,market_liquidity_proxy,Market liquidity derived proxy,derived_market_liquidity,committed_provider02b_cross_section_proxy,,,,,,,1.5317760000,50,0.4400000000,0.5600000000,-0.0114279545,0.0592745467,0.0112601152,market_turnover_proxy,baostock,2026-03-30,2026-03-30,passed_current_or_past_only,derived_from_committed_provider02b_and_regime01,research_only_not_recommendation_or_position_output
2026-03-31,market_breadth_proxy,Market breadth derived proxy,derived_market_breadth,committed_provider02b_cross_section_proxy,,,,,,,,50,0.2600000000,0.7400000000,0.0326977726,0.0809648334,0.0117923957,market_breadth_proxy,baostock,2026-03-31,2026-03-31,passed_current_or_past_only,derived_from_committed_provider02b_and_regime01,research_only_not_recommendation_or_position_output
2026-03-31,market_dispersion_proxy,Market dispersion derived proxy,derived_market_dispersion,committed_provider02b_cross_section_proxy,,,,,,,,50,0.2600000000,0.7400000000,0.0326977726,0.0809648334,0.0117923957,industry_indices,baostock,2026-03-31,2026-03-31,passed_current_or_past_only,derived_from_committed_provider02b_and_regime01,research_only_not_recommendation_or_position_output
2026-03-31,market_liquidity_proxy,Market liquidity derived proxy,derived_market_liquidity,committed_provider02b_cross_section_proxy,,,,,,,1.5406320000,50,0.2600000000,0.7400000000,0.0326977726,0.0809648334,0.0117923957,market_turnover_proxy,baostock,2026-03-31,2026-03-31,passed_current_or_past_only,derived_from_committed_provider02b_and_regime01,research_only_not_recommendation_or_position_output
2026-04-01,market_breadth_proxy,Market breadth derived proxy,derived_market_breadth,committed_provider02b_cross_section_proxy,,,,,,,,50,0.8600000000,0.1200000000,0.0088723613,0.0621378589,0.0117098110,market_breadth_proxy,baostock,2026-04-01,2026-04-01,passed_current_or_past_only,derived_from_committed_provider02b_and_regime01,research_only_not_recommendation_or_position_output
2026-04-01,market_dispersion_proxy,Market dispersion derived proxy,derived_market_dispersion,committed_provider02b_cross_section_proxy,,,,,,,,50,0.8600000000,0.1200000000,0.0088723613,0.0621378589,0.0117098110,industry_indices,baostock,2026-04-01,2026-04-01,passed_current_or_past_only,derived_from_committed_provider02b_and_regime01,research_only_not_recommendation_or_position_output
2026-04-01,market_liquidity_proxy,Market liquidity derived proxy,derived_market_liquidity,committed_provider02b_cross_section_proxy,,,,,,,1.4576060000,50,0.8600000000,0.1200000000,0.0088723613,0.0621378589,0.0117098110,market_turnover_proxy,baostock,2026-04-01,2026-04-01,passed_current_or_past_only,derived_from_committed_provider02b_and_regime01,research_only_not_recommendation_or_position_output
2026-04-02,market_breadth_proxy,Market breadth derived proxy,derived_market_breadth,committed_provider02b_cross_section_proxy,,,,,,,,50,0.3200000000,0.6800000000,0.0351985764,0.0889008119,0.0117493711,market_breadth_proxy,baostock,2026-04-02,2026-04-02,passed_current_or_past_only,derived_from_committed_provider02b_and_regime01,research_only_not_recommendation_or_position_output
2026-04-02,market_dispersion_proxy,Market dispersion derived proxy,derived_market_dispersion,committed_provider02b_cross_section_proxy,,,,,,,,50,0.3200000000,0.6800000000,0.0351985764,0.0889008119,0.0117493711,industry_indices,baostock,2026-04-02,2026-04-02,passed_current_or_past_only,derived_from_committed_provider02b_and_regime01,research_only_not_recommendation_or_position_output
2026-04-02,market_liquidity_proxy,Market liquidity derived proxy,derived_market_liquidity,committed_provider02b_cross_section_proxy,,,,,,,1.5018540000,50,0.3200000000,0.6800000000,0.0351985764,0.0889008119,0.0117493711,market_turnover_proxy,baostock,2026-04-02,2026-04-02,passed_current_or_past_only,derived_from_committed_provider02b_and_regime01,research_only_not_recommendation_or_position_output
2026-04-03,market_breadth_proxy,Market breadth derived proxy,derived_market_breadth,committed_provider02b_cross_section_proxy,,,,,,,,50,0.1200000000,0.8800000000,0.0462453192,0.1035223494,0.0116365565,market_breadth_proxy,baostock,2026-04-03,2026-04-03,passed_current_or_past_only,derived_from_committed_provider02b_and_regime01,research_only_not_recommendation_or_position_output
2026-04-03,market_dispersion_proxy,Market dispersion derived proxy,derived_market_dispersion,committed_provider02b_cross_section_proxy,,,,,,,,50,0.1200000000,0.8800000000,0.0462453192,0.1035223494,0.0116365565,industry_indices,baostock,2026-04-03,2026-04-03,passed_current_or_past_only,derived_from_committed_provider02b_and_regime01,research_only_not_recommendation_or_position_output
2026-04-03,market_liquidity_proxy,Market liquidity derived proxy,derived_market_liquidity,committed_provider02b_cross_section_proxy,,,,,,,1.2128460000,50,0.1200000000,0.8800000000,0.0462453192,0.1035223494,0.0116365565,market_turnover_proxy,baostock,2026-04-03,2026-04-03,passed_current_or_past_only,derived_from_committed_provider02b_and_regime01,research_only_not_recommendation_or_position_output
2026-04-07,market_breadth_proxy,Market breadth derived proxy,derived_market_breadth,committed_provider02b_cross_section_proxy,,,,,,,,50,0.3400000000,0.6400000000,0.0587007497,0.0971252593,0.0138171449,market_breadth_proxy,baostock,2026-04-07,2026-04-07,passed_current_or_past_only,derived_from_committed_provider02b_and_regime01,research_only_not_recommendation_or_position_output
2026-04-07,market_dispersion_proxy,Market dispersion derived proxy,derived_market_dispersion,committed_provider02b_cross_section_proxy,,,,,,,,50,0.3400000000,0.6400000000,0.0587007497,0.0971252593,0.0138171449,industry_indices,baostock,2026-04-07,2026-04-07,passed_current_or_past_only,derived_from_committed_provider02b_and_regime01,research_only_not_recommendation_or_position_output
2026-04-07,market_liquidity_proxy,Market liquidity derived proxy,derived_market_liquidity,committed_provider02b_cross_section_proxy,,,,,,,1.0832500000,50,0.3400000000,0.6400000000,0.0587007497,0.0971252593,0.0138171449,market_turnover_proxy,baostock,2026-04-07,2026-04-07,passed_current_or_past_only,derived_from_committed_provider02b_and_regime01,research_only_not_recommendation_or_position_output
2026-04-08,market_breadth_proxy,Market breadth derived proxy,derived_market_breadth,committed_provider02b_cross_section_proxy,,,,,,,,50,0.9600000000,0.0400000000,0.0195167679,0.0775272024,0.0137678558,market_breadth_proxy,baostock,2026-04-08,2026-04-08,passed_current_or_past_only,derived_from_committed_provider02b_and_regime01,research_only_not_recommendation_or_position_output
2026-04-08,market_dispersion_proxy,Market dispersion derived proxy,derived_market_dispersion,committed_provider02b_cross_section_proxy,,,,,,,,50,0.9600000000,0.0400000000,0.0195167679,0.0775272024,0.0137678558,industry_indices,baostock,2026-04-08,2026-04-08,passed_current_or_past_only,derived_from_committed_provider02b_and_regime01,research_only_not_recommendation_or_position_output
2026-04-08,market_liquidity_proxy,Market liquidity derived proxy,derived_market_liquidity,committed_provider02b_cross_section_proxy,,,,,,,1.8560400000,50,0.9600000000,0.0400000000,0.0195167679,0.0775272024,0.0137678558,market_turnover_proxy,baostock,2026-04-08,2026-04-08,passed_current_or_past_only,derived_from_committed_provider02b_and_regime01,research_only_not_recommendation_or_position_output
2026-04-09,market_breadth_proxy,Market breadth derived proxy,derived_market_breadth,committed_provider02b_cross_section_proxy,,,,,,,,50,0.1800000000,0.8200000000,0.0373139844,0.0836189432,0.0142309981,market_breadth_proxy,baostock,2026-04-09,2026-04-09,passed_current_or_past_only,derived_from_committed_provider02b_and_regime01,research_only_not_recommendation_or_position_output
2026-04-09,market_dispersion_proxy,Market dispersion derived proxy,derived_market_dispersion,committed_provider02b_cross_section_proxy,,,,,,,,50,0.1800000000,0.8200000000,0.0373139844,0.0836189432,0.0142309981,industry_indices,baostock,2026-04-09,2026-04-09,passed_current_or_past_only,derived_from_committed_provider02b_and_regime01,research_only_not_recommendation_or_position_output
2026-04-09,market_liquidity_proxy,Market liquidity derived proxy,derived_market_liquidity,committed_provider02b_cross_section_proxy,,,,,,,1.5485340000,50,0.1800000000,0.8200000000,0.0373139844,0.0836189432,0.0142309981,market_turnover_proxy,baostock,2026-04-09,2026-04-09,passed_current_or_past_only,derived_from_committed_provider02b_and_regime01,research_only_not_recommendation_or_position_output
2026-04-10,market_breadth_proxy,Market breadth derived proxy,derived_market_breadth,committed_provider02b_cross_section_proxy,,,,,,,,50,0.7600000000,0.2200000000,0.0198651567,0.0780267636,0.0142176118,market_breadth_proxy,baostock,2026-04-10,2026-04-10,passed_current_or_past_only,derived_from_committed_provider02b_and_regime01,research_only_not_recommendation_or_position_output
2026-04-10,market_dispersion_proxy,Market dispersion derived proxy,derived_market_dispersion,committed_provider02b_cross_section_proxy,,,,,,,,50,0.7600000000,0.2200000000,0.0198651567,0.0780267636,0.0142176118,industry_indices,baostock,2026-04-10,2026-04-10,passed_current_or_past_only,derived_from_committed_provider02b_and_regime01,research_only_not_recommendation_or_position_output
2026-04-10,market_liquidity_proxy,Market liquidity derived proxy,derived_market_liquidity,committed_provider02b_cross_section_proxy,,,,,,,1.9321020000,50,0.7600000000,0.2200000000,0.0198651567,0.0780267636,0.0142176118,market_turnover_proxy,baostock,2026-04-10,2026-04-10,passed_current_or_past_only,derived_from_committed_provider02b_and_regime01,research_only_not_recommendation_or_position_output
2026-04-13,market_breadth_proxy,Market breadth derived proxy,derived_market_breadth,committed_provider02b_cross_section_proxy,,,,,,,,50,0.4600000000,0.5400000000,0.0239525607,0.0577773499,0.0144571842,market_breadth_proxy,baostock,2026-04-13,2026-04-13,passed_current_or_past_only,derived_from_committed_provider02b_and_regime01,research_only_not_recommendation_or_position_output
2026-04-13,market_dispersion_proxy,Market dispersion derived proxy,derived_market_dispersion,committed_provider02b_cross_section_proxy,,,,,,,,50,0.4600000000,0.5400000000,0.0239525607,0.0577773499,0.0144571842,industry_indices,baostock,2026-04-13,2026-04-13,passed_current_or_past_only,derived_from_committed_provider02b_and_regime01,research_only_not_recommendation_or_position_output
2026-04-13,market_liquidity_proxy,Market liquidity derived proxy,derived_market_liquidity,committed_provider02b_cross_section_proxy,,,,,,,1.7485720000,50,0.4600000000,0.5400000000,0.0239525607,0.0577773499,0.0144571842,market_turnover_proxy,baostock,2026-04-13,2026-04-13,passed_current_or_past_only,derived_from_committed_provider02b_and_regime01,research_only_not_recommendation_or_position_output
2026-04-14,market_breadth_proxy,Market breadth derived proxy,derived_market_breadth,committed_provider02b_cross_section_proxy,,,,,,,,50,0.7800000000,0.2000000000,0.0141904433,0.0336735688,0.0143778582,market_breadth_proxy,baostock,2026-04-14,2026-04-14,passed_current_or_past_only,derived_from_committed_provider02b_and_regime01,research_only_not_recommendation_or_position_output
2026-04-14,market_dispersion_proxy,Market dispersion derived proxy,derived_market_dispersion,committed_provider02b_cross_section_proxy,,,,,,,,50,0.7800000000,0.2000000000,0.0141904433,0.0336735688,0.0143778582,industry_indices,baostock,2026-04-14,2026-04-14,passed_current_or_past_only,derived_from_committed_provider02b_and_regime01,research_only_not_recommendation_or_position_output
2026-04-14,market_liquidity_proxy,Market liquidity derived proxy,derived_market_liquidity,committed_provider02b_cross_section_proxy,,,,,,,1.7573980000,50,0.7800000000,0.2000000000,0.0141904433,0.0336735688,0.0143778582,market_turnover_proxy,baostock,2026-04-14,2026-04-14,passed_current_or_past_only,derived_from_committed_provider02b_and_regime01,research_only_not_recommendation_or_position_output
2026-04-15,market_breadth_proxy,Market breadth derived proxy,derived_market_breadth,committed_provider02b_cross_section_proxy,,,,,,,,50,0.4400000000,0.5400000000,0.0244129316,0.0316477059,0.0145332194,market_breadth_proxy,baostock,2026-04-15,2026-04-15,passed_current_or_past_only,derived_from_committed_provider02b_and_regime01,research_only_not_recommendation_or_position_output
2026-04-15,market_dispersion_proxy,Market dispersion derived proxy,derived_market_dispersion,committed_provider02b_cross_section_proxy,,,,,,,,50,0.4400000000,0.5400000000,0.0244129316,0.0316477059,0.0145332194,industry_indices,baostock,2026-04-15,2026-04-15,passed_current_or_past_only,derived_from_committed_provider02b_and_regime01,research_only_not_recommendation_or_position_output
2026-04-15,market_liquidity_proxy,Market liquidity derived proxy,derived_market_liquidity,committed_provider02b_cross_section_proxy,,,,,,,1.7590380000,50,0.4400000000,0.5400000000,0.0244129316,0.0316477059,0.0145332194,market_turnover_proxy,baostock,2026-04-15,2026-04-15,passed_current_or_past_only,derived_from_committed_provider02b_and_regime01,research_only_not_recommendation_or_position_output
2026-04-16,market_breadth_proxy,Market breadth derived proxy,derived_market_breadth,committed_provider02b_cross_section_proxy,,,,,,,,50,0.5400000000,0.4400000000,0.0104968794,0.0245482648,0.0140174297,market_breadth_proxy,baostock,2026-04-16,2026-04-16,passed_current_or_past_only,derived_from_committed_provider02b_and_regime01,research_only_not_recommendation_or_position_output
2026-04-16,market_dispersion_proxy,Market dispersion derived proxy,derived_market_dispersion,committed_provider02b_cross_section_proxy,,,,,,,,50,0.5400000000,0.4400000000,0.0104968794,0.0245482648,0.0140174297,industry_indices,baostock,2026-04-16,2026-04-16,passed_current_or_past_only,derived_from_committed_provider02b_and_regime01,research_only_not_recommendation_or_position_output
2026-04-16,market_liquidity_proxy,Market liquidity derived proxy,derived_market_liquidity,committed_provider02b_cross_section_proxy,,,,,,,1.6850380000,50,0.5400000000,0.4400000000,0.0104968794,0.0245482648,0.0140174297,market_turnover_proxy,baostock,2026-04-16,2026-04-16,passed_current_or_past_only,derived_from_committed_provider02b_and_regime01,research_only_not_recommendation_or_position_output
2026-04-17,market_breadth_proxy,Market breadth derived proxy,derived_market_breadth,committed_provider02b_cross_section_proxy,,,,,,,,50,0.2000000000,0.7600000000,0.0086064763,0.0258060636,0.0139957609,market_breadth_proxy,baostock,2026-04-17,2026-04-17,passed_current_or_past_only,derived_from_committed_provider02b_and_regime01,research_only_not_recommendation_or_position_output
2026-04-17,market_dispersion_proxy,Market dispersion derived proxy,derived_market_dispersion,committed_provider02b_cross_section_proxy,,,,,,,,50,0.2000000000,0.7600000000,0.0086064763,0.0258060636,0.0139957609,industry_indices,baostock,2026-04-17,2026-04-17,passed_current_or_past_only,derived_from_committed_provider02b_and_regime01,research_only_not_recommendation_or_position_output
2026-04-17,market_liquidity_proxy,Market liquidity derived proxy,derived_market_liquidity,committed_provider02b_cross_section_proxy,,,,,,,1.6500020000,50,0.2000000000,0.7600000000,0.0086064763,0.0258060636,0.0139957609,market_turnover_proxy,baostock,2026-04-17,2026-04-17,passed_current_or_past_only,derived_from_committed_provider02b_and_regime01,research_only_not_recommendation_or_position_output
2026-04-20,market_breadth_proxy,Market breadth derived proxy,derived_market_breadth,committed_provider02b_cross_section_proxy,,,,,,,,50,0.5200000000,0.4600000000,0.0028387104,0.0053927511,0.0115060959,market_breadth_proxy,baostock,2026-04-20,2026-04-20,passed_current_or_past_only,derived_from_committed_provider02b_and_regime01,research_only_not_recommendation_or_position_output
2026-04-20,market_dispersion_proxy,Market dispersion derived proxy,derived_market_dispersion,committed_provider02b_cross_section_proxy,,,,,,,,50,0.5200000000,0.4600000000,0.0028387104,0.0053927511,0.0115060959,industry_indices,baostock,2026-04-20,2026-04-20,passed_current_or_past_only,derived_from_committed_provider02b_and_regime01,research_only_not_recommendation_or_position_output
2026-04-20,market_liquidity_proxy,Market liquidity derived proxy,derived_market_liquidity,committed_provider02b_cross_section_proxy,,,,,,,1.7382980000,50,0.5200000000,0.4600000000,0.0028387104,0.0053927511,0.0115060959,market_turnover_proxy,baostock,2026-04-20,2026-04-20,passed_current_or_past_only,derived_from_committed_provider02b_and_regime01,research_only_not_recommendation_or_position_output
2026-04-21,market_breadth_proxy,Market breadth derived proxy,derived_market_breadth,committed_provider02b_cross_section_proxy,,,,,,,,50,0.4000000000,0.6000000000,-0.0020530005,0.0161700186,0.0113429463,market_breadth_proxy,baostock,2026-04-21,2026-04-21,passed_current_or_past_only,derived_from_committed_provider02b_and_regime01,research_only_not_recommendation_or_position_output
2026-04-21,market_dispersion_proxy,Market dispersion derived proxy,derived_market_dispersion,committed_provider02b_cross_section_proxy,,,,,,,,50,0.4000000000,0.6000000000,-0.0020530005,0.0161700186,0.0113429463,industry_indices,baostock,2026-04-21,2026-04-21,passed_current_or_past_only,derived_from_committed_provider02b_and_regime01,research_only_not_recommendation_or_position_output
2026-04-21,market_liquidity_proxy,Market liquidity derived proxy,derived_market_liquidity,committed_provider02b_cross_section_proxy,,,,,,,1.6620560000,50,0.4000000000,0.6000000000,-0.0020530005,0.0161700186,0.0113429463,market_turnover_proxy,baostock,2026-04-21,2026-04-21,passed_current_or_past_only,derived_from_committed_provider02b_and_regime01,research_only_not_recommendation_or_position_output
2026-04-22,market_breadth_proxy,Market breadth derived proxy,derived_market_breadth,committed_provider02b_cross_section_proxy,,,,,,,,50,0.5600000000,0.4400000000,0.0022334652,0.0254124748,0.0111585668,market_breadth_proxy,baostock,2026-04-22,2026-04-22,passed_current_or_past_only,derived_from_committed_provider02b_and_regime01,research_only_not_recommendation_or_position_output
2026-04-22,market_dispersion_proxy,Market dispersion derived proxy,derived_market_dispersion,committed_provider02b_cross_section_proxy,,,,,,,,50,0.5600000000,0.4400000000,0.0022334652,0.0254124748,0.0111585668,industry_indices,baostock,2026-04-22,2026-04-22,passed_current_or_past_only,derived_from_committed_provider02b_and_regime01,research_only_not_recommendation_or_position_output
2026-04-22,market_liquidity_proxy,Market liquidity derived proxy,derived_market_liquidity,committed_provider02b_cross_section_proxy,,,,,,,1.8648620000,50,0.5600000000,0.4400000000,0.0022334652,0.0254124748,0.0111585668,market_turnover_proxy,baostock,2026-04-22,2026-04-22,passed_current_or_past_only,derived_from_committed_provider02b_and_regime01,research_only_not_recommendation_or_position_output
2026-04-23,market_breadth_proxy,Market breadth derived proxy,derived_market_breadth,committed_provider02b_cross_section_proxy,,,,,,,,50,0.2600000000,0.7200000000,0.0043832356,0.0337465430,0.0106555979,market_breadth_proxy,baostock,2026-04-23,2026-04-23,passed_current_or_past_only,derived_from_committed_provider02b_and_regime01,research_only_not_recommendation_or_position_output
2026-04-23,market_dispersion_proxy,Market dispersion derived proxy,derived_market_dispersion,committed_provider02b_cross_section_proxy,,,,,,,,50,0.2600000000,0.7200000000,0.0043832356,0.0337465430,0.0106555979,industry_indices,baostock,2026-04-23,2026-04-23,passed_current_or_past_only,derived_from_committed_provider02b_and_regime01,research_only_not_recommendation_or_position_output
2026-04-23,market_liquidity_proxy,Market liquidity derived proxy,derived_market_liquidity,committed_provider02b_cross_section_proxy,,,,,,,1.9975480000,50,0.2600000000,0.7200000000,0.0043832356,0.0337465430,0.0106555979,market_turnover_proxy,baostock,2026-04-23,2026-04-23,passed_current_or_past_only,derived_from_committed_provider02b_and_regime01,research_only_not_recommendation_or_position_output
2026-04-24,market_breadth_proxy,Market breadth derived proxy,derived_market_breadth,committed_provider02b_cross_section_proxy,,,,,,,,50,0.4400000000,0.5400000000,0.0225867205,0.0291029287,0.0106586964,market_breadth_proxy,baostock,2026-04-24,2026-04-24,passed_current_or_past_only,derived_from_committed_provider02b_and_regime01,research_only_not_recommendation_or_position_output
2026-04-24,market_dispersion_proxy,Market dispersion derived proxy,derived_market_dispersion,committed_provider02b_cross_section_proxy,,,,,,,,50,0.4400000000,0.5400000000,0.0225867205,0.0291029287,0.0106586964,industry_indices,baostock,2026-04-24,2026-04-24,passed_current_or_past_only,derived_from_committed_provider02b_and_regime01,research_only_not_recommendation_or_position_output
2026-04-24,market_liquidity_proxy,Market liquidity derived proxy,derived_market_liquidity,committed_provider02b_cross_section_proxy,,,,,,,2.1211520000,50,0.4400000000,0.5400000000,0.0225867205,0.0291029287,0.0106586964,market_turnover_proxy,baostock,2026-04-24,2026-04-24,passed_current_or_past_only,derived_from_committed_provider02b_and_regime01,research_only_not_recommendation_or_position_output
2026-04-27,market_breadth_proxy,Market breadth derived proxy,derived_market_breadth,committed_provider02b_cross_section_proxy,,,,,,,,50,0.5400000000,0.4400000000,0.0271566426,0.0300289236,0.0106666724,market_breadth_proxy,baostock,2026-04-27,2026-04-27,passed_current_or_past_only,derived_from_committed_provider02b_and_regime01,research_only_not_recommendation_or_position_output
2026-04-27,market_dispersion_proxy,Market dispersion derived proxy,derived_market_dispersion,committed_provider02b_cross_section_proxy,,,,,,,,50,0.5400000000,0.4400000000,0.0271566426,0.0300289236,0.0106666724,industry_indices,baostock,2026-04-27,2026-04-27,passed_current_or_past_only,derived_from_committed_provider02b_and_regime01,research_only_not_recommendation_or_position_output
2026-04-27,market_liquidity_proxy,Market liquidity derived proxy,derived_market_liquidity,committed_provider02b_cross_section_proxy,,,,,,,2.0205860000,50,0.5400000000,0.4400000000,0.0271566426,0.0300289236,0.0106666724,market_turnover_proxy,baostock,2026-04-27,2026-04-27,passed_current_or_past_only,derived_from_committed_provider02b_and_regime01,research_only_not_recommendation_or_position_output
2026-04-28,market_breadth_proxy,Market breadth derived proxy,derived_market_breadth,committed_provider02b_cross_section_proxy,,,,,,,,50,0.5400000000,0.4400000000,0.0238963687,0.0281435766,0.0104134021,market_breadth_proxy,baostock,2026-04-28,2026-04-28,passed_current_or_past_only,derived_from_committed_provider02b_and_regime01,research_only_not_recommendation_or_position_output
2026-04-28,market_dispersion_proxy,Market dispersion derived proxy,derived_market_dispersion,committed_provider02b_cross_section_proxy,,,,,,,,50,0.5400000000,0.4400000000,0.0238963687,0.0281435766,0.0104134021,industry_indices,baostock,2026-04-28,2026-04-28,passed_current_or_past_only,derived_from_committed_provider02b_and_regime01,research_only_not_recommendation_or_position_output
2026-04-28,market_liquidity_proxy,Market liquidity derived proxy,derived_market_liquidity,committed_provider02b_cross_section_proxy,,,,,,,1.8822160000,50,0.5400000000,0.4400000000,0.0238963687,0.0281435766,0.0104134021,market_turnover_proxy,baostock,2026-04-28,2026-04-28,passed_current_or_past_only,derived_from_committed_provider02b_and_regime01,research_only_not_recommendation_or_position_output
2026-04-29,market_breadth_proxy,Market breadth derived proxy,derived_market_breadth,committed_provider02b_cross_section_proxy,,,,,,,,50,0.7800000000,0.2000000000,0.0294136381,0.0070491383,0.0100043995,market_breadth_proxy,baostock,2026-04-29,2026-04-29,passed_current_or_past_only,derived_from_committed_provider02b_and_regime01,research_only_not_recommendation_or_position_output
2026-04-29,market_dispersion_proxy,Market dispersion derived proxy,derived_market_dispersion,committed_provider02b_cross_section_proxy,,,,,,,,50,0.7800000000,0.2000000000,0.0294136381,0.0070491383,0.0100043995,industry_indices,baostock,2026-04-29,2026-04-29,passed_current_or_past_only,derived_from_committed_provider02b_and_regime01,research_only_not_recommendation_or_position_output
2026-04-29,market_liquidity_proxy,Market liquidity derived proxy,derived_market_liquidity,committed_provider02b_cross_section_proxy,,,,,,,2.1740080000,50,0.7800000000,0.2000000000,0.0294136381,0.0070491383,0.0100043995,market_turnover_proxy,baostock,2026-04-29,2026-04-29,passed_current_or_past_only,derived_from_committed_provider02b_and_regime01,research_only_not_recommendation_or_position_output
2026-04-30,market_breadth_proxy,Market breadth derived proxy,derived_market_breadth,committed_provider02b_cross_section_proxy,,,,,,,,50,0.3600000000,0.5800000000,0.0292761837,0.0223102461,0.0097976172,market_breadth_proxy,baostock,2026-04-30,2026-04-30,passed_current_or_past_only,derived_from_committed_provider02b_and_regime01,research_only_not_recommendation_or_position_output
2026-04-30,market_dispersion_proxy,Market dispersion derived proxy,derived_market_dispersion,committed_provider02b_cross_section_proxy,,,,,,,,50,0.3600000000,0.5800000000,0.0292761837,0.0223102461,0.0097976172,industry_indices,baostock,2026-04-30,2026-04-30,passed_current_or_past_only,derived_from_committed_provider02b_and_regime01,research_only_not_recommendation_or_position_output
2026-04-30,market_liquidity_proxy,Market liquidity derived proxy,derived_market_liquidity,committed_provider02b_cross_section_proxy,,,,,,,2.0748000000,50,0.3600000000,0.5800000000,0.0292761837,0.0223102461,0.0097976172,market_turnover_proxy,baostock,2026-04-30,2026-04-30,passed_current_or_past_only,derived_from_committed_provider02b_and_regime01,research_only_not_recommendation_or_position_output
2026-05-06,market_breadth_proxy,Market breadth derived proxy,derived_market_breadth,committed_provider02b_cross_section_proxy,,,,,,,,50,0.6000000000,0.4000000000,0.0248608126,0.0126542384,0.0093453397,market_breadth_proxy,baostock,2026-05-06,2026-05-06,passed_current_or_past_only,derived_from_committed_provider02b_and_regime01,research_only_not_recommendation_or_position_output
2026-05-06,market_dispersion_proxy,Market dispersion derived proxy,derived_market_dispersion,committed_provider02b_cross_section_proxy,,,,,,,,50,0.6000000000,0.4000000000,0.0248608126,0.0126542384,0.0093453397,industry_indices,baostock,2026-05-06,2026-05-06,passed_current_or_past_only,derived_from_committed_provider02b_and_regime01,research_only_not_recommendation_or_position_output
2026-05-06,market_liquidity_proxy,Market liquidity derived proxy,derived_market_liquidity,committed_provider02b_cross_section_proxy,,,,,,,2.3713100000,50,0.6000000000,0.4000000000,0.0248608126,0.0126542384,0.0093453397,market_turnover_proxy,baostock,2026-05-06,2026-05-06,passed_current_or_past_only,derived_from_committed_provider02b_and_regime01,research_only_not_recommendation_or_position_output
2026-05-07,market_breadth_proxy,Market breadth derived proxy,derived_market_breadth,committed_provider02b_cross_section_proxy,,,,,,,,50,0.5200000000,0.4400000000,0.0028746601,0.0008643182,0.0095833777,market_breadth_proxy,baostock,2026-05-07,2026-05-07,passed_current_or_past_only,derived_from_committed_provider02b_and_regime01,research_only_not_recommendation_or_position_output
2026-05-07,market_dispersion_proxy,Market dispersion derived proxy,derived_market_dispersion,committed_provider02b_cross_section_proxy,,,,,,,,50,0.5200000000,0.4400000000,0.0028746601,0.0008643182,0.0095833777,industry_indices,baostock,2026-05-07,2026-05-07,passed_current_or_past_only,derived_from_committed_provider02b_and_regime01,research_only_not_recommendation_or_position_output
2026-05-07,market_liquidity_proxy,Market liquidity derived proxy,derived_market_liquidity,committed_provider02b_cross_section_proxy,,,,,,,2.1680060000,50,0.5200000000,0.4400000000,0.0028746601,0.0008643182,0.0095833777,market_turnover_proxy,baostock,2026-05-07,2026-05-07,passed_current_or_past_only,derived_from_committed_provider02b_and_regime01,research_only_not_recommendation_or_position_output
2026-05-08,market_breadth_proxy,Market breadth derived proxy,derived_market_breadth,committed_provider02b_cross_section_proxy,,,,,,,,50,0.3200000000,0.6800000000,-0.0025286786,-0.0112876213,0.0072279843,market_breadth_proxy,baostock,2026-05-08,2026-05-08,passed_current_or_past_only,derived_from_committed_provider02b_and_regime01,research_only_not_recommendation_or_position_output
2026-05-08,market_dispersion_proxy,Market dispersion derived proxy,derived_market_dispersion,committed_provider02b_cross_section_proxy,,,,,,,,50,0.3200000000,0.6800000000,-0.0025286786,-0.0112876213,0.0072279843,industry_indices,baostock,2026-05-08,2026-05-08,passed_current_or_past_only,derived_from_committed_provider02b_and_regime01,research_only_not_recommendation_or_position_output
2026-05-08,market_liquidity_proxy,Market liquidity derived proxy,derived_market_liquidity,committed_provider02b_cross_section_proxy,,,,,,,1.8827580000,50,0.3200000000,0.6800000000,-0.0025286786,-0.0112876213,0.0072279843,market_turnover_proxy,baostock,2026-05-08,2026-05-08,passed_current_or_past_only,derived_from_committed_provider02b_and_regime01,research_only_not_recommendation_or_position_output
2026-05-11,market_breadth_proxy,Market breadth derived proxy,derived_market_breadth,committed_provider02b_cross_section_proxy,,,,,,,,50,0.8000000000,0.1800000000,-0.0238927310,-0.0481035259,0.0069311949,market_breadth_proxy,baostock,2026-05-11,2026-05-11,passed_current_or_past_only,derived_from_committed_provider02b_and_regime01,research_only_not_recommendation_or_position_output
2026-05-11,market_dispersion_proxy,Market dispersion derived proxy,derived_market_dispersion,committed_provider02b_cross_section_proxy,,,,,,,,50,0.8000000000,0.1800000000,-0.0238927310,-0.0481035259,0.0069311949,industry_indices,baostock,2026-05-11,2026-05-11,passed_current_or_past_only,derived_from_committed_provider02b_and_regime01,research_only_not_recommendation_or_position_output
2026-05-11,market_liquidity_proxy,Market liquidity derived proxy,derived_market_liquidity,committed_provider02b_cross_section_proxy,,,,,,,2.4998540000,50,0.8000000000,0.1800000000,-0.0238927310,-0.0481035259,0.0069311949,market_turnover_proxy,baostock,2026-05-11,2026-05-11,passed_current_or_past_only,derived_from_committed_provider02b_and_regime01,research_only_not_recommendation_or_position_output
2026-05-12,market_breadth_proxy,Market breadth derived proxy,derived_market_breadth,committed_provider02b_cross_section_proxy,,,,,,,,50,0.2800000000,0.7000000000,-0.0192324991,-0.0295542695,0.0065874313,market_breadth_proxy,baostock,2026-05-12,2026-05-12,passed_current_or_past_only,derived_from_committed_provider02b_and_regime01,research_only_not_recommendation_or_position_output
2026-05-12,market_dispersion_proxy,Market dispersion derived proxy,derived_market_dispersion,committed_provider02b_cross_section_proxy,,,,,,,,50,0.2800000000,0.7000000000,-0.0192324991,-0.0295542695,0.0065874313,industry_indices,baostock,2026-05-12,2026-05-12,passed_current_or_past_only,derived_from_committed_provider02b_and_regime01,research_only_not_recommendation_or_position_output
2026-05-12,market_liquidity_proxy,Market liquidity derived proxy,derived_market_liquidity,committed_provider02b_cross_section_proxy,,,,,,,2.0793900000,50,0.2800000000,0.7000000000,-0.0192324991,-0.0295542695,0.0065874313,market_turnover_proxy,baostock,2026-05-12,2026-05-12,passed_current_or_past_only,derived_from_committed_provider02b_and_regime01,research_only_not_recommendation_or_position_output
2026-05-13,market_breadth_proxy,Market breadth derived proxy,derived_market_breadth,committed_provider02b_cross_section_proxy,,,,,,,,50,0.4200000000,0.5800000000,-0.0295381366,-0.0499662718,0.0079658733,market_breadth_proxy,baostock,2026-05-13,2026-05-13,passed_current_or_past_only,derived_from_committed_provider02b_and_regime01,research_only_not_recommendation_or_position_output
2026-05-13,market_dispersion_proxy,Market dispersion derived proxy,derived_market_dispersion,committed_provider02b_cross_section_proxy,,,,,,,,50,0.4200000000,0.5800000000,-0.0295381366,-0.0499662718,0.0079658733,industry_indices,baostock,2026-05-13,2026-05-13,passed_current_or_past_only,derived_from_committed_provider02b_and_regime01,research_only_not_recommendation_or_position_output
2026-05-13,market_liquidity_proxy,Market liquidity derived proxy,derived_market_liquidity,committed_provider02b_cross_section_proxy,,,,,,,2.0253260000,50,0.4200000000,0.5800000000,-0.0295381366,-0.0499662718,0.0079658733,market_turnover_proxy,baostock,2026-05-13,2026-05-13,passed_current_or_past_only,derived_from_committed_provider02b_and_regime01,research_only_not_recommendation_or_position_output
2026-05-14,market_breadth_proxy,Market breadth derived proxy,derived_market_breadth,committed_provider02b_cross_section_proxy,,,,,,,,50,0.1600000000,0.8400000000,-0.0267569238,-0.0391049146,0.0082405965,market_breadth_proxy,baostock,2026-05-14,2026-05-14,passed_current_or_past_only,derived_from_committed_provider02b_and_regime01,research_only_not_recommendation_or_position_output
2026-05-14,market_dispersion_proxy,Market dispersion derived proxy,derived_market_dispersion,committed_provider02b_cross_section_proxy,,,,,,,,50,0.1600000000,0.8400000000,-0.0267569238,-0.0391049146,0.0082405965,industry_indices,baostock,2026-05-14,2026-05-14,passed_current_or_past_only,derived_from_committed_provider02b_and_regime01,research_only_not_recommendation_or_position_output
2026-05-14,market_liquidity_proxy,Market liquidity derived proxy,derived_market_liquidity,committed_provider02b_cross_section_proxy,,,,,,,2.0238980000,50,0.1600000000,0.8400000000,-0.0267569238,-0.0391049146,0.0082405965,market_turnover_proxy,baostock,2026-05-14,2026-05-14,passed_current_or_past_only,derived_from_committed_provider02b_and_regime01,research_only_not_recommendation_or_position_output
2026-05-15,market_breadth_proxy,Market breadth derived proxy,derived_market_breadth,committed_provider02b_cross_section_proxy,,,,,,,,50,0.2000000000,0.7800000000,-0.0029831924,-0.0169298345,0.0083117538,market_breadth_proxy,baostock,2026-05-15,2026-05-15,passed_current_or_past_only,derived_from_committed_provider02b_and_regime01,research_only_not_recommendation_or_position_output
2026-05-15,market_dispersion_proxy,Market dispersion derived proxy,derived_market_dispersion,committed_provider02b_cross_section_proxy,,,,,,,,50,0.2000000000,0.7800000000,-0.0029831924,-0.0169298345,0.0083117538,industry_indices,baostock,2026-05-15,2026-05-15,passed_current_or_past_only,derived_from_committed_provider02b_and_regime01,research_only_not_recommendation_or_position_output
2026-05-15,market_liquidity_proxy,Market liquidity derived proxy,derived_market_liquidity,committed_provider02b_cross_section_proxy,,,,,,,1.9969760000,50,0.2000000000,0.7800000000,-0.0029831924,-0.0169298345,0.0083117538,market_turnover_proxy,baostock,2026-05-15,2026-05-15,passed_current_or_past_only,derived_from_committed_provider02b_and_regime01,research_only_not_recommendation_or_position_output
2026-05-18,market_breadth_proxy,Market breadth derived proxy,derived_market_breadth,committed_provider02b_cross_section_proxy,,,,,,,,50,0.2800000000,0.7200000000,0.0182214272,0.0120386086,0.0080539664,market_breadth_proxy,baostock,2026-05-18,2026-05-18,passed_current_or_past_only,derived_from_committed_provider02b_and_regime01,research_only_not_recommendation_or_position_output
2026-05-18,market_dispersion_proxy,Market dispersion derived proxy,derived_market_dispersion,committed_provider02b_cross_section_proxy,,,,,,,,50,0.2800000000,0.7200000000,0.0182214272,0.0120386086,0.0080539664,industry_indices,baostock,2026-05-18,2026-05-18,passed_current_or_past_only,derived_from_committed_provider02b_and_regime01,research_only_not_recommendation_or_position_output
2026-05-18,market_liquidity_proxy,Market liquidity derived proxy,derived_market_liquidity,committed_provider02b_cross_section_proxy,,,,,,,1.7337020000,50,0.2800000000,0.7200000000,0.0182214272,0.0120386086,0.0080539664,market_turnover_proxy,baostock,2026-05-18,2026-05-18,passed_current_or_past_only,derived_from_committed_provider02b_and_regime01,research_only_not_recommendation_or_position_output
2026-05-19,market_breadth_proxy,Market breadth derived proxy,derived_market_breadth,committed_provider02b_cross_section_proxy,,,,,,,,50,0.5200000000,0.4600000000,0.0195690059,0.0064598711,0.0080361495,market_breadth_proxy,baostock,2026-05-19,2026-05-19,passed_current_or_past_only,derived_from_committed_provider02b_and_regime01,research_only_not_recommendation_or_position_output
2026-05-19,market_dispersion_proxy,Market dispersion derived proxy,derived_market_dispersion,committed_provider02b_cross_section_proxy,,,,,,,,50,0.5200000000,0.4600000000,0.0195690059,0.0064598711,0.0080361495,industry_indices,baostock,2026-05-19,2026-05-19,passed_current_or_past_only,derived_from_committed_provider02b_and_regime01,research_only_not_recommendation_or_position_output
2026-05-19,market_liquidity_proxy,Market liquidity derived proxy,derived_market_liquidity,committed_provider02b_cross_section_proxy,,,,,,,1.6506640000,50,0.5200000000,0.4600000000,0.0195690059,0.0064598711,0.0080361495,market_turnover_proxy,baostock,2026-05-19,2026-05-19,passed_current_or_past_only,derived_from_committed_provider02b_and_regime01,research_only_not_recommendation_or_position_output
2026-05-20,market_breadth_proxy,Market breadth derived proxy,derived_market_breadth,committed_provider02b_cross_section_proxy,,,,,,,,50,0.3600000000,0.6200000000,0.0118480632,0.0166339085,0.0086055191,market_breadth_proxy,baostock,2026-05-20,2026-05-20,passed_current_or_past_only,derived_from_committed_provider02b_and_regime01,research_only_not_recommendation_or_position_output
2026-05-20,market_dispersion_proxy,Market dispersion derived proxy,derived_market_dispersion,committed_provider02b_cross_section_proxy,,,,,,,,50,0.3600000000,0.6200000000,0.0118480632,0.0166339085,0.0086055191,industry_indices,baostock,2026-05-20,2026-05-20,passed_current_or_past_only,derived_from_committed_provider02b_and_regime01,research_only_not_recommendation_or_position_output
2026-05-20,market_liquidity_proxy,Market liquidity derived proxy,derived_market_liquidity,committed_provider02b_cross_section_proxy,,,,,,,1.6510000000,50,0.3600000000,0.6200000000,0.0118480632,0.0166339085,0.0086055191,market_turnover_proxy,baostock,2026-05-20,2026-05-20,passed_current_or_past_only,derived_from_committed_provider02b_and_regime01,research_only_not_recommendation_or_position_output
2026-05-21,market_breadth_proxy,Market breadth derived proxy,derived_market_breadth,committed_provider02b_cross_section_proxy,,,,,,,,50,0.2600000000,0.6600000000,0.0274122987,0.0331377307,0.0090328354,market_breadth_proxy,baostock,2026-05-21,2026-05-21,passed_current_or_past_only,derived_from_committed_provider02b_and_regime01,research_only_not_recommendation_or_position_output
2026-05-21,market_dispersion_proxy,Market dispersion derived proxy,derived_market_dispersion,committed_provider02b_cross_section_proxy,,,,,,,,50,0.2600000000,0.6600000000,0.0274122987,0.0331377307,0.0090328354,industry_indices,baostock,2026-05-21,2026-05-21,passed_current_or_past_only,derived_from_committed_provider02b_and_regime01,research_only_not_recommendation_or_position_output
2026-05-21,market_liquidity_proxy,Market liquidity derived proxy,derived_market_liquidity,committed_provider02b_cross_section_proxy,,,,,,,2.4550380000,50,0.2600000000,0.6600000000,0.0274122987,0.0331377307,0.0090328354,market_turnover_proxy,baostock,2026-05-21,2026-05-21,passed_current_or_past_only,derived_from_committed_provider02b_and_regime01,research_only_not_recommendation_or_position_output
